solid mug.r
  facet normal 0.098573 -0.089203 0.991124
    outer loop
      vertex 0.229610 2.709418 0.596012
      vertex 0.000000 2.500000 0.600000
      vertex 0.229610 2.500000 0.577164
    endloop
  endfacet
  facet normal 0.098573 -0.089203 0.991124
    outer loop
      vertex 0.229610 2.709418 0.596012
      vertex 0.000000 2.705340 0.618481
      vertex 0.000000 2.500000 0.600000
    endloop
  endfacet
  facet normal 0.257223 -0.086623 0.962462
    outer loop
      vertex 0.333342 2.714368 0.568734
      vertex 0.229610 2.500000 0.577164
      vertex 0.333342 2.500000 0.549441
    endloop
  endfacet
  facet normal 0.257223 -0.086623 0.962462
    outer loop
      vertex 0.333342 2.714368 0.568734
      vertex 0.229610 2.709418 0.596012
      vertex 0.229610 2.500000 0.577164
    endloop
  endfacet
  facet normal 0.378313 -0.082977 0.921951
    outer loop
      vertex 0.424264 2.721030 0.532025
      vertex 0.333342 2.500000 0.549441
      vertex 0.424264 2.500000 0.512132
    endloop
  endfacet
  facet normal 0.378313 -0.082977 0.921951
    outer loop
      vertex 0.424264 2.721030 0.532025
      vertex 0.333342 2.714368 0.568734
      vertex 0.333342 2.500000 0.549441
    endloop
  endfacet
  facet normal 0.518763 -0.076634 0.851476
    outer loop
      vertex 0.498882 2.729147 0.487295
      vertex 0.424264 2.500000 0.512132
      vertex 0.498882 2.500000 0.466671
    endloop
  endfacet
  facet normal 0.518763 -0.076634 0.851476
    outer loop
      vertex 0.498882 2.729147 0.487295
      vertex 0.424264 2.721030 0.532025
      vertex 0.424264 2.500000 0.512132
    endloop
  endfacet
  facet normal 0.681667 -0.065586 0.728717
    outer loop
      vertex 0.554328 2.738408 0.436262
      vertex 0.498882 2.500000 0.466671
      vertex 0.554328 2.500000 0.414805
    endloop
  endfacet
  facet normal 0.681667 -0.065586 0.728717
    outer loop
      vertex 0.554328 2.738408 0.436262
      vertex 0.498882 2.729147 0.487295
      vertex 0.498882 2.500000 0.466671
    endloop
  endfacet
  facet normal 0.854028 -0.046633 0.518133
    outer loop
      vertex 0.588471 2.748457 0.380889
      vertex 0.554328 2.500000 0.414805
      vertex 0.588471 2.500000 0.358527
    endloop
  endfacet
  facet normal 0.854028 -0.046633 0.518133
    outer loop
      vertex 0.588471 2.748457 0.380889
      vertex 0.554328 2.738408 0.436262
      vertex 0.554328 2.500000 0.414805
    endloop
  endfacet
  facet normal 0.980997 -0.017392 0.193240
    outer loop
      vertex 0.600000 2.758907 0.323302
      vertex 0.588471 2.500000 0.358527
      vertex 0.600000 2.500000 0.300000
    endloop
  endfacet
  facet normal 0.980997 -0.017392 0.193240
    outer loop
      vertex 0.600000 2.758907 0.323302
      vertex 0.588471 2.748457 0.380889
      vertex 0.588471 2.500000 0.358527
    endloop
  endfacet
  facet normal 0.980997 0.017392 -0.193240
    outer loop
      vertex 0.588471 2.769358 0.265716
      vertex 0.600000 2.500000 0.300000
      vertex 0.588471 2.500000 0.241473
    endloop
  endfacet
  facet normal 0.980997 0.017392 -0.193240
    outer loop
      vertex 0.588471 2.769358 0.265716
      vertex 0.600000 2.758907 0.323302
      vertex 0.600000 2.500000 0.300000
    endloop
  endfacet
  facet normal 0.854028 0.046633 -0.518133
    outer loop
      vertex 0.554328 2.779407 0.210342
      vertex 0.588471 2.500000 0.241473
      vertex 0.554328 2.500000 0.185195
    endloop
  endfacet
  facet normal 0.854028 0.046633 -0.518133
    outer loop
      vertex 0.554328 2.779407 0.210342
      vertex 0.588471 2.769358 0.265716
      vertex 0.588471 2.500000 0.241473
    endloop
  endfacet
  facet normal 0.681667 0.065586 -0.728717
    outer loop
      vertex 0.498882 2.788668 0.159309
      vertex 0.554328 2.500000 0.185195
      vertex 0.498882 2.500000 0.133329
    endloop
  endfacet
  facet normal 0.681667 0.065586 -0.728717
    outer loop
      vertex 0.498882 2.788668 0.159309
      vertex 0.554328 2.779407 0.210342
      vertex 0.554328 2.500000 0.185195
    endloop
  endfacet
  facet normal 0.518763 0.076634 -0.851476
    outer loop
      vertex 0.424264 2.796785 0.114579
      vertex 0.498882 2.500000 0.133329
      vertex 0.424264 2.500000 0.087868
    endloop
  endfacet
  facet normal 0.518763 0.076634 -0.851476
    outer loop
      vertex 0.424264 2.796785 0.114579
      vertex 0.498882 2.788668 0.159309
      vertex 0.498882 2.500000 0.133329
    endloop
  endfacet
  facet normal 0.378313 0.082977 -0.921951
    outer loop
      vertex 0.333342 2.803447 0.077870
      vertex 0.424264 2.500000 0.087868
      vertex 0.333342 2.500000 0.050559
    endloop
  endfacet
  facet normal 0.378313 0.082977 -0.921951
    outer loop
      vertex 0.333342 2.803447 0.077870
      vertex 0.424264 2.796785 0.114579
      vertex 0.424264 2.500000 0.087868
    endloop
  endfacet
  facet normal 0.257223 0.086623 -0.962462
    outer loop
      vertex 0.229610 2.808397 0.050592
      vertex 0.333342 2.500000 0.050559
      vertex 0.229610 2.500000 0.022836
    endloop
  endfacet
  facet normal 0.257223 0.086623 -0.962462
    outer loop
      vertex 0.229610 2.808397 0.050592
      vertex 0.333342 2.803447 0.077870
      vertex 0.333342 2.500000 0.050559
    endloop
  endfacet
  facet normal 0.098573 0.089203 -0.991124
    outer loop
      vertex 0.000000 2.812475 0.028123
      vertex 0.229610 2.500000 0.022836
      vertex 0.000000 2.500000 0.000000
    endloop
  endfacet
  facet normal 0.098573 0.089203 -0.991124
    outer loop
      vertex 0.000000 2.812475 0.028123
      vertex 0.229610 2.808397 0.050592
      vertex 0.229610 2.500000 0.022836
    endloop
  endfacet
  facet normal -0.098573 0.089203 -0.991124
    outer loop
      vertex 0.000000 2.812475 0.028123
      vertex -0.229610 2.500000 0.022836
      vertex -0.229610 2.808397 0.050592
    endloop
  endfacet
  facet normal -0.098573 0.089203 -0.991124
    outer loop
      vertex 0.000000 2.812475 0.028123
      vertex 0.000000 2.500000 0.000000
      vertex -0.229610 2.500000 0.022836
    endloop
  endfacet
  facet normal -0.257223 0.086623 -0.962462
    outer loop
      vertex -0.229610 2.808397 0.050592
      vertex -0.333342 2.500000 0.050559
      vertex -0.333342 2.803447 0.077870
    endloop
  endfacet
  facet normal -0.257223 0.086623 -0.962462
    outer loop
      vertex -0.229610 2.808397 0.050592
      vertex -0.229610 2.500000 0.022836
      vertex -0.333342 2.500000 0.050559
    endloop
  endfacet
  facet normal -0.378313 0.082977 -0.921951
    outer loop
      vertex -0.333342 2.803447 0.077870
      vertex -0.424264 2.500000 0.087868
      vertex -0.424264 2.796785 0.114579
    endloop
  endfacet
  facet normal -0.378313 0.082977 -0.921951
    outer loop
      vertex -0.333342 2.803447 0.077870
      vertex -0.333342 2.500000 0.050559
      vertex -0.424264 2.500000 0.087868
    endloop
  endfacet
  facet normal -0.518763 0.076634 -0.851476
    outer loop
      vertex -0.424264 2.796785 0.114579
      vertex -0.498882 2.500000 0.133329
      vertex -0.498882 2.788668 0.159309
    endloop
  endfacet
  facet normal -0.518763 0.076634 -0.851476
    outer loop
      vertex -0.424264 2.796785 0.114579
      vertex -0.424264 2.500000 0.087868
      vertex -0.498882 2.500000 0.133329
    endloop
  endfacet
  facet normal -0.681667 0.065586 -0.728717
    outer loop
      vertex -0.498882 2.788668 0.159309
      vertex -0.554328 2.500000 0.185195
      vertex -0.554328 2.779407 0.210342
    endloop
  endfacet
  facet normal -0.681667 0.065586 -0.728717
    outer loop
      vertex -0.498882 2.788668 0.159309
      vertex -0.498882 2.500000 0.133329
      vertex -0.554328 2.500000 0.185195
    endloop
  endfacet
  facet normal -0.854028 0.046633 -0.518133
    outer loop
      vertex -0.554328 2.779407 0.210342
      vertex -0.588471 2.500000 0.241473
      vertex -0.588471 2.769358 0.265716
    endloop
  endfacet
  facet normal -0.854028 0.046633 -0.518133
    outer loop
      vertex -0.554328 2.779407 0.210342
      vertex -0.554328 2.500000 0.185195
      vertex -0.588471 2.500000 0.241473
    endloop
  endfacet
  facet normal -0.980997 0.017392 -0.193240
    outer loop
      vertex -0.588471 2.769358 0.265716
      vertex -0.600000 2.500000 0.300000
      vertex -0.600000 2.758907 0.323302
    endloop
  endfacet
  facet normal -0.980997 0.017392 -0.193240
    outer loop
      vertex -0.588471 2.769358 0.265716
      vertex -0.588471 2.500000 0.241473
      vertex -0.600000 2.500000 0.300000
    endloop
  endfacet
  facet normal -0.980997 -0.017392 0.193240
    outer loop
      vertex -0.600000 2.758907 0.323302
      vertex -0.588471 2.500000 0.358527
      vertex -0.588471 2.748457 0.380889
    endloop
  endfacet
  facet normal -0.980997 -0.017392 0.193240
    outer loop
      vertex -0.600000 2.758907 0.323302
      vertex -0.600000 2.500000 0.300000
      vertex -0.588471 2.500000 0.358527
    endloop
  endfacet
  facet normal -0.854028 -0.046633 0.518133
    outer loop
      vertex -0.588471 2.748457 0.380889
      vertex -0.554328 2.500000 0.414805
      vertex -0.554328 2.738408 0.436262
    endloop
  endfacet
  facet normal -0.854028 -0.046633 0.518133
    outer loop
      vertex -0.588471 2.748457 0.380889
      vertex -0.588471 2.500000 0.358527
      vertex -0.554328 2.500000 0.414805
    endloop
  endfacet
  facet normal -0.681667 -0.065586 0.728717
    outer loop
      vertex -0.554328 2.738408 0.436262
      vertex -0.498882 2.500000 0.466671
      vertex -0.498882 2.729147 0.487295
    endloop
  endfacet
  facet normal -0.681667 -0.065586 0.728717
    outer loop
      vertex -0.554328 2.738408 0.436262
      vertex -0.554328 2.500000 0.414805
      vertex -0.498882 2.500000 0.466671
    endloop
  endfacet
  facet normal -0.518763 -0.076634 0.851476
    outer loop
      vertex -0.498882 2.729147 0.487295
      vertex -0.424264 2.500000 0.512132
      vertex -0.424264 2.721030 0.532025
    endloop
  endfacet
  facet normal -0.518763 -0.076634 0.851476
    outer loop
      vertex -0.498882 2.729147 0.487295
      vertex -0.498882 2.500000 0.466671
      vertex -0.424264 2.500000 0.512132
    endloop
  endfacet
  facet normal -0.378313 -0.082977 0.921951
    outer loop
      vertex -0.424264 2.721030 0.532025
      vertex -0.333342 2.500000 0.549441
      vertex -0.333342 2.714368 0.568734
    endloop
  endfacet
  facet normal -0.378313 -0.082977 0.921951
    outer loop
      vertex -0.424264 2.721030 0.532025
      vertex -0.424264 2.500000 0.512132
      vertex -0.333342 2.500000 0.549441
    endloop
  endfacet
  facet normal -0.257223 -0.086623 0.962462
    outer loop
      vertex -0.333342 2.714368 0.568734
      vertex -0.229610 2.500000 0.577164
      vertex -0.229610 2.709418 0.596012
    endloop
  endfacet
  facet normal -0.257223 -0.086623 0.962462
    outer loop
      vertex -0.333342 2.714368 0.568734
      vertex -0.333342 2.500000 0.549441
      vertex -0.229610 2.500000 0.577164
    endloop
  endfacet
  facet normal -0.098573 -0.089203 0.991124
    outer loop
      vertex -0.229610 2.709418 0.596012
      vertex 0.000000 2.500000 0.600000
      vertex 0.000000 2.705340 0.618481
    endloop
  endfacet
  facet normal -0.098573 -0.089203 0.991124
    outer loop
      vertex -0.229610 2.709418 0.596012
      vertex -0.229610 2.500000 0.577164
      vertex 0.000000 2.500000 0.600000
    endloop
  endfacet
  facet normal 0.098573 -0.264741 0.959268
    outer loop
      vertex 0.229610 2.912105 0.651950
      vertex 0.000000 2.705340 0.618481
      vertex 0.229610 2.709418 0.596012
    endloop
  endfacet
  facet normal 0.098573 -0.264741 0.959268
    outer loop
      vertex 0.229610 2.912105 0.651950
      vertex 0.000000 2.904081 0.673330
      vertex 0.000000 2.705340 0.618481
    endloop
  endfacet
  facet normal 0.257223 -0.257085 0.931527
    outer loop
      vertex 0.333342 2.921846 0.625995
      vertex 0.229610 2.709418 0.596012
      vertex 0.333342 2.714368 0.568734
    endloop
  endfacet
  facet normal 0.257223 -0.257085 0.931527
    outer loop
      vertex 0.333342 2.921846 0.625995
      vertex 0.229610 2.912105 0.651950
      vertex 0.229610 2.709418 0.596012
    endloop
  endfacet
  facet normal 0.378313 -0.246264 0.892319
    outer loop
      vertex 0.424264 2.934956 0.591065
      vertex 0.333342 2.714368 0.568734
      vertex 0.424264 2.721030 0.532025
    endloop
  endfacet
  facet normal 0.378313 -0.246264 0.892319
    outer loop
      vertex 0.424264 2.934956 0.591065
      vertex 0.333342 2.921846 0.625995
      vertex 0.333342 2.714368 0.568734
    endloop
  endfacet
  facet normal 0.518763 -0.227440 0.824109
    outer loop
      vertex 0.498882 2.950929 0.548503
      vertex 0.424264 2.721030 0.532025
      vertex 0.498882 2.729147 0.487295
    endloop
  endfacet
  facet normal 0.518763 -0.227440 0.824109
    outer loop
      vertex 0.498882 2.950929 0.548503
      vertex 0.424264 2.934956 0.591065
      vertex 0.424264 2.721030 0.532025
    endloop
  endfacet
  facet normal 0.681667 -0.194649 0.705296
    outer loop
      vertex 0.554328 2.969154 0.499944
      vertex 0.498882 2.729147 0.487295
      vertex 0.554328 2.738408 0.436262
    endloop
  endfacet
  facet normal 0.681667 -0.194649 0.705296
    outer loop
      vertex 0.554328 2.969154 0.499944
      vertex 0.498882 2.950929 0.548503
      vertex 0.498882 2.729147 0.487295
    endloop
  endfacet
  facet normal 0.854028 -0.138400 0.501480
    outer loop
      vertex 0.588471 2.988929 0.447255
      vertex 0.554328 2.738408 0.436262
      vertex 0.588471 2.748457 0.380889
    endloop
  endfacet
  facet normal 0.854028 -0.138400 0.501480
    outer loop
      vertex 0.588471 2.988929 0.447255
      vertex 0.554328 2.969154 0.499944
      vertex 0.554328 2.738408 0.436262
    endloop
  endfacet
  facet normal 0.980997 -0.051617 0.187029
    outer loop
      vertex 0.600000 3.009493 0.392459
      vertex 0.588471 2.748457 0.380889
      vertex 0.600000 2.758907 0.323302
    endloop
  endfacet
  facet normal 0.980997 -0.051617 0.187029
    outer loop
      vertex 0.600000 3.009493 0.392459
      vertex 0.588471 2.988929 0.447255
      vertex 0.588471 2.748457 0.380889
    endloop
  endfacet
  facet normal 0.980997 0.051617 -0.187029
    outer loop
      vertex 0.588471 3.030058 0.337664
      vertex 0.600000 2.758907 0.323302
      vertex 0.588471 2.769358 0.265716
    endloop
  endfacet
  facet normal 0.980997 0.051617 -0.187029
    outer loop
      vertex 0.588471 3.030058 0.337664
      vertex 0.600000 3.009493 0.392459
      vertex 0.600000 2.758907 0.323302
    endloop
  endfacet
  facet normal 0.854028 0.138400 -0.501480
    outer loop
      vertex 0.554328 3.049833 0.284975
      vertex 0.588471 2.769358 0.265716
      vertex 0.554328 2.779407 0.210342
    endloop
  endfacet
  facet normal 0.854028 0.138400 -0.501480
    outer loop
      vertex 0.554328 3.049833 0.284975
      vertex 0.588471 3.030058 0.337664
      vertex 0.588471 2.769358 0.265716
    endloop
  endfacet
  facet normal 0.681667 0.194649 -0.705296
    outer loop
      vertex 0.498882 3.068058 0.236416
      vertex 0.554328 2.779407 0.210342
      vertex 0.498882 2.788668 0.159309
    endloop
  endfacet
  facet normal 0.681667 0.194649 -0.705296
    outer loop
      vertex 0.498882 3.068058 0.236416
      vertex 0.554328 3.049833 0.284975
      vertex 0.554328 2.779407 0.210342
    endloop
  endfacet
  facet normal 0.518763 0.227440 -0.824109
    outer loop
      vertex 0.424264 3.084031 0.193854
      vertex 0.498882 2.788668 0.159309
      vertex 0.424264 2.796785 0.114579
    endloop
  endfacet
  facet normal 0.518763 0.227440 -0.824109
    outer loop
      vertex 0.424264 3.084031 0.193854
      vertex 0.498882 3.068058 0.236416
      vertex 0.498882 2.788668 0.159309
    endloop
  endfacet
  facet normal 0.378313 0.246264 -0.892319
    outer loop
      vertex 0.333342 3.097141 0.158924
      vertex 0.424264 2.796785 0.114579
      vertex 0.333342 2.803447 0.077870
    endloop
  endfacet
  facet normal 0.378313 0.246264 -0.892319
    outer loop
      vertex 0.333342 3.097141 0.158924
      vertex 0.424264 3.084031 0.193854
      vertex 0.424264 2.796785 0.114579
    endloop
  endfacet
  facet normal 0.257223 0.257085 -0.931527
    outer loop
      vertex 0.333342 2.803447 0.077870
      vertex 0.229610 2.808397 0.050592
      vertex 0.333342 3.097141 0.158924
    endloop
  endfacet
  facet normal 0.257223 0.257085 -0.931527
    outer loop
      vertex 0.229610 2.808397 0.050592
      vertex 0.229610 3.106882 0.132969
      vertex 0.333342 3.097141 0.158924
    endloop
  endfacet
  facet normal 0.098573 0.264741 -0.959268
    outer loop
      vertex 0.229610 2.808397 0.050592
      vertex 0.000000 2.812475 0.028123
      vertex 0.229610 3.106882 0.132969
    endloop
  endfacet
  facet normal 0.098573 0.264741 -0.959268
    outer loop
      vertex 0.000000 2.812475 0.028123
      vertex 0.000000 3.114906 0.111589
      vertex 0.229610 3.106882 0.132969
    endloop
  endfacet
  facet normal -0.098573 0.264741 -0.959268
    outer loop
      vertex 0.000000 2.812475 0.028123
      vertex -0.229610 3.106882 0.132969
      vertex 0.000000 3.114906 0.111589
    endloop
  endfacet
  facet normal -0.098573 0.264741 -0.959268
    outer loop
      vertex 0.000000 2.812475 0.028123
      vertex -0.229610 2.808397 0.050592
      vertex -0.229610 3.106882 0.132969
    endloop
  endfacet
  facet normal -0.257223 0.257085 -0.931527
    outer loop
      vertex -0.229610 2.808397 0.050592
      vertex -0.333342 3.097141 0.158924
      vertex -0.229610 3.106882 0.132969
    endloop
  endfacet
  facet normal -0.257223 0.257085 -0.931527
    outer loop
      vertex -0.229610 2.808397 0.050592
      vertex -0.333342 2.803447 0.077870
      vertex -0.333342 3.097141 0.158924
    endloop
  endfacet
  facet normal -0.378313 0.246264 -0.892319
    outer loop
      vertex -0.333342 3.097141 0.158924
      vertex -0.424264 2.796785 0.114579
      vertex -0.424264 3.084031 0.193854
    endloop
  endfacet
  facet normal -0.378313 0.246264 -0.892319
    outer loop
      vertex -0.333342 3.097141 0.158924
      vertex -0.333342 2.803447 0.077870
      vertex -0.424264 2.796785 0.114579
    endloop
  endfacet
  facet normal -0.518763 0.227440 -0.824109
    outer loop
      vertex -0.424264 3.084031 0.193854
      vertex -0.498882 2.788668 0.159309
      vertex -0.498882 3.068058 0.236416
    endloop
  endfacet
  facet normal -0.518763 0.227440 -0.824109
    outer loop
      vertex -0.424264 3.084031 0.193854
      vertex -0.424264 2.796785 0.114579
      vertex -0.498882 2.788668 0.159309
    endloop
  endfacet
  facet normal -0.681667 0.194649 -0.705296
    outer loop
      vertex -0.498882 3.068058 0.236416
      vertex -0.554328 2.779407 0.210342
      vertex -0.554328 3.049833 0.284975
    endloop
  endfacet
  facet normal -0.681667 0.194649 -0.705296
    outer loop
      vertex -0.498882 3.068058 0.236416
      vertex -0.498882 2.788668 0.159309
      vertex -0.554328 2.779407 0.210342
    endloop
  endfacet
  facet normal -0.854028 0.138400 -0.501480
    outer loop
      vertex -0.554328 3.049833 0.284975
      vertex -0.588471 2.769358 0.265716
      vertex -0.588471 3.030058 0.337664
    endloop
  endfacet
  facet normal -0.854028 0.138400 -0.501480
    outer loop
      vertex -0.554328 3.049833 0.284975
      vertex -0.554328 2.779407 0.210342
      vertex -0.588471 2.769358 0.265716
    endloop
  endfacet
  facet normal -0.980997 0.051617 -0.187029
    outer loop
      vertex -0.588471 3.030058 0.337664
      vertex -0.600000 2.758907 0.323302
      vertex -0.600000 3.009493 0.392459
    endloop
  endfacet
  facet normal -0.980997 0.051617 -0.187029
    outer loop
      vertex -0.588471 3.030058 0.337664
      vertex -0.588471 2.769358 0.265716
      vertex -0.600000 2.758907 0.323302
    endloop
  endfacet
  facet normal -0.980997 -0.051617 0.187029
    outer loop
      vertex -0.600000 3.009493 0.392459
      vertex -0.588471 2.748457 0.380889
      vertex -0.588471 2.988929 0.447255
    endloop
  endfacet
  facet normal -0.980997 -0.051617 0.187029
    outer loop
      vertex -0.600000 3.009493 0.392459
      vertex -0.600000 2.758907 0.323302
      vertex -0.588471 2.748457 0.380889
    endloop
  endfacet
  facet normal -0.854028 -0.138400 0.501480
    outer loop
      vertex -0.588471 2.988929 0.447255
      vertex -0.554328 2.738408 0.436262
      vertex -0.554328 2.969154 0.499944
    endloop
  endfacet
  facet normal -0.854028 -0.138400 0.501480
    outer loop
      vertex -0.588471 2.988929 0.447255
      vertex -0.588471 2.748457 0.380889
      vertex -0.554328 2.738408 0.436262
    endloop
  endfacet
  facet normal -0.681667 -0.194649 0.705296
    outer loop
      vertex -0.554328 2.969154 0.499944
      vertex -0.498882 2.729147 0.487295
      vertex -0.498882 2.950929 0.548503
    endloop
  endfacet
  facet normal -0.681667 -0.194649 0.705296
    outer loop
      vertex -0.554328 2.969154 0.499944
      vertex -0.554328 2.738408 0.436262
      vertex -0.498882 2.729147 0.487295
    endloop
  endfacet
  facet normal -0.518763 -0.227440 0.824109
    outer loop
      vertex -0.498882 2.950929 0.548503
      vertex -0.424264 2.721030 0.532025
      vertex -0.424264 2.934956 0.591065
    endloop
  endfacet
  facet normal -0.518763 -0.227440 0.824109
    outer loop
      vertex -0.498882 2.950929 0.548503
      vertex -0.498882 2.729147 0.487295
      vertex -0.424264 2.721030 0.532025
    endloop
  endfacet
  facet normal -0.378313 -0.246264 0.892319
    outer loop
      vertex -0.424264 2.934956 0.591065
      vertex -0.333342 2.714368 0.568734
      vertex -0.333342 2.921846 0.625995
    endloop
  endfacet
  facet normal -0.378313 -0.246264 0.892319
    outer loop
      vertex -0.424264 2.934956 0.591065
      vertex -0.424264 2.721030 0.532025
      vertex -0.333342 2.714368 0.568734
    endloop
  endfacet
  facet normal -0.257223 -0.257085 0.931527
    outer loop
      vertex -0.333342 2.921846 0.625995
      vertex -0.229610 2.709418 0.596012
      vertex -0.229610 2.912105 0.651950
    endloop
  endfacet
  facet normal -0.257223 -0.257085 0.931527
    outer loop
      vertex -0.333342 2.921846 0.625995
      vertex -0.333342 2.714368 0.568734
      vertex -0.229610 2.709418 0.596012
    endloop
  endfacet
  facet normal -0.098573 -0.264741 0.959268
    outer loop
      vertex -0.229610 2.912105 0.651950
      vertex 0.000000 2.705340 0.618481
      vertex 0.000000 2.904081 0.673330
    endloop
  endfacet
  facet normal -0.098573 -0.264741 0.959268
    outer loop
      vertex -0.229610 2.912105 0.651950
      vertex -0.229610 2.709418 0.596012
      vertex 0.000000 2.705340 0.618481
    endloop
  endfacet
  facet normal 0.098573 -0.431771 0.896581
    outer loop
      vertex 0.229610 3.101547 0.743180
      vertex 0.000000 2.904081 0.673330
      vertex 0.229610 2.912105 0.651950
    endloop
  endfacet
  facet normal 0.098573 -0.431771 0.896581
    outer loop
      vertex 0.229610 3.101547 0.743180
      vertex 0.000000 3.089834 0.762784
      vertex 0.000000 2.904081 0.673330
    endloop
  endfacet
  facet normal 0.257223 -0.419284 0.870653
    outer loop
      vertex 0.333342 3.115766 0.719381
      vertex 0.229610 2.912105 0.651950
      vertex 0.333342 2.921846 0.625995
    endloop
  endfacet
  facet normal 0.257223 -0.419284 0.870653
    outer loop
      vertex 0.333342 3.115766 0.719381
      vertex 0.229610 3.101547 0.743180
      vertex 0.229610 2.912105 0.651950
    endloop
  endfacet
  facet normal 0.378313 -0.401637 0.834007
    outer loop
      vertex 0.424264 3.134902 0.687354
      vertex 0.333342 2.921846 0.625995
      vertex 0.424264 2.934956 0.591065
    endloop
  endfacet
  facet normal 0.378313 -0.401637 0.834007
    outer loop
      vertex 0.424264 3.134902 0.687354
      vertex 0.333342 3.115766 0.719381
      vertex 0.333342 2.921846 0.625995
    endloop
  endfacet
  facet normal 0.518763 -0.370935 0.770254
    outer loop
      vertex 0.498882 3.158218 0.648328
      vertex 0.424264 2.934956 0.591065
      vertex 0.498882 2.950929 0.548503
    endloop
  endfacet
  facet normal 0.518763 -0.370935 0.770254
    outer loop
      vertex 0.498882 3.158218 0.648328
      vertex 0.424264 3.134902 0.687354
      vertex 0.424264 2.934956 0.591065
    endloop
  endfacet
  facet normal 0.681667 -0.317457 0.659205
    outer loop
      vertex 0.554328 3.184821 0.603803
      vertex 0.498882 2.950929 0.548503
      vertex 0.554328 2.969154 0.499944
    endloop
  endfacet
  facet normal 0.681667 -0.317457 0.659205
    outer loop
      vertex 0.554328 3.184821 0.603803
      vertex 0.498882 3.158218 0.648328
      vertex 0.498882 2.950929 0.548503
    endloop
  endfacet
  facet normal 0.854028 -0.225718 0.468709
    outer loop
      vertex 0.588471 3.213685 0.555492
      vertex 0.554328 2.969154 0.499944
      vertex 0.588471 2.988929 0.447255
    endloop
  endfacet
  facet normal 0.854028 -0.225718 0.468709
    outer loop
      vertex 0.588471 3.213685 0.555492
      vertex 0.554328 3.184821 0.603803
      vertex 0.554328 2.969154 0.499944
    endloop
  endfacet
  facet normal 0.980997 -0.084182 0.174807
    outer loop
      vertex 0.600000 3.243704 0.505249
      vertex 0.588471 2.988929 0.447255
      vertex 0.600000 3.009493 0.392459
    endloop
  endfacet
  facet normal 0.980997 -0.084182 0.174807
    outer loop
      vertex 0.600000 3.243704 0.505249
      vertex 0.588471 3.213685 0.555492
      vertex 0.588471 2.988929 0.447255
    endloop
  endfacet
  facet normal 0.980997 0.084182 -0.174807
    outer loop
      vertex 0.588471 3.273722 0.455007
      vertex 0.600000 3.009493 0.392459
      vertex 0.588471 3.030058 0.337664
    endloop
  endfacet
  facet normal 0.980997 0.084182 -0.174807
    outer loop
      vertex 0.588471 3.273722 0.455007
      vertex 0.600000 3.243704 0.505249
      vertex 0.600000 3.009493 0.392459
    endloop
  endfacet
  facet normal 0.854028 0.225718 -0.468709
    outer loop
      vertex 0.554328 3.302587 0.406695
      vertex 0.588471 3.030058 0.337664
      vertex 0.554328 3.049833 0.284975
    endloop
  endfacet
  facet normal 0.854028 0.225718 -0.468709
    outer loop
      vertex 0.554328 3.302587 0.406695
      vertex 0.588471 3.273722 0.455007
      vertex 0.588471 3.030058 0.337664
    endloop
  endfacet
  facet normal 0.681667 0.317457 -0.659205
    outer loop
      vertex 0.498882 3.329189 0.362171
      vertex 0.554328 3.049833 0.284975
      vertex 0.498882 3.068058 0.236416
    endloop
  endfacet
  facet normal 0.681667 0.317457 -0.659205
    outer loop
      vertex 0.498882 3.329189 0.362171
      vertex 0.554328 3.302587 0.406695
      vertex 0.554328 3.049833 0.284975
    endloop
  endfacet
  facet normal 0.518763 0.370935 -0.770254
    outer loop
      vertex 0.424264 3.352506 0.323145
      vertex 0.498882 3.068058 0.236416
      vertex 0.424264 3.084031 0.193854
    endloop
  endfacet
  facet normal 0.518763 0.370935 -0.770254
    outer loop
      vertex 0.424264 3.352506 0.323145
      vertex 0.498882 3.329189 0.362171
      vertex 0.498882 3.068058 0.236416
    endloop
  endfacet
  facet normal 0.378313 0.401637 -0.834007
    outer loop
      vertex 0.424264 3.084031 0.193854
      vertex 0.333342 3.097141 0.158924
      vertex 0.424264 3.352506 0.323145
    endloop
  endfacet
  facet normal 0.378313 0.401637 -0.834007
    outer loop
      vertex 0.333342 3.097141 0.158924
      vertex 0.333342 3.371642 0.291117
      vertex 0.424264 3.352506 0.323145
    endloop
  endfacet
  facet normal 0.257223 0.419284 -0.870653
    outer loop
      vertex 0.333342 3.097141 0.158924
      vertex 0.229610 3.106882 0.132969
      vertex 0.333342 3.371642 0.291117
    endloop
  endfacet
  facet normal 0.257223 0.419284 -0.870653
    outer loop
      vertex 0.229610 3.106882 0.132969
      vertex 0.229610 3.385861 0.267318
      vertex 0.333342 3.371642 0.291117
    endloop
  endfacet
  facet normal 0.098573 0.431771 -0.896581
    outer loop
      vertex 0.229610 3.106882 0.132969
      vertex 0.000000 3.114906 0.111589
      vertex 0.229610 3.385861 0.267318
    endloop
  endfacet
  facet normal 0.098573 0.431771 -0.896581
    outer loop
      vertex 0.000000 3.114906 0.111589
      vertex 0.000000 3.397574 0.247715
      vertex 0.229610 3.385861 0.267318
    endloop
  endfacet
  facet normal -0.098573 0.431771 -0.896581
    outer loop
      vertex 0.000000 3.114906 0.111589
      vertex -0.229610 3.385861 0.267318
      vertex 0.000000 3.397574 0.247715
    endloop
  endfacet
  facet normal -0.098573 0.431771 -0.896581
    outer loop
      vertex 0.000000 3.114906 0.111589
      vertex -0.229610 3.106882 0.132969
      vertex -0.229610 3.385861 0.267318
    endloop
  endfacet
  facet normal -0.257223 0.419284 -0.870653
    outer loop
      vertex -0.229610 3.106882 0.132969
      vertex -0.333342 3.371642 0.291117
      vertex -0.229610 3.385861 0.267318
    endloop
  endfacet
  facet normal -0.257223 0.419284 -0.870653
    outer loop
      vertex -0.229610 3.106882 0.132969
      vertex -0.333342 3.097141 0.158924
      vertex -0.333342 3.371642 0.291117
    endloop
  endfacet
  facet normal -0.378313 0.401637 -0.834007
    outer loop
      vertex -0.333342 3.097141 0.158924
      vertex -0.424264 3.352506 0.323145
      vertex -0.333342 3.371642 0.291117
    endloop
  endfacet
  facet normal -0.378313 0.401637 -0.834007
    outer loop
      vertex -0.333342 3.097141 0.158924
      vertex -0.424264 3.084031 0.193854
      vertex -0.424264 3.352506 0.323145
    endloop
  endfacet
  facet normal -0.518763 0.370935 -0.770254
    outer loop
      vertex -0.424264 3.352506 0.323145
      vertex -0.498882 3.068058 0.236416
      vertex -0.498882 3.329189 0.362171
    endloop
  endfacet
  facet normal -0.518763 0.370935 -0.770254
    outer loop
      vertex -0.424264 3.352506 0.323145
      vertex -0.424264 3.084031 0.193854
      vertex -0.498882 3.068058 0.236416
    endloop
  endfacet
  facet normal -0.681667 0.317457 -0.659205
    outer loop
      vertex -0.498882 3.329189 0.362171
      vertex -0.554328 3.049833 0.284975
      vertex -0.554328 3.302587 0.406695
    endloop
  endfacet
  facet normal -0.681667 0.317457 -0.659205
    outer loop
      vertex -0.498882 3.329189 0.362171
      vertex -0.498882 3.068058 0.236416
      vertex -0.554328 3.049833 0.284975
    endloop
  endfacet
  facet normal -0.854028 0.225718 -0.468709
    outer loop
      vertex -0.554328 3.302587 0.406695
      vertex -0.588471 3.030058 0.337664
      vertex -0.588471 3.273722 0.455007
    endloop
  endfacet
  facet normal -0.854028 0.225718 -0.468709
    outer loop
      vertex -0.554328 3.302587 0.406695
      vertex -0.554328 3.049833 0.284975
      vertex -0.588471 3.030058 0.337664
    endloop
  endfacet
  facet normal -0.980997 0.084182 -0.174807
    outer loop
      vertex -0.588471 3.273722 0.455007
      vertex -0.600000 3.009493 0.392459
      vertex -0.600000 3.243704 0.505249
    endloop
  endfacet
  facet normal -0.980997 0.084182 -0.174807
    outer loop
      vertex -0.588471 3.273722 0.455007
      vertex -0.588471 3.030058 0.337664
      vertex -0.600000 3.009493 0.392459
    endloop
  endfacet
  facet normal -0.980997 -0.084182 0.174807
    outer loop
      vertex -0.600000 3.243704 0.505249
      vertex -0.588471 2.988929 0.447255
      vertex -0.588471 3.213685 0.555492
    endloop
  endfacet
  facet normal -0.980997 -0.084182 0.174807
    outer loop
      vertex -0.600000 3.243704 0.505249
      vertex -0.600000 3.009493 0.392459
      vertex -0.588471 2.988929 0.447255
    endloop
  endfacet
  facet normal -0.854028 -0.225718 0.468709
    outer loop
      vertex -0.588471 3.213685 0.555492
      vertex -0.554328 2.969154 0.499944
      vertex -0.554328 3.184821 0.603803
    endloop
  endfacet
  facet normal -0.854028 -0.225718 0.468709
    outer loop
      vertex -0.588471 3.213685 0.555492
      vertex -0.588471 2.988929 0.447255
      vertex -0.554328 2.969154 0.499944
    endloop
  endfacet
  facet normal -0.681667 -0.317457 0.659205
    outer loop
      vertex -0.554328 3.184821 0.603803
      vertex -0.498882 2.950929 0.548503
      vertex -0.498882 3.158218 0.648328
    endloop
  endfacet
  facet normal -0.681667 -0.317457 0.659205
    outer loop
      vertex -0.554328 3.184821 0.603803
      vertex -0.554328 2.969154 0.499944
      vertex -0.498882 2.950929 0.548503
    endloop
  endfacet
  facet normal -0.518763 -0.370935 0.770254
    outer loop
      vertex -0.498882 3.158218 0.648328
      vertex -0.424264 2.934956 0.591065
      vertex -0.424264 3.134902 0.687354
    endloop
  endfacet
  facet normal -0.518763 -0.370935 0.770254
    outer loop
      vertex -0.498882 3.158218 0.648328
      vertex -0.498882 2.950929 0.548503
      vertex -0.424264 2.934956 0.591065
    endloop
  endfacet
  facet normal -0.378313 -0.401637 0.834007
    outer loop
      vertex -0.424264 3.134902 0.687354
      vertex -0.333342 2.921846 0.625995
      vertex -0.333342 3.115766 0.719381
    endloop
  endfacet
  facet normal -0.378313 -0.401637 0.834007
    outer loop
      vertex -0.424264 3.134902 0.687354
      vertex -0.424264 2.934956 0.591065
      vertex -0.333342 2.921846 0.625995
    endloop
  endfacet
  facet normal -0.257223 -0.419284 0.870653
    outer loop
      vertex -0.333342 3.115766 0.719381
      vertex -0.229610 2.912105 0.651950
      vertex -0.229610 3.101547 0.743180
    endloop
  endfacet
  facet normal -0.257223 -0.419284 0.870653
    outer loop
      vertex -0.333342 3.115766 0.719381
      vertex -0.333342 2.921846 0.625995
      vertex -0.229610 2.912105 0.651950
    endloop
  endfacet
  facet normal -0.098573 -0.431771 0.896581
    outer loop
      vertex -0.229610 3.101547 0.743180
      vertex 0.000000 2.904081 0.673330
      vertex 0.000000 3.089834 0.762784
    endloop
  endfacet
  facet normal -0.098573 -0.431771 0.896581
    outer loop
      vertex -0.229610 3.101547 0.743180
      vertex -0.229610 2.912105 0.651950
      vertex 0.000000 2.904081 0.673330
    endloop
  endfacet
  facet normal 0.098573 -0.584923 0.805077
    outer loop
      vertex 0.229610 3.271654 0.866771
      vertex 0.000000 3.089834 0.762784
      vertex 0.229610 3.101547 0.743180
    endloop
  endfacet
  facet normal 0.098573 -0.584923 0.805077
    outer loop
      vertex 0.229610 3.271654 0.866771
      vertex 0.000000 3.256630 0.883968
      vertex 0.000000 3.089834 0.762784
    endloop
  endfacet
  facet normal 0.257223 -0.568007 0.781795
    outer loop
      vertex 0.333342 3.289894 0.845893
      vertex 0.229610 3.101547 0.743180
      vertex 0.333342 3.115766 0.719381
    endloop
  endfacet
  facet normal 0.257223 -0.568007 0.781795
    outer loop
      vertex 0.333342 3.289894 0.845893
      vertex 0.229610 3.271654 0.866771
      vertex 0.229610 3.101547 0.743180
    endloop
  endfacet
  facet normal 0.378313 -0.544100 0.748889
    outer loop
      vertex 0.424264 3.314441 0.817797
      vertex 0.333342 3.115766 0.719381
      vertex 0.424264 3.134902 0.687354
    endloop
  endfacet
  facet normal 0.378313 -0.544100 0.748889
    outer loop
      vertex 0.424264 3.314441 0.817797
      vertex 0.333342 3.289894 0.845893
      vertex 0.333342 3.115766 0.719381
    endloop
  endfacet
  facet normal 0.518763 -0.502508 0.691643
    outer loop
      vertex 0.498882 3.344352 0.783562
      vertex 0.424264 3.134902 0.687354
      vertex 0.498882 3.158218 0.648328
    endloop
  endfacet
  facet normal 0.518763 -0.502508 0.691643
    outer loop
      vertex 0.498882 3.344352 0.783562
      vertex 0.424264 3.314441 0.817797
      vertex 0.424264 3.134902 0.687354
    endloop
  endfacet
  facet normal 0.681667 -0.430060 0.591927
    outer loop
      vertex 0.554328 3.378476 0.744503
      vertex 0.498882 3.158218 0.648328
      vertex 0.554328 3.184821 0.603803
    endloop
  endfacet
  facet normal 0.681667 -0.430060 0.591927
    outer loop
      vertex 0.554328 3.378476 0.744503
      vertex 0.498882 3.344352 0.783562
      vertex 0.498882 3.158218 0.648328
    endloop
  endfacet
  facet normal 0.854028 -0.305782 0.420873
    outer loop
      vertex 0.588471 3.415504 0.702121
      vertex 0.554328 3.184821 0.603803
      vertex 0.588471 3.213685 0.555492
    endloop
  endfacet
  facet normal 0.854028 -0.305782 0.420873
    outer loop
      vertex 0.588471 3.415504 0.702121
      vertex 0.554328 3.378476 0.744503
      vertex 0.554328 3.184821 0.603803
    endloop
  endfacet
  facet normal 0.980997 -0.114043 0.156966
    outer loop
      vertex 0.600000 3.454011 0.658046
      vertex 0.588471 3.213685 0.555492
      vertex 0.600000 3.243704 0.505249
    endloop
  endfacet
  facet normal 0.980997 -0.114043 0.156966
    outer loop
      vertex 0.600000 3.454011 0.658046
      vertex 0.588471 3.415504 0.702121
      vertex 0.588471 3.213685 0.555492
    endloop
  endfacet
  facet normal 0.980997 0.114043 -0.156966
    outer loop
      vertex 0.588471 3.492518 0.613971
      vertex 0.600000 3.243704 0.505249
      vertex 0.588471 3.273722 0.455007
    endloop
  endfacet
  facet normal 0.980997 0.114043 -0.156966
    outer loop
      vertex 0.588471 3.492518 0.613971
      vertex 0.600000 3.454011 0.658046
      vertex 0.600000 3.243704 0.505249
    endloop
  endfacet
  facet normal 0.854028 0.305782 -0.420873
    outer loop
      vertex 0.554328 3.529546 0.571590
      vertex 0.588471 3.273722 0.455007
      vertex 0.554328 3.302587 0.406695
    endloop
  endfacet
  facet normal 0.854028 0.305782 -0.420873
    outer loop
      vertex 0.554328 3.529546 0.571590
      vertex 0.588471 3.492518 0.613971
      vertex 0.588471 3.273722 0.455007
    endloop
  endfacet
  facet normal 0.681667 0.430060 -0.591927
    outer loop
      vertex 0.498882 3.563671 0.532531
      vertex 0.554328 3.302587 0.406695
      vertex 0.498882 3.329189 0.362171
    endloop
  endfacet
  facet normal 0.681667 0.430060 -0.591927
    outer loop
      vertex 0.498882 3.563671 0.532531
      vertex 0.554328 3.529546 0.571590
      vertex 0.554328 3.302587 0.406695
    endloop
  endfacet
  facet normal 0.518763 0.502508 -0.691643
    outer loop
      vertex 0.498882 3.329189 0.362171
      vertex 0.424264 3.352506 0.323145
      vertex 0.498882 3.563671 0.532531
    endloop
  endfacet
  facet normal 0.518763 0.502508 -0.691643
    outer loop
      vertex 0.424264 3.352506 0.323145
      vertex 0.424264 3.593581 0.498296
      vertex 0.498882 3.563671 0.532531
    endloop
  endfacet
  facet normal 0.378313 0.544100 -0.748889
    outer loop
      vertex 0.424264 3.352506 0.323145
      vertex 0.333342 3.371642 0.291117
      vertex 0.424264 3.593581 0.498296
    endloop
  endfacet
  facet normal 0.378313 0.544100 -0.748889
    outer loop
      vertex 0.333342 3.371642 0.291117
      vertex 0.333342 3.618128 0.470200
      vertex 0.424264 3.593581 0.498296
    endloop
  endfacet
  facet normal 0.257223 0.568007 -0.781795
    outer loop
      vertex 0.333342 3.371642 0.291117
      vertex 0.229610 3.385861 0.267318
      vertex 0.333342 3.618128 0.470200
    endloop
  endfacet
  facet normal 0.257223 0.568007 -0.781795
    outer loop
      vertex 0.229610 3.385861 0.267318
      vertex 0.229610 3.636368 0.449322
      vertex 0.333342 3.618128 0.470200
    endloop
  endfacet
  facet normal 0.098573 0.584923 -0.805077
    outer loop
      vertex 0.229610 3.385861 0.267318
      vertex 0.000000 3.397574 0.247715
      vertex 0.229610 3.636368 0.449322
    endloop
  endfacet
  facet normal 0.098573 0.584923 -0.805077
    outer loop
      vertex 0.000000 3.397574 0.247715
      vertex 0.000000 3.651393 0.432125
      vertex 0.229610 3.636368 0.449322
    endloop
  endfacet
  facet normal -0.098573 0.584923 -0.805077
    outer loop
      vertex 0.000000 3.397574 0.247715
      vertex -0.229610 3.636368 0.449322
      vertex 0.000000 3.651393 0.432125
    endloop
  endfacet
  facet normal -0.098573 0.584923 -0.805077
    outer loop
      vertex 0.000000 3.397574 0.247715
      vertex -0.229610 3.385861 0.267318
      vertex -0.229610 3.636368 0.449322
    endloop
  endfacet
  facet normal -0.257223 0.568007 -0.781795
    outer loop
      vertex -0.229610 3.385861 0.267318
      vertex -0.333342 3.618128 0.470200
      vertex -0.229610 3.636368 0.449322
    endloop
  endfacet
  facet normal -0.257223 0.568007 -0.781795
    outer loop
      vertex -0.229610 3.385861 0.267318
      vertex -0.333342 3.371642 0.291117
      vertex -0.333342 3.618128 0.470200
    endloop
  endfacet
  facet normal -0.378313 0.544100 -0.748889
    outer loop
      vertex -0.333342 3.371642 0.291117
      vertex -0.424264 3.593581 0.498296
      vertex -0.333342 3.618128 0.470200
    endloop
  endfacet
  facet normal -0.378313 0.544100 -0.748889
    outer loop
      vertex -0.333342 3.371642 0.291117
      vertex -0.424264 3.352506 0.323145
      vertex -0.424264 3.593581 0.498296
    endloop
  endfacet
  facet normal -0.518763 0.502508 -0.691643
    outer loop
      vertex -0.424264 3.352506 0.323145
      vertex -0.498882 3.563671 0.532531
      vertex -0.424264 3.593581 0.498296
    endloop
  endfacet
  facet normal -0.518763 0.502508 -0.691643
    outer loop
      vertex -0.424264 3.352506 0.323145
      vertex -0.498882 3.329189 0.362171
      vertex -0.498882 3.563671 0.532531
    endloop
  endfacet
  facet normal -0.681667 0.430060 -0.591927
    outer loop
      vertex -0.498882 3.563671 0.532531
      vertex -0.554328 3.302587 0.406695
      vertex -0.554328 3.529546 0.571590
    endloop
  endfacet
  facet normal -0.681667 0.430060 -0.591927
    outer loop
      vertex -0.498882 3.563671 0.532531
      vertex -0.498882 3.329189 0.362171
      vertex -0.554328 3.302587 0.406695
    endloop
  endfacet
  facet normal -0.854028 0.305782 -0.420873
    outer loop
      vertex -0.554328 3.529546 0.571590
      vertex -0.588471 3.273722 0.455007
      vertex -0.588471 3.492518 0.613971
    endloop
  endfacet
  facet normal -0.854028 0.305782 -0.420873
    outer loop
      vertex -0.554328 3.529546 0.571590
      vertex -0.554328 3.302587 0.406695
      vertex -0.588471 3.273722 0.455007
    endloop
  endfacet
  facet normal -0.980997 0.114043 -0.156966
    outer loop
      vertex -0.588471 3.492518 0.613971
      vertex -0.600000 3.243704 0.505249
      vertex -0.600000 3.454011 0.658046
    endloop
  endfacet
  facet normal -0.980997 0.114043 -0.156966
    outer loop
      vertex -0.588471 3.492518 0.613971
      vertex -0.588471 3.273722 0.455007
      vertex -0.600000 3.243704 0.505249
    endloop
  endfacet
  facet normal -0.980997 -0.114043 0.156966
    outer loop
      vertex -0.600000 3.454011 0.658046
      vertex -0.588471 3.213685 0.555492
      vertex -0.588471 3.415504 0.702121
    endloop
  endfacet
  facet normal -0.980997 -0.114043 0.156966
    outer loop
      vertex -0.600000 3.454011 0.658046
      vertex -0.600000 3.243704 0.505249
      vertex -0.588471 3.213685 0.555492
    endloop
  endfacet
  facet normal -0.854028 -0.305782 0.420873
    outer loop
      vertex -0.588471 3.415504 0.702121
      vertex -0.554328 3.184821 0.603803
      vertex -0.554328 3.378476 0.744503
    endloop
  endfacet
  facet normal -0.854028 -0.305782 0.420873
    outer loop
      vertex -0.588471 3.415504 0.702121
      vertex -0.588471 3.213685 0.555492
      vertex -0.554328 3.184821 0.603803
    endloop
  endfacet
  facet normal -0.681667 -0.430060 0.591927
    outer loop
      vertex -0.554328 3.378476 0.744503
      vertex -0.498882 3.158218 0.648328
      vertex -0.498882 3.344352 0.783562
    endloop
  endfacet
  facet normal -0.681667 -0.430060 0.591927
    outer loop
      vertex -0.554328 3.378476 0.744503
      vertex -0.554328 3.184821 0.603803
      vertex -0.498882 3.158218 0.648328
    endloop
  endfacet
  facet normal -0.518763 -0.502508 0.691643
    outer loop
      vertex -0.498882 3.344352 0.783562
      vertex -0.424264 3.134902 0.687354
      vertex -0.424264 3.314441 0.817797
    endloop
  endfacet
  facet normal -0.518763 -0.502508 0.691643
    outer loop
      vertex -0.498882 3.344352 0.783562
      vertex -0.498882 3.158218 0.648328
      vertex -0.424264 3.134902 0.687354
    endloop
  endfacet
  facet normal -0.378313 -0.544100 0.748889
    outer loop
      vertex -0.424264 3.314441 0.817797
      vertex -0.333342 3.115766 0.719381
      vertex -0.333342 3.289894 0.845893
    endloop
  endfacet
  facet normal -0.378313 -0.544100 0.748889
    outer loop
      vertex -0.424264 3.314441 0.817797
      vertex -0.424264 3.134902 0.687354
      vertex -0.333342 3.115766 0.719381
    endloop
  endfacet
  facet normal -0.257223 -0.568007 0.781795
    outer loop
      vertex -0.333342 3.289894 0.845893
      vertex -0.229610 3.101547 0.743180
      vertex -0.229610 3.271654 0.866771
    endloop
  endfacet
  facet normal -0.257223 -0.568007 0.781795
    outer loop
      vertex -0.333342 3.289894 0.845893
      vertex -0.333342 3.115766 0.719381
      vertex -0.229610 3.101547 0.743180
    endloop
  endfacet
  facet normal -0.098573 -0.584923 0.805077
    outer loop
      vertex -0.229610 3.271654 0.866771
      vertex 0.000000 3.089834 0.762784
      vertex 0.000000 3.256630 0.883968
    endloop
  endfacet
  facet normal -0.098573 -0.584923 0.805077
    outer loop
      vertex -0.229610 3.271654 0.866771
      vertex -0.229610 3.101547 0.743180
      vertex 0.000000 3.089834 0.762784
    endloop
  endfacet
  facet normal 0.098573 -0.719275 0.687697
    outer loop
      vertex 0.229610 3.416960 1.018749
      vertex 0.000000 3.256630 0.883968
      vertex 0.229610 3.271654 0.866771
    endloop
  endfacet
  facet normal 0.098573 -0.719275 0.687697
    outer loop
      vertex 0.229610 3.416960 1.018749
      vertex 0.000000 3.399106 1.032987
      vertex 0.000000 3.256630 0.883968
    endloop
  endfacet
  facet normal 0.257223 -0.698474 0.667810
    outer loop
      vertex 0.333342 3.438635 1.001464
      vertex 0.229610 3.271654 0.866771
      vertex 0.333342 3.289894 0.845893
    endloop
  endfacet
  facet normal 0.257223 -0.698474 0.667810
    outer loop
      vertex 0.333342 3.438635 1.001464
      vertex 0.229610 3.416960 1.018749
      vertex 0.229610 3.271654 0.866771
    endloop
  endfacet
  facet normal 0.378313 -0.669075 0.639701
    outer loop
      vertex 0.424264 3.467804 0.978202
      vertex 0.333342 3.289894 0.845893
      vertex 0.424264 3.314441 0.817797
    endloop
  endfacet
  facet normal 0.378313 -0.669075 0.639701
    outer loop
      vertex 0.424264 3.467804 0.978202
      vertex 0.333342 3.438635 1.001464
      vertex 0.333342 3.289894 0.845893
    endloop
  endfacet
  facet normal 0.518763 -0.617930 0.590802
    outer loop
      vertex 0.498882 3.503347 0.949857
      vertex 0.424264 3.314441 0.817797
      vertex 0.498882 3.344352 0.783562
    endloop
  endfacet
  facet normal 0.518763 -0.617930 0.590802
    outer loop
      vertex 0.498882 3.503347 0.949857
      vertex 0.424264 3.467804 0.978202
      vertex 0.424264 3.314441 0.817797
    endloop
  endfacet
  facet normal 0.681667 -0.528842 0.505625
    outer loop
      vertex 0.554328 3.543897 0.917520
      vertex 0.498882 3.344352 0.783562
      vertex 0.554328 3.378476 0.744503
    endloop
  endfacet
  facet normal 0.681667 -0.528842 0.505625
    outer loop
      vertex 0.554328 3.543897 0.917520
      vertex 0.498882 3.503347 0.949857
      vertex 0.498882 3.344352 0.783562
    endloop
  endfacet
  facet normal 0.854028 -0.376018 0.359510
    outer loop
      vertex 0.588471 3.587897 0.882431
      vertex 0.554328 3.378476 0.744503
      vertex 0.588471 3.415504 0.702121
    endloop
  endfacet
  facet normal 0.854028 -0.376018 0.359510
    outer loop
      vertex 0.588471 3.587897 0.882431
      vertex 0.554328 3.543897 0.917520
      vertex 0.554328 3.378476 0.744503
    endloop
  endfacet
  facet normal 0.980997 -0.140237 0.134080
    outer loop
      vertex 0.600000 3.633656 0.845940
      vertex 0.588471 3.415504 0.702121
      vertex 0.600000 3.454011 0.658046
    endloop
  endfacet
  facet normal 0.980997 -0.140237 0.134080
    outer loop
      vertex 0.600000 3.633656 0.845940
      vertex 0.588471 3.587897 0.882431
      vertex 0.588471 3.415504 0.702121
    endloop
  endfacet
  facet normal 0.980997 0.140237 -0.134080
    outer loop
      vertex 0.588471 3.679414 0.809449
      vertex 0.600000 3.454011 0.658046
      vertex 0.588471 3.492518 0.613971
    endloop
  endfacet
  facet normal 0.980997 0.140237 -0.134080
    outer loop
      vertex 0.588471 3.679414 0.809449
      vertex 0.600000 3.633656 0.845940
      vertex 0.600000 3.454011 0.658046
    endloop
  endfacet
  facet normal 0.854028 0.376018 -0.359510
    outer loop
      vertex 0.554328 3.723414 0.774360
      vertex 0.588471 3.492518 0.613971
      vertex 0.554328 3.529546 0.571590
    endloop
  endfacet
  facet normal 0.854028 0.376018 -0.359510
    outer loop
      vertex 0.554328 3.723414 0.774360
      vertex 0.588471 3.679414 0.809449
      vertex 0.588471 3.492518 0.613971
    endloop
  endfacet
  facet normal 0.681667 0.528842 -0.505625
    outer loop
      vertex 0.554328 3.529546 0.571590
      vertex 0.498882 3.563671 0.532531
      vertex 0.554328 3.723414 0.774360
    endloop
  endfacet
  facet normal 0.681667 0.528842 -0.505625
    outer loop
      vertex 0.498882 3.563671 0.532531
      vertex 0.498882 3.763964 0.742022
      vertex 0.554328 3.723414 0.774360
    endloop
  endfacet
  facet normal 0.518763 0.617930 -0.590802
    outer loop
      vertex 0.498882 3.563671 0.532531
      vertex 0.424264 3.593581 0.498296
      vertex 0.498882 3.763964 0.742022
    endloop
  endfacet
  facet normal 0.518763 0.617930 -0.590802
    outer loop
      vertex 0.424264 3.593581 0.498296
      vertex 0.424264 3.799507 0.713678
      vertex 0.498882 3.763964 0.742022
    endloop
  endfacet
  facet normal 0.378313 0.669075 -0.639701
    outer loop
      vertex 0.424264 3.593581 0.498296
      vertex 0.333342 3.618128 0.470200
      vertex 0.424264 3.799507 0.713678
    endloop
  endfacet
  facet normal 0.378313 0.669075 -0.639701
    outer loop
      vertex 0.333342 3.618128 0.470200
      vertex 0.333342 3.828676 0.690416
      vertex 0.424264 3.799507 0.713678
    endloop
  endfacet
  facet normal 0.257223 0.698474 -0.667810
    outer loop
      vertex 0.333342 3.618128 0.470200
      vertex 0.229610 3.636368 0.449322
      vertex 0.333342 3.828676 0.690416
    endloop
  endfacet
  facet normal 0.257223 0.698474 -0.667810
    outer loop
      vertex 0.229610 3.636368 0.449322
      vertex 0.229610 3.850351 0.673131
      vertex 0.333342 3.828676 0.690416
    endloop
  endfacet
  facet normal 0.098573 0.719275 -0.687697
    outer loop
      vertex 0.229610 3.636368 0.449322
      vertex 0.000000 3.651393 0.432125
      vertex 0.229610 3.850351 0.673131
    endloop
  endfacet
  facet normal 0.098573 0.719275 -0.687697
    outer loop
      vertex 0.000000 3.651393 0.432125
      vertex 0.000000 3.868205 0.658893
      vertex 0.229610 3.850351 0.673131
    endloop
  endfacet
  facet normal -0.098573 0.719275 -0.687697
    outer loop
      vertex 0.000000 3.651393 0.432125
      vertex -0.229610 3.850351 0.673131
      vertex 0.000000 3.868205 0.658893
    endloop
  endfacet
  facet normal -0.098573 0.719275 -0.687697
    outer loop
      vertex 0.000000 3.651393 0.432125
      vertex -0.229610 3.636368 0.449322
      vertex -0.229610 3.850351 0.673131
    endloop
  endfacet
  facet normal -0.257223 0.698474 -0.667810
    outer loop
      vertex -0.229610 3.636368 0.449322
      vertex -0.333342 3.828676 0.690416
      vertex -0.229610 3.850351 0.673131
    endloop
  endfacet
  facet normal -0.257223 0.698474 -0.667810
    outer loop
      vertex -0.229610 3.636368 0.449322
      vertex -0.333342 3.618128 0.470200
      vertex -0.333342 3.828676 0.690416
    endloop
  endfacet
  facet normal -0.378313 0.669075 -0.639701
    outer loop
      vertex -0.333342 3.618128 0.470200
      vertex -0.424264 3.799507 0.713678
      vertex -0.333342 3.828676 0.690416
    endloop
  endfacet
  facet normal -0.378313 0.669075 -0.639701
    outer loop
      vertex -0.333342 3.618128 0.470200
      vertex -0.424264 3.593581 0.498296
      vertex -0.424264 3.799507 0.713678
    endloop
  endfacet
  facet normal -0.518763 0.617930 -0.590802
    outer loop
      vertex -0.424264 3.593581 0.498296
      vertex -0.498882 3.763964 0.742022
      vertex -0.424264 3.799507 0.713678
    endloop
  endfacet
  facet normal -0.518763 0.617930 -0.590802
    outer loop
      vertex -0.424264 3.593581 0.498296
      vertex -0.498882 3.563671 0.532531
      vertex -0.498882 3.763964 0.742022
    endloop
  endfacet
  facet normal -0.681667 0.528842 -0.505625
    outer loop
      vertex -0.498882 3.563671 0.532531
      vertex -0.554328 3.723414 0.774360
      vertex -0.498882 3.763964 0.742022
    endloop
  endfacet
  facet normal -0.681667 0.528842 -0.505625
    outer loop
      vertex -0.498882 3.563671 0.532531
      vertex -0.554328 3.529546 0.571590
      vertex -0.554328 3.723414 0.774360
    endloop
  endfacet
  facet normal -0.854028 0.376018 -0.359510
    outer loop
      vertex -0.554328 3.723414 0.774360
      vertex -0.588471 3.492518 0.613971
      vertex -0.588471 3.679414 0.809449
    endloop
  endfacet
  facet normal -0.854028 0.376018 -0.359510
    outer loop
      vertex -0.554328 3.723414 0.774360
      vertex -0.554328 3.529546 0.571590
      vertex -0.588471 3.492518 0.613971
    endloop
  endfacet
  facet normal -0.980997 0.140237 -0.134080
    outer loop
      vertex -0.588471 3.679414 0.809449
      vertex -0.600000 3.454011 0.658046
      vertex -0.600000 3.633656 0.845940
    endloop
  endfacet
  facet normal -0.980997 0.140237 -0.134080
    outer loop
      vertex -0.588471 3.679414 0.809449
      vertex -0.588471 3.492518 0.613971
      vertex -0.600000 3.454011 0.658046
    endloop
  endfacet
  facet normal -0.980997 -0.140237 0.134080
    outer loop
      vertex -0.600000 3.633656 0.845940
      vertex -0.588471 3.415504 0.702121
      vertex -0.588471 3.587897 0.882431
    endloop
  endfacet
  facet normal -0.980997 -0.140237 0.134080
    outer loop
      vertex -0.600000 3.633656 0.845940
      vertex -0.600000 3.454011 0.658046
      vertex -0.588471 3.415504 0.702121
    endloop
  endfacet
  facet normal -0.854028 -0.376018 0.359510
    outer loop
      vertex -0.588471 3.587897 0.882431
      vertex -0.554328 3.378476 0.744503
      vertex -0.554328 3.543897 0.917520
    endloop
  endfacet
  facet normal -0.854028 -0.376018 0.359510
    outer loop
      vertex -0.588471 3.587897 0.882431
      vertex -0.588471 3.415504 0.702121
      vertex -0.554328 3.378476 0.744503
    endloop
  endfacet
  facet normal -0.681667 -0.528842 0.505625
    outer loop
      vertex -0.554328 3.543897 0.917520
      vertex -0.498882 3.344352 0.783562
      vertex -0.498882 3.503347 0.949857
    endloop
  endfacet
  facet normal -0.681667 -0.528842 0.505625
    outer loop
      vertex -0.554328 3.543897 0.917520
      vertex -0.554328 3.378476 0.744503
      vertex -0.498882 3.344352 0.783562
    endloop
  endfacet
  facet normal -0.518763 -0.617930 0.590802
    outer loop
      vertex -0.498882 3.503347 0.949857
      vertex -0.424264 3.314441 0.817797
      vertex -0.424264 3.467804 0.978202
    endloop
  endfacet
  facet normal -0.518763 -0.617930 0.590802
    outer loop
      vertex -0.498882 3.503347 0.949857
      vertex -0.498882 3.344352 0.783562
      vertex -0.424264 3.314441 0.817797
    endloop
  endfacet
  facet normal -0.378313 -0.669075 0.639701
    outer loop
      vertex -0.424264 3.467804 0.978202
      vertex -0.333342 3.289894 0.845893
      vertex -0.333342 3.438635 1.001464
    endloop
  endfacet
  facet normal -0.378313 -0.669075 0.639701
    outer loop
      vertex -0.424264 3.467804 0.978202
      vertex -0.424264 3.314441 0.817797
      vertex -0.333342 3.289894 0.845893
    endloop
  endfacet
  facet normal -0.257223 -0.698474 0.667810
    outer loop
      vertex -0.333342 3.438635 1.001464
      vertex -0.229610 3.271654 0.866771
      vertex -0.229610 3.416960 1.018749
    endloop
  endfacet
  facet normal -0.257223 -0.698474 0.667810
    outer loop
      vertex -0.333342 3.438635 1.001464
      vertex -0.333342 3.289894 0.845893
      vertex -0.229610 3.271654 0.866771
    endloop
  endfacet
  facet normal -0.098573 -0.719275 0.687697
    outer loop
      vertex -0.229610 3.416960 1.018749
      vertex 0.000000 3.256630 0.883968
      vertex 0.000000 3.399106 1.032987
    endloop
  endfacet
  facet normal -0.098573 -0.719275 0.687697
    outer loop
      vertex -0.229610 3.416960 1.018749
      vertex -0.229610 3.271654 0.866771
      vertex 0.000000 3.256630 0.883968
    endloop
  endfacet
  facet normal 0.098573 -0.830509 0.548214
    outer loop
      vertex 0.229610 3.532794 1.194230
      vertex 0.000000 3.399106 1.032987
      vertex 0.229610 3.416960 1.018749
    endloop
  endfacet
  facet normal 0.098573 -0.830509 0.548214
    outer loop
      vertex 0.229610 3.532794 1.194230
      vertex 0.000000 3.512685 1.205051
      vertex 0.000000 3.399106 1.032987
    endloop
  endfacet
  facet normal 0.257223 -0.806492 0.532360
    outer loop
      vertex 0.333342 3.557207 1.181093
      vertex 0.229610 3.416960 1.018749
      vertex 0.333342 3.438635 1.001464
    endloop
  endfacet
  facet normal 0.257223 -0.806492 0.532360
    outer loop
      vertex 0.333342 3.557207 1.181093
      vertex 0.229610 3.532794 1.194230
      vertex 0.229610 3.416960 1.018749
    endloop
  endfacet
  facet normal 0.378313 -0.772546 0.509953
    outer loop
      vertex 0.424264 3.590061 1.163413
      vertex 0.333342 3.438635 1.001464
      vertex 0.424264 3.467804 0.978202
    endloop
  endfacet
  facet normal 0.378313 -0.772546 0.509953
    outer loop
      vertex 0.424264 3.590061 1.163413
      vertex 0.333342 3.557207 1.181093
      vertex 0.333342 3.438635 1.001464
    endloop
  endfacet
  facet normal 0.518763 -0.713492 0.470972
    outer loop
      vertex 0.498882 3.630094 1.141871
      vertex 0.424264 3.467804 0.978202
      vertex 0.498882 3.503347 0.949857
    endloop
  endfacet
  facet normal 0.518763 -0.713492 0.470972
    outer loop
      vertex 0.498882 3.630094 1.141871
      vertex 0.424264 3.590061 1.163413
      vertex 0.424264 3.467804 0.978202
    endloop
  endfacet
  facet normal 0.681667 -0.610626 0.403071
    outer loop
      vertex 0.554328 3.675767 1.117293
      vertex 0.498882 3.503347 0.949857
      vertex 0.554328 3.543897 0.917520
    endloop
  endfacet
  facet normal 0.681667 -0.610626 0.403071
    outer loop
      vertex 0.554328 3.675767 1.117293
      vertex 0.498882 3.630094 1.141871
      vertex 0.498882 3.503347 0.949857
    endloop
  endfacet
  facet normal 0.854028 -0.434168 0.286592
    outer loop
      vertex 0.588471 3.725325 1.090625
      vertex 0.554328 3.543897 0.917520
      vertex 0.588471 3.587897 0.882431
    endloop
  endfacet
  facet normal 0.854028 -0.434168 0.286592
    outer loop
      vertex 0.588471 3.725325 1.090625
      vertex 0.554328 3.675767 1.117293
      vertex 0.554328 3.543897 0.917520
    endloop
  endfacet
  facet normal 0.980997 -0.161924 0.106885
    outer loop
      vertex 0.600000 3.776864 1.062890
      vertex 0.588471 3.587897 0.882431
      vertex 0.600000 3.633656 0.845940
    endloop
  endfacet
  facet normal 0.980997 -0.161924 0.106885
    outer loop
      vertex 0.600000 3.776864 1.062890
      vertex 0.588471 3.725325 1.090625
      vertex 0.588471 3.587897 0.882431
    endloop
  endfacet
  facet normal 0.980997 0.161924 -0.106885
    outer loop
      vertex 0.588471 3.828402 1.035156
      vertex 0.600000 3.633656 0.845940
      vertex 0.588471 3.679414 0.809449
    endloop
  endfacet
  facet normal 0.980997 0.161924 -0.106885
    outer loop
      vertex 0.588471 3.828402 1.035156
      vertex 0.600000 3.776864 1.062890
      vertex 0.600000 3.633656 0.845940
    endloop
  endfacet
  facet normal 0.854028 0.434168 -0.286592
    outer loop
      vertex 0.554328 3.877960 1.008488
      vertex 0.588471 3.679414 0.809449
      vertex 0.554328 3.723414 0.774360
    endloop
  endfacet
  facet normal 0.854028 0.434168 -0.286592
    outer loop
      vertex 0.554328 3.877960 1.008488
      vertex 0.588471 3.828402 1.035156
      vertex 0.588471 3.679414 0.809449
    endloop
  endfacet
  facet normal 0.681667 0.610626 -0.403071
    outer loop
      vertex 0.554328 3.723414 0.774360
      vertex 0.498882 3.763964 0.742022
      vertex 0.554328 3.877960 1.008488
    endloop
  endfacet
  facet normal 0.681667 0.610626 -0.403071
    outer loop
      vertex 0.498882 3.763964 0.742022
      vertex 0.498882 3.923633 0.983910
      vertex 0.554328 3.877960 1.008488
    endloop
  endfacet
  facet normal 0.518763 0.713492 -0.470972
    outer loop
      vertex 0.498882 3.763964 0.742022
      vertex 0.424264 3.799507 0.713678
      vertex 0.498882 3.923633 0.983910
    endloop
  endfacet
  facet normal 0.518763 0.713492 -0.470972
    outer loop
      vertex 0.424264 3.799507 0.713678
      vertex 0.424264 3.963666 0.962368
      vertex 0.498882 3.923633 0.983910
    endloop
  endfacet
  facet normal 0.378313 0.772546 -0.509953
    outer loop
      vertex 0.424264 3.799507 0.713678
      vertex 0.333342 3.828676 0.690416
      vertex 0.424264 3.963666 0.962368
    endloop
  endfacet
  facet normal 0.378313 0.772546 -0.509953
    outer loop
      vertex 0.333342 3.828676 0.690416
      vertex 0.333342 3.996520 0.944688
      vertex 0.424264 3.963666 0.962368
    endloop
  endfacet
  facet normal 0.257223 0.806492 -0.532360
    outer loop
      vertex 0.333342 3.828676 0.690416
      vertex 0.229610 3.850351 0.673131
      vertex 0.333342 3.996520 0.944688
    endloop
  endfacet
  facet normal 0.257223 0.806492 -0.532360
    outer loop
      vertex 0.229610 3.850351 0.673131
      vertex 0.229610 4.020933 0.931551
      vertex 0.333342 3.996520 0.944688
    endloop
  endfacet
  facet normal 0.098573 0.830509 -0.548214
    outer loop
      vertex 0.229610 3.850351 0.673131
      vertex 0.000000 3.868205 0.658893
      vertex 0.229610 4.020933 0.931551
    endloop
  endfacet
  facet normal 0.098573 0.830509 -0.548214
    outer loop
      vertex 0.000000 3.868205 0.658893
      vertex 0.000000 4.041042 0.920730
      vertex 0.229610 4.020933 0.931551
    endloop
  endfacet
  facet normal -0.098573 0.830509 -0.548214
    outer loop
      vertex 0.000000 3.868205 0.658893
      vertex -0.229610 4.020933 0.931551
      vertex 0.000000 4.041042 0.920730
    endloop
  endfacet
  facet normal -0.098573 0.830509 -0.548214
    outer loop
      vertex 0.000000 3.868205 0.658893
      vertex -0.229610 3.850351 0.673131
      vertex -0.229610 4.020933 0.931551
    endloop
  endfacet
  facet normal -0.257223 0.806492 -0.532360
    outer loop
      vertex -0.229610 3.850351 0.673131
      vertex -0.333342 3.996520 0.944688
      vertex -0.229610 4.020933 0.931551
    endloop
  endfacet
  facet normal -0.257223 0.806492 -0.532360
    outer loop
      vertex -0.229610 3.850351 0.673131
      vertex -0.333342 3.828676 0.690416
      vertex -0.333342 3.996520 0.944688
    endloop
  endfacet
  facet normal -0.378313 0.772546 -0.509953
    outer loop
      vertex -0.333342 3.828676 0.690416
      vertex -0.424264 3.963666 0.962368
      vertex -0.333342 3.996520 0.944688
    endloop
  endfacet
  facet normal -0.378313 0.772546 -0.509953
    outer loop
      vertex -0.333342 3.828676 0.690416
      vertex -0.424264 3.799507 0.713678
      vertex -0.424264 3.963666 0.962368
    endloop
  endfacet
  facet normal -0.518763 0.713492 -0.470972
    outer loop
      vertex -0.424264 3.799507 0.713678
      vertex -0.498882 3.923633 0.983910
      vertex -0.424264 3.963666 0.962368
    endloop
  endfacet
  facet normal -0.518763 0.713492 -0.470972
    outer loop
      vertex -0.424264 3.799507 0.713678
      vertex -0.498882 3.763964 0.742022
      vertex -0.498882 3.923633 0.983910
    endloop
  endfacet
  facet normal -0.681667 0.610626 -0.403071
    outer loop
      vertex -0.498882 3.763964 0.742022
      vertex -0.554328 3.877960 1.008488
      vertex -0.498882 3.923633 0.983910
    endloop
  endfacet
  facet normal -0.681667 0.610626 -0.403071
    outer loop
      vertex -0.498882 3.763964 0.742022
      vertex -0.554328 3.723414 0.774360
      vertex -0.554328 3.877960 1.008488
    endloop
  endfacet
  facet normal -0.854028 0.434168 -0.286592
    outer loop
      vertex -0.554328 3.877960 1.008488
      vertex -0.588471 3.679414 0.809449
      vertex -0.588471 3.828402 1.035156
    endloop
  endfacet
  facet normal -0.854028 0.434168 -0.286592
    outer loop
      vertex -0.554328 3.877960 1.008488
      vertex -0.554328 3.723414 0.774360
      vertex -0.588471 3.679414 0.809449
    endloop
  endfacet
  facet normal -0.980997 0.161924 -0.106885
    outer loop
      vertex -0.588471 3.828402 1.035156
      vertex -0.600000 3.633656 0.845940
      vertex -0.600000 3.776864 1.062890
    endloop
  endfacet
  facet normal -0.980997 0.161924 -0.106885
    outer loop
      vertex -0.588471 3.828402 1.035156
      vertex -0.588471 3.679414 0.809449
      vertex -0.600000 3.633656 0.845940
    endloop
  endfacet
  facet normal -0.980997 -0.161924 0.106885
    outer loop
      vertex -0.600000 3.776864 1.062890
      vertex -0.588471 3.587897 0.882431
      vertex -0.588471 3.725325 1.090625
    endloop
  endfacet
  facet normal -0.980997 -0.161924 0.106885
    outer loop
      vertex -0.600000 3.776864 1.062890
      vertex -0.600000 3.633656 0.845940
      vertex -0.588471 3.587897 0.882431
    endloop
  endfacet
  facet normal -0.854028 -0.434168 0.286592
    outer loop
      vertex -0.588471 3.725325 1.090625
      vertex -0.554328 3.543897 0.917520
      vertex -0.554328 3.675767 1.117293
    endloop
  endfacet
  facet normal -0.854028 -0.434168 0.286592
    outer loop
      vertex -0.588471 3.725325 1.090625
      vertex -0.588471 3.587897 0.882431
      vertex -0.554328 3.543897 0.917520
    endloop
  endfacet
  facet normal -0.681667 -0.610626 0.403071
    outer loop
      vertex -0.554328 3.675767 1.117293
      vertex -0.498882 3.503347 0.949857
      vertex -0.498882 3.630094 1.141871
    endloop
  endfacet
  facet normal -0.681667 -0.610626 0.403071
    outer loop
      vertex -0.554328 3.675767 1.117293
      vertex -0.554328 3.543897 0.917520
      vertex -0.498882 3.503347 0.949857
    endloop
  endfacet
  facet normal -0.518763 -0.713492 0.470972
    outer loop
      vertex -0.498882 3.630094 1.141871
      vertex -0.424264 3.467804 0.978202
      vertex -0.424264 3.590061 1.163413
    endloop
  endfacet
  facet normal -0.518763 -0.713492 0.470972
    outer loop
      vertex -0.498882 3.630094 1.141871
      vertex -0.498882 3.503347 0.949857
      vertex -0.424264 3.467804 0.978202
    endloop
  endfacet
  facet normal -0.378313 -0.772546 0.509953
    outer loop
      vertex -0.424264 3.590061 1.163413
      vertex -0.333342 3.438635 1.001464
      vertex -0.333342 3.557207 1.181093
    endloop
  endfacet
  facet normal -0.378313 -0.772546 0.509953
    outer loop
      vertex -0.424264 3.590061 1.163413
      vertex -0.424264 3.467804 0.978202
      vertex -0.333342 3.438635 1.001464
    endloop
  endfacet
  facet normal -0.257223 -0.806492 0.532360
    outer loop
      vertex -0.333342 3.557207 1.181093
      vertex -0.229610 3.416960 1.018749
      vertex -0.229610 3.532794 1.194230
    endloop
  endfacet
  facet normal -0.257223 -0.806492 0.532360
    outer loop
      vertex -0.333342 3.557207 1.181093
      vertex -0.333342 3.438635 1.001464
      vertex -0.229610 3.416960 1.018749
    endloop
  endfacet
  facet normal -0.098573 -0.830509 0.548214
    outer loop
      vertex -0.229610 3.532794 1.194230
      vertex 0.000000 3.399106 1.032987
      vertex 0.000000 3.512685 1.205051
    endloop
  endfacet
  facet normal -0.098573 -0.830509 0.548214
    outer loop
      vertex -0.229610 3.532794 1.194230
      vertex -0.229610 3.416960 1.018749
      vertex 0.000000 3.399106 1.032987
    endloop
  endfacet
  facet normal 0.098573 -0.915049 0.391111
    outer loop
      vertex 0.229610 3.615433 1.387574
      vertex 0.000000 3.512685 1.205051
      vertex 0.229610 3.532794 1.194230
    endloop
  endfacet
  facet normal 0.098573 -0.915049 0.391111
    outer loop
      vertex 0.229610 3.615433 1.387574
      vertex 0.000000 3.593715 1.394630
      vertex 0.000000 3.512685 1.205051
    endloop
  endfacet
  facet normal 0.257223 -0.888588 0.379801
    outer loop
      vertex 0.333342 3.641800 1.379007
      vertex 0.229610 3.532794 1.194230
      vertex 0.333342 3.557207 1.181093
    endloop
  endfacet
  facet normal 0.257223 -0.888588 0.379801
    outer loop
      vertex 0.333342 3.641800 1.379007
      vertex 0.229610 3.615433 1.387574
      vertex 0.229610 3.532794 1.194230
    endloop
  endfacet
  facet normal 0.378313 -0.851186 0.363815
    outer loop
      vertex 0.424264 3.677282 1.367478
      vertex 0.333342 3.557207 1.181093
      vertex 0.424264 3.590061 1.163413
    endloop
  endfacet
  facet normal 0.378313 -0.851186 0.363815
    outer loop
      vertex 0.424264 3.677282 1.367478
      vertex 0.333342 3.641800 1.379007
      vertex 0.333342 3.557207 1.181093
    endloop
  endfacet
  facet normal 0.518763 -0.786121 0.336004
    outer loop
      vertex 0.498882 3.720518 1.353430
      vertex 0.424264 3.590061 1.163413
      vertex 0.498882 3.630094 1.141871
    endloop
  endfacet
  facet normal 0.518763 -0.786121 0.336004
    outer loop
      vertex 0.498882 3.720518 1.353430
      vertex 0.424264 3.677282 1.367478
      vertex 0.424264 3.590061 1.163413
    endloop
  endfacet
  facet normal 0.681667 -0.672784 0.287562
    outer loop
      vertex 0.554328 3.769846 1.337402
      vertex 0.498882 3.630094 1.141871
      vertex 0.554328 3.675767 1.117293
    endloop
  endfacet
  facet normal 0.681667 -0.672784 0.287562
    outer loop
      vertex 0.554328 3.769846 1.337402
      vertex 0.498882 3.720518 1.353430
      vertex 0.498882 3.630094 1.141871
    endloop
  endfacet
  facet normal 0.854028 -0.478363 0.204462
    outer loop
      vertex 0.588471 3.823369 1.320011
      vertex 0.554328 3.675767 1.117293
      vertex 0.588471 3.725325 1.090625
    endloop
  endfacet
  facet normal 0.854028 -0.478363 0.204462
    outer loop
      vertex 0.588471 3.823369 1.320011
      vertex 0.554328 3.769846 1.337402
      vertex 0.554328 3.675767 1.117293
    endloop
  endfacet
  facet normal 0.980997 -0.178407 0.076255
    outer loop
      vertex 0.600000 3.879032 1.301925
      vertex 0.588471 3.725325 1.090625
      vertex 0.600000 3.776864 1.062890
    endloop
  endfacet
  facet normal 0.980997 -0.178407 0.076255
    outer loop
      vertex 0.600000 3.879032 1.301925
      vertex 0.588471 3.823369 1.320011
      vertex 0.588471 3.725325 1.090625
    endloop
  endfacet
  facet normal 0.980997 0.178407 -0.076255
    outer loop
      vertex 0.588471 3.934695 1.283839
      vertex 0.600000 3.776864 1.062890
      vertex 0.588471 3.828402 1.035156
    endloop
  endfacet
  facet normal 0.980997 0.178407 -0.076255
    outer loop
      vertex 0.588471 3.934695 1.283839
      vertex 0.600000 3.879032 1.301925
      vertex 0.600000 3.776864 1.062890
    endloop
  endfacet
  facet normal 0.854028 0.478363 -0.204462
    outer loop
      vertex 0.588471 3.828402 1.035156
      vertex 0.554328 3.877960 1.008488
      vertex 0.588471 3.934695 1.283839
    endloop
  endfacet
  facet normal 0.854028 0.478363 -0.204462
    outer loop
      vertex 0.554328 3.877960 1.008488
      vertex 0.554328 3.988218 1.266449
      vertex 0.588471 3.934695 1.283839
    endloop
  endfacet
  facet normal 0.681667 0.672784 -0.287562
    outer loop
      vertex 0.554328 3.877960 1.008488
      vertex 0.498882 3.923633 0.983910
      vertex 0.554328 3.988218 1.266449
    endloop
  endfacet
  facet normal 0.681667 0.672784 -0.287562
    outer loop
      vertex 0.498882 3.923633 0.983910
      vertex 0.498882 4.037546 1.250421
      vertex 0.554328 3.988218 1.266449
    endloop
  endfacet
  facet normal 0.518763 0.786121 -0.336004
    outer loop
      vertex 0.498882 3.923633 0.983910
      vertex 0.424264 3.963666 0.962368
      vertex 0.498882 4.037546 1.250421
    endloop
  endfacet
  facet normal 0.518763 0.786121 -0.336004
    outer loop
      vertex 0.424264 3.963666 0.962368
      vertex 0.424264 4.080782 1.236373
      vertex 0.498882 4.037546 1.250421
    endloop
  endfacet
  facet normal 0.378313 0.851186 -0.363815
    outer loop
      vertex 0.424264 3.963666 0.962368
      vertex 0.333342 3.996520 0.944688
      vertex 0.424264 4.080782 1.236373
    endloop
  endfacet
  facet normal 0.378313 0.851186 -0.363815
    outer loop
      vertex 0.333342 3.996520 0.944688
      vertex 0.333342 4.116264 1.224844
      vertex 0.424264 4.080782 1.236373
    endloop
  endfacet
  facet normal 0.257223 0.888588 -0.379801
    outer loop
      vertex 0.333342 3.996520 0.944688
      vertex 0.229610 4.020933 0.931551
      vertex 0.333342 4.116264 1.224844
    endloop
  endfacet
  facet normal 0.257223 0.888588 -0.379801
    outer loop
      vertex 0.229610 4.020933 0.931551
      vertex 0.229610 4.142630 1.216277
      vertex 0.333342 4.116264 1.224844
    endloop
  endfacet
  facet normal 0.098573 0.915049 -0.391111
    outer loop
      vertex 0.229610 4.020933 0.931551
      vertex 0.000000 4.041042 0.920730
      vertex 0.229610 4.142630 1.216277
    endloop
  endfacet
  facet normal 0.098573 0.915049 -0.391111
    outer loop
      vertex 0.000000 4.041042 0.920730
      vertex 0.000000 4.164349 1.209220
      vertex 0.229610 4.142630 1.216277
    endloop
  endfacet
  facet normal -0.098573 0.915049 -0.391111
    outer loop
      vertex 0.000000 4.041042 0.920730
      vertex -0.229610 4.142630 1.216277
      vertex 0.000000 4.164349 1.209220
    endloop
  endfacet
  facet normal -0.098573 0.915049 -0.391111
    outer loop
      vertex 0.000000 4.041042 0.920730
      vertex -0.229610 4.020933 0.931551
      vertex -0.229610 4.142630 1.216277
    endloop
  endfacet
  facet normal -0.257223 0.888588 -0.379801
    outer loop
      vertex -0.229610 4.020933 0.931551
      vertex -0.333342 4.116264 1.224844
      vertex -0.229610 4.142630 1.216277
    endloop
  endfacet
  facet normal -0.257223 0.888588 -0.379801
    outer loop
      vertex -0.229610 4.020933 0.931551
      vertex -0.333342 3.996520 0.944688
      vertex -0.333342 4.116264 1.224844
    endloop
  endfacet
  facet normal -0.378313 0.851186 -0.363815
    outer loop
      vertex -0.333342 3.996520 0.944688
      vertex -0.424264 4.080782 1.236373
      vertex -0.333342 4.116264 1.224844
    endloop
  endfacet
  facet normal -0.378313 0.851186 -0.363815
    outer loop
      vertex -0.333342 3.996520 0.944688
      vertex -0.424264 3.963666 0.962368
      vertex -0.424264 4.080782 1.236373
    endloop
  endfacet
  facet normal -0.518763 0.786121 -0.336004
    outer loop
      vertex -0.424264 3.963666 0.962368
      vertex -0.498882 4.037546 1.250421
      vertex -0.424264 4.080782 1.236373
    endloop
  endfacet
  facet normal -0.518763 0.786121 -0.336004
    outer loop
      vertex -0.424264 3.963666 0.962368
      vertex -0.498882 3.923633 0.983910
      vertex -0.498882 4.037546 1.250421
    endloop
  endfacet
  facet normal -0.681667 0.672784 -0.287562
    outer loop
      vertex -0.498882 3.923633 0.983910
      vertex -0.554328 3.988218 1.266449
      vertex -0.498882 4.037546 1.250421
    endloop
  endfacet
  facet normal -0.681667 0.672784 -0.287562
    outer loop
      vertex -0.498882 3.923633 0.983910
      vertex -0.554328 3.877960 1.008488
      vertex -0.554328 3.988218 1.266449
    endloop
  endfacet
  facet normal -0.854028 0.478363 -0.204462
    outer loop
      vertex -0.554328 3.877960 1.008488
      vertex -0.588471 3.934695 1.283839
      vertex -0.554328 3.988218 1.266449
    endloop
  endfacet
  facet normal -0.854028 0.478363 -0.204462
    outer loop
      vertex -0.554328 3.877960 1.008488
      vertex -0.588471 3.828402 1.035156
      vertex -0.588471 3.934695 1.283839
    endloop
  endfacet
  facet normal -0.980997 0.178407 -0.076255
    outer loop
      vertex -0.588471 3.934695 1.283839
      vertex -0.600000 3.776864 1.062890
      vertex -0.600000 3.879032 1.301925
    endloop
  endfacet
  facet normal -0.980997 0.178407 -0.076255
    outer loop
      vertex -0.588471 3.934695 1.283839
      vertex -0.588471 3.828402 1.035156
      vertex -0.600000 3.776864 1.062890
    endloop
  endfacet
  facet normal -0.980997 -0.178407 0.076255
    outer loop
      vertex -0.600000 3.879032 1.301925
      vertex -0.588471 3.725325 1.090625
      vertex -0.588471 3.823369 1.320011
    endloop
  endfacet
  facet normal -0.980997 -0.178407 0.076255
    outer loop
      vertex -0.600000 3.879032 1.301925
      vertex -0.600000 3.776864 1.062890
      vertex -0.588471 3.725325 1.090625
    endloop
  endfacet
  facet normal -0.854028 -0.478363 0.204462
    outer loop
      vertex -0.588471 3.823369 1.320011
      vertex -0.554328 3.675767 1.117293
      vertex -0.554328 3.769846 1.337402
    endloop
  endfacet
  facet normal -0.854028 -0.478363 0.204462
    outer loop
      vertex -0.588471 3.823369 1.320011
      vertex -0.588471 3.725325 1.090625
      vertex -0.554328 3.675767 1.117293
    endloop
  endfacet
  facet normal -0.681667 -0.672784 0.287562
    outer loop
      vertex -0.554328 3.769846 1.337402
      vertex -0.498882 3.630094 1.141871
      vertex -0.498882 3.720518 1.353430
    endloop
  endfacet
  facet normal -0.681667 -0.672784 0.287562
    outer loop
      vertex -0.554328 3.769846 1.337402
      vertex -0.554328 3.675767 1.117293
      vertex -0.498882 3.630094 1.141871
    endloop
  endfacet
  facet normal -0.518763 -0.786121 0.336004
    outer loop
      vertex -0.498882 3.720518 1.353430
      vertex -0.424264 3.590061 1.163413
      vertex -0.424264 3.677282 1.367478
    endloop
  endfacet
  facet normal -0.518763 -0.786121 0.336004
    outer loop
      vertex -0.498882 3.720518 1.353430
      vertex -0.498882 3.630094 1.141871
      vertex -0.424264 3.590061 1.163413
    endloop
  endfacet
  facet normal -0.378313 -0.851186 0.363815
    outer loop
      vertex -0.424264 3.677282 1.367478
      vertex -0.333342 3.557207 1.181093
      vertex -0.333342 3.641800 1.379007
    endloop
  endfacet
  facet normal -0.378313 -0.851186 0.363815
    outer loop
      vertex -0.424264 3.677282 1.367478
      vertex -0.424264 3.590061 1.163413
      vertex -0.333342 3.557207 1.181093
    endloop
  endfacet
  facet normal -0.257223 -0.888588 0.379801
    outer loop
      vertex -0.333342 3.641800 1.379007
      vertex -0.229610 3.532794 1.194230
      vertex -0.229610 3.615433 1.387574
    endloop
  endfacet
  facet normal -0.257223 -0.888588 0.379801
    outer loop
      vertex -0.333342 3.641800 1.379007
      vertex -0.333342 3.557207 1.181093
      vertex -0.229610 3.532794 1.194230
    endloop
  endfacet
  facet normal -0.098573 -0.915049 0.391111
    outer loop
      vertex -0.229610 3.615433 1.387574
      vertex 0.000000 3.512685 1.205051
      vertex 0.000000 3.593715 1.394630
    endloop
  endfacet
  facet normal -0.098573 -0.915049 0.391111
    outer loop
      vertex -0.229610 3.615433 1.387574
      vertex -0.229610 3.532794 1.194230
      vertex 0.000000 3.512685 1.205051
    endloop
  endfacet
  facet normal 0.098573 -0.970180 0.221437
    outer loop
      vertex 0.229610 3.662222 1.592566
      vertex 0.000000 3.593715 1.394630
      vertex 0.229610 3.615433 1.387574
    endloop
  endfacet
  facet normal 0.098573 -0.970180 0.221437
    outer loop
      vertex 0.229610 3.662222 1.592566
      vertex 0.000000 3.639592 1.595632
      vertex 0.000000 3.593715 1.394630
    endloop
  endfacet
  facet normal 0.257223 -0.942124 0.215034
    outer loop
      vertex 0.333342 3.689694 1.588845
      vertex 0.229610 3.615433 1.387574
      vertex 0.333342 3.641800 1.379007
    endloop
  endfacet
  facet normal 0.257223 -0.942124 0.215034
    outer loop
      vertex 0.333342 3.689694 1.588845
      vertex 0.229610 3.662222 1.592566
      vertex 0.229610 3.615433 1.387574
    endloop
  endfacet
  facet normal 0.378313 -0.902469 0.205983
    outer loop
      vertex 0.424264 3.726665 1.583837
      vertex 0.333342 3.641800 1.379007
      vertex 0.424264 3.677282 1.367478
    endloop
  endfacet
  facet normal 0.378313 -0.902469 0.205983
    outer loop
      vertex 0.424264 3.726665 1.583837
      vertex 0.333342 3.689694 1.588845
      vertex 0.333342 3.641800 1.379007
    endloop
  endfacet
  facet normal 0.518763 -0.833483 0.190237
    outer loop
      vertex 0.498882 3.771714 1.577735
      vertex 0.424264 3.677282 1.367478
      vertex 0.498882 3.720518 1.353430
    endloop
  endfacet
  facet normal 0.518763 -0.833483 0.190237
    outer loop
      vertex 0.498882 3.771714 1.577735
      vertex 0.424264 3.726665 1.583837
      vertex 0.424264 3.677282 1.367478
    endloop
  endfacet
  facet normal 0.681667 -0.713318 0.162810
    outer loop
      vertex 0.554328 3.823111 1.570772
      vertex 0.498882 3.720518 1.353430
      vertex 0.554328 3.769846 1.337402
    endloop
  endfacet
  facet normal 0.681667 -0.713318 0.162810
    outer loop
      vertex 0.554328 3.823111 1.570772
      vertex 0.498882 3.771714 1.577735
      vertex 0.498882 3.720518 1.353430
    endloop
  endfacet
  facet normal 0.854028 -0.507184 0.115761
    outer loop
      vertex 0.588471 3.878880 1.563218
      vertex 0.554328 3.769846 1.337402
      vertex 0.588471 3.823369 1.320011
    endloop
  endfacet
  facet normal 0.854028 -0.507184 0.115761
    outer loop
      vertex 0.588471 3.878880 1.563218
      vertex 0.554328 3.823111 1.570772
      vertex 0.554328 3.769846 1.337402
    endloop
  endfacet
  facet normal 0.980997 -0.189156 0.043174
    outer loop
      vertex 0.600000 3.936877 1.555362
      vertex 0.588471 3.823369 1.320011
      vertex 0.600000 3.879032 1.301925
    endloop
  endfacet
  facet normal 0.980997 -0.189156 0.043174
    outer loop
      vertex 0.600000 3.936877 1.555362
      vertex 0.588471 3.878880 1.563218
      vertex 0.588471 3.823369 1.320011
    endloop
  endfacet
  facet normal 0.980997 0.189156 -0.043174
    outer loop
      vertex 0.588471 3.994875 1.547505
      vertex 0.600000 3.879032 1.301925
      vertex 0.588471 3.934695 1.283839
    endloop
  endfacet
  facet normal 0.980997 0.189156 -0.043174
    outer loop
      vertex 0.588471 3.994875 1.547505
      vertex 0.600000 3.936877 1.555362
      vertex 0.600000 3.879032 1.301925
    endloop
  endfacet
  facet normal 0.854028 0.507184 -0.115761
    outer loop
      vertex 0.588471 3.934695 1.283839
      vertex 0.554328 3.988218 1.266449
      vertex 0.588471 3.994875 1.547505
    endloop
  endfacet
  facet normal 0.854028 0.507184 -0.115761
    outer loop
      vertex 0.554328 3.988218 1.266449
      vertex 0.554328 4.050643 1.539951
      vertex 0.588471 3.994875 1.547505
    endloop
  endfacet
  facet normal 0.681667 0.713318 -0.162810
    outer loop
      vertex 0.554328 3.988218 1.266449
      vertex 0.498882 4.037546 1.250421
      vertex 0.554328 4.050643 1.539951
    endloop
  endfacet
  facet normal 0.681667 0.713318 -0.162810
    outer loop
      vertex 0.498882 4.037546 1.250421
      vertex 0.498882 4.102040 1.532989
      vertex 0.554328 4.050643 1.539951
    endloop
  endfacet
  facet normal 0.518763 0.833483 -0.190237
    outer loop
      vertex 0.498882 4.037546 1.250421
      vertex 0.424264 4.080782 1.236373
      vertex 0.498882 4.102040 1.532989
    endloop
  endfacet
  facet normal 0.518763 0.833483 -0.190237
    outer loop
      vertex 0.424264 4.080782 1.236373
      vertex 0.424264 4.147089 1.526887
      vertex 0.498882 4.102040 1.532989
    endloop
  endfacet
  facet normal 0.378313 0.902469 -0.205983
    outer loop
      vertex 0.424264 4.080782 1.236373
      vertex 0.333342 4.116264 1.224844
      vertex 0.424264 4.147089 1.526887
    endloop
  endfacet
  facet normal 0.378313 0.902469 -0.205983
    outer loop
      vertex 0.333342 4.116264 1.224844
      vertex 0.333342 4.184061 1.521879
      vertex 0.424264 4.147089 1.526887
    endloop
  endfacet
  facet normal 0.257223 0.942124 -0.215034
    outer loop
      vertex 0.333342 4.116264 1.224844
      vertex 0.229610 4.142630 1.216277
      vertex 0.333342 4.184061 1.521879
    endloop
  endfacet
  facet normal 0.257223 0.942124 -0.215034
    outer loop
      vertex 0.229610 4.142630 1.216277
      vertex 0.229610 4.211533 1.518157
      vertex 0.333342 4.184061 1.521879
    endloop
  endfacet
  facet normal 0.098573 0.970180 -0.221437
    outer loop
      vertex 0.229610 4.142630 1.216277
      vertex 0.000000 4.164349 1.209220
      vertex 0.229610 4.211533 1.518157
    endloop
  endfacet
  facet normal 0.098573 0.970180 -0.221437
    outer loop
      vertex 0.000000 4.164349 1.209220
      vertex 0.000000 4.234162 1.515092
      vertex 0.229610 4.211533 1.518157
    endloop
  endfacet
  facet normal -0.098573 0.970180 -0.221437
    outer loop
      vertex 0.000000 4.164349 1.209220
      vertex -0.229610 4.211533 1.518157
      vertex 0.000000 4.234162 1.515092
    endloop
  endfacet
  facet normal -0.098573 0.970180 -0.221437
    outer loop
      vertex 0.000000 4.164349 1.209220
      vertex -0.229610 4.142630 1.216277
      vertex -0.229610 4.211533 1.518157
    endloop
  endfacet
  facet normal -0.257223 0.942124 -0.215034
    outer loop
      vertex -0.229610 4.142630 1.216277
      vertex -0.333342 4.184061 1.521879
      vertex -0.229610 4.211533 1.518157
    endloop
  endfacet
  facet normal -0.257223 0.942124 -0.215034
    outer loop
      vertex -0.229610 4.142630 1.216277
      vertex -0.333342 4.116264 1.224844
      vertex -0.333342 4.184061 1.521879
    endloop
  endfacet
  facet normal -0.378313 0.902469 -0.205983
    outer loop
      vertex -0.333342 4.116264 1.224844
      vertex -0.424264 4.147089 1.526887
      vertex -0.333342 4.184061 1.521879
    endloop
  endfacet
  facet normal -0.378313 0.902469 -0.205983
    outer loop
      vertex -0.333342 4.116264 1.224844
      vertex -0.424264 4.080782 1.236373
      vertex -0.424264 4.147089 1.526887
    endloop
  endfacet
  facet normal -0.518763 0.833483 -0.190237
    outer loop
      vertex -0.424264 4.080782 1.236373
      vertex -0.498882 4.102040 1.532989
      vertex -0.424264 4.147089 1.526887
    endloop
  endfacet
  facet normal -0.518763 0.833483 -0.190237
    outer loop
      vertex -0.424264 4.080782 1.236373
      vertex -0.498882 4.037546 1.250421
      vertex -0.498882 4.102040 1.532989
    endloop
  endfacet
  facet normal -0.681667 0.713318 -0.162810
    outer loop
      vertex -0.498882 4.037546 1.250421
      vertex -0.554328 4.050643 1.539951
      vertex -0.498882 4.102040 1.532989
    endloop
  endfacet
  facet normal -0.681667 0.713318 -0.162810
    outer loop
      vertex -0.498882 4.037546 1.250421
      vertex -0.554328 3.988218 1.266449
      vertex -0.554328 4.050643 1.539951
    endloop
  endfacet
  facet normal -0.854028 0.507184 -0.115761
    outer loop
      vertex -0.554328 3.988218 1.266449
      vertex -0.588471 3.994875 1.547505
      vertex -0.554328 4.050643 1.539951
    endloop
  endfacet
  facet normal -0.854028 0.507184 -0.115761
    outer loop
      vertex -0.554328 3.988218 1.266449
      vertex -0.588471 3.934695 1.283839
      vertex -0.588471 3.994875 1.547505
    endloop
  endfacet
  facet normal -0.980997 0.189156 -0.043174
    outer loop
      vertex -0.588471 3.994875 1.547505
      vertex -0.600000 3.879032 1.301925
      vertex -0.600000 3.936877 1.555362
    endloop
  endfacet
  facet normal -0.980997 0.189156 -0.043174
    outer loop
      vertex -0.588471 3.994875 1.547505
      vertex -0.588471 3.934695 1.283839
      vertex -0.600000 3.879032 1.301925
    endloop
  endfacet
  facet normal -0.980997 -0.189156 0.043174
    outer loop
      vertex -0.600000 3.936877 1.555362
      vertex -0.588471 3.823369 1.320011
      vertex -0.588471 3.878880 1.563218
    endloop
  endfacet
  facet normal -0.980997 -0.189156 0.043174
    outer loop
      vertex -0.600000 3.936877 1.555362
      vertex -0.600000 3.879032 1.301925
      vertex -0.588471 3.823369 1.320011
    endloop
  endfacet
  facet normal -0.854028 -0.507184 0.115761
    outer loop
      vertex -0.588471 3.878880 1.563218
      vertex -0.554328 3.769846 1.337402
      vertex -0.554328 3.823111 1.570772
    endloop
  endfacet
  facet normal -0.854028 -0.507184 0.115761
    outer loop
      vertex -0.588471 3.878880 1.563218
      vertex -0.588471 3.823369 1.320011
      vertex -0.554328 3.769846 1.337402
    endloop
  endfacet
  facet normal -0.681667 -0.713318 0.162810
    outer loop
      vertex -0.554328 3.823111 1.570772
      vertex -0.498882 3.720518 1.353430
      vertex -0.498882 3.771714 1.577735
    endloop
  endfacet
  facet normal -0.681667 -0.713318 0.162810
    outer loop
      vertex -0.554328 3.823111 1.570772
      vertex -0.554328 3.769846 1.337402
      vertex -0.498882 3.720518 1.353430
    endloop
  endfacet
  facet normal -0.518763 -0.833483 0.190237
    outer loop
      vertex -0.498882 3.771714 1.577735
      vertex -0.424264 3.677282 1.367478
      vertex -0.424264 3.726665 1.583837
    endloop
  endfacet
  facet normal -0.518763 -0.833483 0.190237
    outer loop
      vertex -0.498882 3.771714 1.577735
      vertex -0.498882 3.720518 1.353430
      vertex -0.424264 3.677282 1.367478
    endloop
  endfacet
  facet normal -0.378313 -0.902469 0.205983
    outer loop
      vertex -0.424264 3.726665 1.583837
      vertex -0.333342 3.641800 1.379007
      vertex -0.333342 3.689694 1.588845
    endloop
  endfacet
  facet normal -0.378313 -0.902469 0.205983
    outer loop
      vertex -0.424264 3.726665 1.583837
      vertex -0.424264 3.677282 1.367478
      vertex -0.333342 3.641800 1.379007
    endloop
  endfacet
  facet normal -0.257223 -0.942124 0.215034
    outer loop
      vertex -0.333342 3.689694 1.588845
      vertex -0.229610 3.615433 1.387574
      vertex -0.229610 3.662222 1.592566
    endloop
  endfacet
  facet normal -0.257223 -0.942124 0.215034
    outer loop
      vertex -0.333342 3.689694 1.588845
      vertex -0.333342 3.641800 1.379007
      vertex -0.229610 3.615433 1.387574
    endloop
  endfacet
  facet normal -0.098573 -0.970180 0.221437
    outer loop
      vertex -0.229610 3.662222 1.592566
      vertex 0.000000 3.593715 1.394630
      vertex 0.000000 3.639592 1.595632
    endloop
  endfacet
  facet normal -0.098573 -0.970180 0.221437
    outer loop
      vertex -0.229610 3.662222 1.592566
      vertex -0.229610 3.615433 1.387574
      vertex 0.000000 3.593715 1.394630
    endloop
  endfacet
  facet normal 0.098573 -0.994128 0.044646
    outer loop
      vertex 0.229610 3.671655 1.802619
      vertex 0.000000 3.639592 1.595632
      vertex 0.229610 3.662222 1.592566
    endloop
  endfacet
  facet normal 0.098573 -0.994128 0.044646
    outer loop
      vertex 0.229610 3.671655 1.802619
      vertex 0.000000 3.648842 1.801595
      vertex 0.000000 3.639592 1.595632
    endloop
  endfacet
  facet normal 0.257223 -0.965379 0.043355
    outer loop
      vertex 0.333342 3.699350 1.803863
      vertex 0.229610 3.662222 1.592566
      vertex 0.333342 3.689694 1.588845
    endloop
  endfacet
  facet normal 0.257223 -0.965379 0.043355
    outer loop
      vertex 0.333342 3.699350 1.803863
      vertex 0.229610 3.671655 1.802619
      vertex 0.229610 3.662222 1.592566
    endloop
  endfacet
  facet normal 0.378313 -0.924746 0.041530
    outer loop
      vertex 0.424264 3.736622 1.805537
      vertex 0.333342 3.689694 1.588845
      vertex 0.424264 3.726665 1.583837
    endloop
  endfacet
  facet normal 0.378313 -0.924746 0.041530
    outer loop
      vertex 0.424264 3.736622 1.805537
      vertex 0.333342 3.699350 1.803863
      vertex 0.333342 3.689694 1.588845
    endloop
  endfacet
  facet normal 0.518763 -0.854057 0.038356
    outer loop
      vertex 0.498882 3.782037 1.807576
      vertex 0.424264 3.726665 1.583837
      vertex 0.498882 3.771714 1.577735
    endloop
  endfacet
  facet normal 0.518763 -0.854057 0.038356
    outer loop
      vertex 0.498882 3.782037 1.807576
      vertex 0.424264 3.736622 1.805537
      vertex 0.424264 3.726665 1.583837
    endloop
  endfacet
  facet normal 0.681667 -0.730926 0.032826
    outer loop
      vertex 0.554328 3.833851 1.809903
      vertex 0.498882 3.771714 1.577735
      vertex 0.554328 3.823111 1.570772
    endloop
  endfacet
  facet normal 0.681667 -0.730926 0.032826
    outer loop
      vertex 0.554328 3.833851 1.809903
      vertex 0.498882 3.782037 1.807576
      vertex 0.498882 3.771714 1.577735
    endloop
  endfacet
  facet normal 0.854028 -0.519703 0.023340
    outer loop
      vertex 0.588471 3.890072 1.812428
      vertex 0.554328 3.823111 1.570772
      vertex 0.588471 3.878880 1.563218
    endloop
  endfacet
  facet normal 0.854028 -0.519703 0.023340
    outer loop
      vertex 0.588471 3.890072 1.812428
      vertex 0.554328 3.833851 1.809903
      vertex 0.554328 3.823111 1.570772
    endloop
  endfacet
  facet normal 0.980997 -0.193825 0.008705
    outer loop
      vertex 0.600000 3.948540 1.815054
      vertex 0.588471 3.878880 1.563218
      vertex 0.600000 3.936877 1.555362
    endloop
  endfacet
  facet normal 0.980997 -0.193825 0.008705
    outer loop
      vertex 0.600000 3.948540 1.815054
      vertex 0.588471 3.890072 1.812428
      vertex 0.588471 3.878880 1.563218
    endloop
  endfacet
  facet normal 0.980997 0.193825 -0.008705
    outer loop
      vertex 0.600000 3.936877 1.555362
      vertex 0.588471 3.994875 1.547505
      vertex 0.600000 3.948540 1.815054
    endloop
  endfacet
  facet normal 0.980997 0.193825 -0.008705
    outer loop
      vertex 0.588471 3.994875 1.547505
      vertex 0.588471 4.007008 1.817680
      vertex 0.600000 3.948540 1.815054
    endloop
  endfacet
  facet normal 0.854028 0.519703 -0.023340
    outer loop
      vertex 0.588471 3.994875 1.547505
      vertex 0.554328 4.050643 1.539951
      vertex 0.588471 4.007008 1.817680
    endloop
  endfacet
  facet normal 0.854028 0.519703 -0.023340
    outer loop
      vertex 0.554328 4.050643 1.539951
      vertex 0.554328 4.063229 1.820205
      vertex 0.588471 4.007008 1.817680
    endloop
  endfacet
  facet normal 0.681667 0.730926 -0.032826
    outer loop
      vertex 0.554328 4.050643 1.539951
      vertex 0.498882 4.102040 1.532989
      vertex 0.554328 4.063229 1.820205
    endloop
  endfacet
  facet normal 0.681667 0.730926 -0.032826
    outer loop
      vertex 0.498882 4.102040 1.532989
      vertex 0.498882 4.115043 1.822532
      vertex 0.554328 4.063229 1.820205
    endloop
  endfacet
  facet normal 0.518763 0.854057 -0.038356
    outer loop
      vertex 0.498882 4.102040 1.532989
      vertex 0.424264 4.147089 1.526887
      vertex 0.498882 4.115043 1.822532
    endloop
  endfacet
  facet normal 0.518763 0.854057 -0.038356
    outer loop
      vertex 0.424264 4.147089 1.526887
      vertex 0.424264 4.160458 1.824571
      vertex 0.498882 4.115043 1.822532
    endloop
  endfacet
  facet normal 0.378313 0.924746 -0.041530
    outer loop
      vertex 0.424264 4.147089 1.526887
      vertex 0.333342 4.184061 1.521879
      vertex 0.424264 4.160458 1.824571
    endloop
  endfacet
  facet normal 0.378313 0.924746 -0.041530
    outer loop
      vertex 0.333342 4.184061 1.521879
      vertex 0.333342 4.197730 1.826245
      vertex 0.424264 4.160458 1.824571
    endloop
  endfacet
  facet normal 0.257223 0.965379 -0.043355
    outer loop
      vertex 0.333342 4.184061 1.521879
      vertex 0.229610 4.211533 1.518157
      vertex 0.333342 4.197730 1.826245
    endloop
  endfacet
  facet normal 0.257223 0.965379 -0.043355
    outer loop
      vertex 0.229610 4.211533 1.518157
      vertex 0.229610 4.225425 1.827489
      vertex 0.333342 4.197730 1.826245
    endloop
  endfacet
  facet normal 0.098573 0.994128 -0.044646
    outer loop
      vertex 0.229610 4.211533 1.518157
      vertex 0.000000 4.234162 1.515092
      vertex 0.229610 4.225425 1.827489
    endloop
  endfacet
  facet normal 0.098573 0.994128 -0.044646
    outer loop
      vertex 0.000000 4.234162 1.515092
      vertex 0.000000 4.248238 1.828513
      vertex 0.229610 4.225425 1.827489
    endloop
  endfacet
  facet normal -0.098573 0.994128 -0.044646
    outer loop
      vertex 0.000000 4.234162 1.515092
      vertex -0.229610 4.225425 1.827489
      vertex 0.000000 4.248238 1.828513
    endloop
  endfacet
  facet normal -0.098573 0.994128 -0.044646
    outer loop
      vertex 0.000000 4.234162 1.515092
      vertex -0.229610 4.211533 1.518157
      vertex -0.229610 4.225425 1.827489
    endloop
  endfacet
  facet normal -0.257223 0.965379 -0.043355
    outer loop
      vertex -0.229610 4.211533 1.518157
      vertex -0.333342 4.197730 1.826245
      vertex -0.229610 4.225425 1.827489
    endloop
  endfacet
  facet normal -0.257223 0.965379 -0.043355
    outer loop
      vertex -0.229610 4.211533 1.518157
      vertex -0.333342 4.184061 1.521879
      vertex -0.333342 4.197730 1.826245
    endloop
  endfacet
  facet normal -0.378313 0.924746 -0.041530
    outer loop
      vertex -0.333342 4.184061 1.521879
      vertex -0.424264 4.160458 1.824571
      vertex -0.333342 4.197730 1.826245
    endloop
  endfacet
  facet normal -0.378313 0.924746 -0.041530
    outer loop
      vertex -0.333342 4.184061 1.521879
      vertex -0.424264 4.147089 1.526887
      vertex -0.424264 4.160458 1.824571
    endloop
  endfacet
  facet normal -0.518763 0.854057 -0.038356
    outer loop
      vertex -0.424264 4.147089 1.526887
      vertex -0.498882 4.115043 1.822532
      vertex -0.424264 4.160458 1.824571
    endloop
  endfacet
  facet normal -0.518763 0.854057 -0.038356
    outer loop
      vertex -0.424264 4.147089 1.526887
      vertex -0.498882 4.102040 1.532989
      vertex -0.498882 4.115043 1.822532
    endloop
  endfacet
  facet normal -0.681667 0.730926 -0.032826
    outer loop
      vertex -0.498882 4.102040 1.532989
      vertex -0.554328 4.063229 1.820205
      vertex -0.498882 4.115043 1.822532
    endloop
  endfacet
  facet normal -0.681667 0.730926 -0.032826
    outer loop
      vertex -0.498882 4.102040 1.532989
      vertex -0.554328 4.050643 1.539951
      vertex -0.554328 4.063229 1.820205
    endloop
  endfacet
  facet normal -0.854028 0.519703 -0.023340
    outer loop
      vertex -0.554328 4.050643 1.539951
      vertex -0.588471 4.007008 1.817680
      vertex -0.554328 4.063229 1.820205
    endloop
  endfacet
  facet normal -0.854028 0.519703 -0.023340
    outer loop
      vertex -0.554328 4.050643 1.539951
      vertex -0.588471 3.994875 1.547505
      vertex -0.588471 4.007008 1.817680
    endloop
  endfacet
  facet normal -0.980997 0.193825 -0.008705
    outer loop
      vertex -0.588471 3.994875 1.547505
      vertex -0.600000 3.948540 1.815054
      vertex -0.588471 4.007008 1.817680
    endloop
  endfacet
  facet normal -0.980997 0.193825 -0.008705
    outer loop
      vertex -0.588471 3.994875 1.547505
      vertex -0.600000 3.936877 1.555362
      vertex -0.600000 3.948540 1.815054
    endloop
  endfacet
  facet normal -0.980997 -0.193825 0.008705
    outer loop
      vertex -0.600000 3.948540 1.815054
      vertex -0.588471 3.878880 1.563218
      vertex -0.588471 3.890072 1.812428
    endloop
  endfacet
  facet normal -0.980997 -0.193825 0.008705
    outer loop
      vertex -0.600000 3.948540 1.815054
      vertex -0.600000 3.936877 1.555362
      vertex -0.588471 3.878880 1.563218
    endloop
  endfacet
  facet normal -0.854028 -0.519703 0.023340
    outer loop
      vertex -0.588471 3.890072 1.812428
      vertex -0.554328 3.823111 1.570772
      vertex -0.554328 3.833851 1.809903
    endloop
  endfacet
  facet normal -0.854028 -0.519703 0.023340
    outer loop
      vertex -0.588471 3.890072 1.812428
      vertex -0.588471 3.878880 1.563218
      vertex -0.554328 3.823111 1.570772
    endloop
  endfacet
  facet normal -0.681667 -0.730926 0.032826
    outer loop
      vertex -0.554328 3.833851 1.809903
      vertex -0.498882 3.771714 1.577735
      vertex -0.498882 3.782037 1.807576
    endloop
  endfacet
  facet normal -0.681667 -0.730926 0.032826
    outer loop
      vertex -0.554328 3.833851 1.809903
      vertex -0.554328 3.823111 1.570772
      vertex -0.498882 3.771714 1.577735
    endloop
  endfacet
  facet normal -0.518763 -0.854057 0.038356
    outer loop
      vertex -0.498882 3.782037 1.807576
      vertex -0.424264 3.726665 1.583837
      vertex -0.424264 3.736622 1.805537
    endloop
  endfacet
  facet normal -0.518763 -0.854057 0.038356
    outer loop
      vertex -0.498882 3.782037 1.807576
      vertex -0.498882 3.771714 1.577735
      vertex -0.424264 3.726665 1.583837
    endloop
  endfacet
  facet normal -0.378313 -0.924746 0.041530
    outer loop
      vertex -0.424264 3.736622 1.805537
      vertex -0.333342 3.689694 1.588845
      vertex -0.333342 3.699350 1.803863
    endloop
  endfacet
  facet normal -0.378313 -0.924746 0.041530
    outer loop
      vertex -0.424264 3.736622 1.805537
      vertex -0.424264 3.726665 1.583837
      vertex -0.333342 3.689694 1.588845
    endloop
  endfacet
  facet normal -0.257223 -0.965379 0.043355
    outer loop
      vertex -0.333342 3.699350 1.803863
      vertex -0.229610 3.662222 1.592566
      vertex -0.229610 3.671655 1.802619
    endloop
  endfacet
  facet normal -0.257223 -0.965379 0.043355
    outer loop
      vertex -0.333342 3.699350 1.803863
      vertex -0.333342 3.689694 1.588845
      vertex -0.229610 3.662222 1.592566
    endloop
  endfacet
  facet normal -0.098573 -0.994128 0.044646
    outer loop
      vertex -0.229610 3.671655 1.802619
      vertex 0.000000 3.639592 1.595632
      vertex 0.000000 3.648842 1.801595
    endloop
  endfacet
  facet normal -0.098573 -0.994128 0.044646
    outer loop
      vertex -0.229610 3.671655 1.802619
      vertex -0.229610 3.662222 1.592566
      vertex 0.000000 3.639592 1.595632
    endloop
  endfacet
  facet normal 0.098573 -0.986124 -0.133580
    outer loop
      vertex 0.229610 3.643431 2.010981
      vertex 0.000000 3.648842 1.801595
      vertex 0.229610 3.671655 1.802619
    endloop
  endfacet
  facet normal 0.098573 -0.986124 -0.133580
    outer loop
      vertex 0.229610 3.643431 2.010981
      vertex 0.000000 3.621167 2.005899
      vertex 0.000000 3.648842 1.801595
    endloop
  endfacet
  facet normal 0.257223 -0.957606 -0.129717
    outer loop
      vertex 0.333342 3.670459 2.017150
      vertex 0.229610 3.671655 1.802619
      vertex 0.333342 3.699350 1.803863
    endloop
  endfacet
  facet normal 0.257223 -0.957606 -0.129717
    outer loop
      vertex 0.333342 3.670459 2.017150
      vertex 0.229610 3.643431 2.010981
      vertex 0.229610 3.671655 1.802619
    endloop
  endfacet
  facet normal 0.378313 -0.917300 -0.124257
    outer loop
      vertex 0.424264 3.706832 2.025452
      vertex 0.333342 3.699350 1.803863
      vertex 0.424264 3.736622 1.805537
    endloop
  endfacet
  facet normal 0.378313 -0.917300 -0.124257
    outer loop
      vertex 0.424264 3.706832 2.025452
      vertex 0.333342 3.670459 2.017150
      vertex 0.333342 3.699350 1.803863
    endloop
  endfacet
  facet normal 0.518763 -0.847181 -0.114758
    outer loop
      vertex 0.498882 3.751153 2.035568
      vertex 0.424264 3.736622 1.805537
      vertex 0.498882 3.782037 1.807576
    endloop
  endfacet
  facet normal 0.518763 -0.847181 -0.114758
    outer loop
      vertex 0.498882 3.751153 2.035568
      vertex 0.424264 3.706832 2.025452
      vertex 0.424264 3.736622 1.805537
    endloop
  endfacet
  facet normal 0.681667 -0.725041 -0.098213
    outer loop
      vertex 0.554328 3.801719 2.047109
      vertex 0.498882 3.782037 1.807576
      vertex 0.554328 3.833851 1.809903
    endloop
  endfacet
  facet normal 0.681667 -0.725041 -0.098213
    outer loop
      vertex 0.554328 3.801719 2.047109
      vertex 0.498882 3.751153 2.035568
      vertex 0.498882 3.782037 1.807576
    endloop
  endfacet
  facet normal 0.854028 -0.515519 -0.069832
    outer loop
      vertex 0.588471 3.856586 2.059632
      vertex 0.554328 3.833851 1.809903
      vertex 0.588471 3.890072 1.812428
    endloop
  endfacet
  facet normal 0.854028 -0.515519 -0.069832
    outer loop
      vertex 0.588471 3.856586 2.059632
      vertex 0.554328 3.801719 2.047109
      vertex 0.554328 3.833851 1.809903
    endloop
  endfacet
  facet normal 0.980997 -0.192265 -0.026044
    outer loop
      vertex 0.600000 3.913645 2.072655
      vertex 0.588471 3.890072 1.812428
      vertex 0.600000 3.948540 1.815054
    endloop
  endfacet
  facet normal 0.980997 -0.192265 -0.026044
    outer loop
      vertex 0.600000 3.913645 2.072655
      vertex 0.588471 3.856586 2.059632
      vertex 0.588471 3.890072 1.812428
    endloop
  endfacet
  facet normal 0.980997 0.192265 0.026044
    outer loop
      vertex 0.600000 3.948540 1.815054
      vertex 0.588471 4.007008 1.817680
      vertex 0.600000 3.913645 2.072655
    endloop
  endfacet
  facet normal 0.980997 0.192265 0.026044
    outer loop
      vertex 0.588471 4.007008 1.817680
      vertex 0.588471 3.970705 2.085679
      vertex 0.600000 3.913645 2.072655
    endloop
  endfacet
  facet normal 0.854028 0.515519 0.069832
    outer loop
      vertex 0.588471 4.007008 1.817680
      vertex 0.554328 4.063229 1.820205
      vertex 0.588471 3.970705 2.085679
    endloop
  endfacet
  facet normal 0.854028 0.515519 0.069832
    outer loop
      vertex 0.554328 4.063229 1.820205
      vertex 0.554328 4.025572 2.098202
      vertex 0.588471 3.970705 2.085679
    endloop
  endfacet
  facet normal 0.681667 0.725041 0.098213
    outer loop
      vertex 0.554328 4.063229 1.820205
      vertex 0.498882 4.115043 1.822532
      vertex 0.554328 4.025572 2.098202
    endloop
  endfacet
  facet normal 0.681667 0.725041 0.098213
    outer loop
      vertex 0.498882 4.115043 1.822532
      vertex 0.498882 4.076138 2.109743
      vertex 0.554328 4.025572 2.098202
    endloop
  endfacet
  facet normal 0.518763 0.847181 0.114758
    outer loop
      vertex 0.498882 4.115043 1.822532
      vertex 0.424264 4.160458 1.824571
      vertex 0.498882 4.076138 2.109743
    endloop
  endfacet
  facet normal 0.518763 0.847181 0.114758
    outer loop
      vertex 0.424264 4.160458 1.824571
      vertex 0.424264 4.120459 2.119859
      vertex 0.498882 4.076138 2.109743
    endloop
  endfacet
  facet normal 0.378313 0.917300 0.124257
    outer loop
      vertex 0.424264 4.160458 1.824571
      vertex 0.333342 4.197730 1.826245
      vertex 0.424264 4.120459 2.119859
    endloop
  endfacet
  facet normal 0.378313 0.917300 0.124257
    outer loop
      vertex 0.333342 4.197730 1.826245
      vertex 0.333342 4.156832 2.128161
      vertex 0.424264 4.120459 2.119859
    endloop
  endfacet
  facet normal 0.257223 0.957606 0.129717
    outer loop
      vertex 0.333342 4.197730 1.826245
      vertex 0.229610 4.225425 1.827489
      vertex 0.333342 4.156832 2.128161
    endloop
  endfacet
  facet normal 0.257223 0.957606 0.129717
    outer loop
      vertex 0.229610 4.225425 1.827489
      vertex 0.229610 4.183860 2.134330
      vertex 0.333342 4.156832 2.128161
    endloop
  endfacet
  facet normal 0.098573 0.986124 0.133580
    outer loop
      vertex 0.229610 4.225425 1.827489
      vertex 0.000000 4.248238 1.828513
      vertex 0.229610 4.183860 2.134330
    endloop
  endfacet
  facet normal 0.098573 0.986124 0.133580
    outer loop
      vertex 0.000000 4.248238 1.828513
      vertex 0.000000 4.206124 2.139412
      vertex 0.229610 4.183860 2.134330
    endloop
  endfacet
  facet normal -0.098573 0.986124 0.133580
    outer loop
      vertex 0.000000 4.248238 1.828513
      vertex -0.229610 4.183860 2.134330
      vertex 0.000000 4.206124 2.139412
    endloop
  endfacet
  facet normal -0.098573 0.986124 0.133580
    outer loop
      vertex 0.000000 4.248238 1.828513
      vertex -0.229610 4.225425 1.827489
      vertex -0.229610 4.183860 2.134330
    endloop
  endfacet
  facet normal -0.257223 0.957606 0.129717
    outer loop
      vertex -0.229610 4.225425 1.827489
      vertex -0.333342 4.156832 2.128161
      vertex -0.229610 4.183860 2.134330
    endloop
  endfacet
  facet normal -0.257223 0.957606 0.129717
    outer loop
      vertex -0.229610 4.225425 1.827489
      vertex -0.333342 4.197730 1.826245
      vertex -0.333342 4.156832 2.128161
    endloop
  endfacet
  facet normal -0.378313 0.917300 0.124257
    outer loop
      vertex -0.333342 4.197730 1.826245
      vertex -0.424264 4.120459 2.119859
      vertex -0.333342 4.156832 2.128161
    endloop
  endfacet
  facet normal -0.378313 0.917300 0.124257
    outer loop
      vertex -0.333342 4.197730 1.826245
      vertex -0.424264 4.160458 1.824571
      vertex -0.424264 4.120459 2.119859
    endloop
  endfacet
  facet normal -0.518763 0.847181 0.114758
    outer loop
      vertex -0.424264 4.160458 1.824571
      vertex -0.498882 4.076138 2.109743
      vertex -0.424264 4.120459 2.119859
    endloop
  endfacet
  facet normal -0.518763 0.847181 0.114758
    outer loop
      vertex -0.424264 4.160458 1.824571
      vertex -0.498882 4.115043 1.822532
      vertex -0.498882 4.076138 2.109743
    endloop
  endfacet
  facet normal -0.681667 0.725041 0.098213
    outer loop
      vertex -0.498882 4.115043 1.822532
      vertex -0.554328 4.025572 2.098202
      vertex -0.498882 4.076138 2.109743
    endloop
  endfacet
  facet normal -0.681667 0.725041 0.098213
    outer loop
      vertex -0.498882 4.115043 1.822532
      vertex -0.554328 4.063229 1.820205
      vertex -0.554328 4.025572 2.098202
    endloop
  endfacet
  facet normal -0.854028 0.515519 0.069832
    outer loop
      vertex -0.554328 4.063229 1.820205
      vertex -0.588471 3.970705 2.085679
      vertex -0.554328 4.025572 2.098202
    endloop
  endfacet
  facet normal -0.854028 0.515519 0.069832
    outer loop
      vertex -0.554328 4.063229 1.820205
      vertex -0.588471 4.007008 1.817680
      vertex -0.588471 3.970705 2.085679
    endloop
  endfacet
  facet normal -0.980997 0.192265 0.026044
    outer loop
      vertex -0.588471 4.007008 1.817680
      vertex -0.600000 3.913645 2.072655
      vertex -0.588471 3.970705 2.085679
    endloop
  endfacet
  facet normal -0.980997 0.192265 0.026044
    outer loop
      vertex -0.588471 4.007008 1.817680
      vertex -0.600000 3.948540 1.815054
      vertex -0.600000 3.913645 2.072655
    endloop
  endfacet
  facet normal -0.980997 -0.192265 -0.026044
    outer loop
      vertex -0.600000 3.913645 2.072655
      vertex -0.588471 3.890072 1.812428
      vertex -0.588471 3.856586 2.059632
    endloop
  endfacet
  facet normal -0.980997 -0.192265 -0.026044
    outer loop
      vertex -0.600000 3.913645 2.072655
      vertex -0.600000 3.948540 1.815054
      vertex -0.588471 3.890072 1.812428
    endloop
  endfacet
  facet normal -0.854028 -0.515519 -0.069832
    outer loop
      vertex -0.588471 3.856586 2.059632
      vertex -0.554328 3.833851 1.809903
      vertex -0.554328 3.801719 2.047109
    endloop
  endfacet
  facet normal -0.854028 -0.515519 -0.069832
    outer loop
      vertex -0.588471 3.856586 2.059632
      vertex -0.588471 3.890072 1.812428
      vertex -0.554328 3.833851 1.809903
    endloop
  endfacet
  facet normal -0.681667 -0.725041 -0.098213
    outer loop
      vertex -0.554328 3.801719 2.047109
      vertex -0.498882 3.782037 1.807576
      vertex -0.498882 3.751153 2.035568
    endloop
  endfacet
  facet normal -0.681667 -0.725041 -0.098213
    outer loop
      vertex -0.554328 3.801719 2.047109
      vertex -0.554328 3.833851 1.809903
      vertex -0.498882 3.782037 1.807576
    endloop
  endfacet
  facet normal -0.518763 -0.847181 -0.114758
    outer loop
      vertex -0.498882 3.751153 2.035568
      vertex -0.424264 3.736622 1.805537
      vertex -0.424264 3.706832 2.025452
    endloop
  endfacet
  facet normal -0.518763 -0.847181 -0.114758
    outer loop
      vertex -0.498882 3.751153 2.035568
      vertex -0.498882 3.782037 1.807576
      vertex -0.424264 3.736622 1.805537
    endloop
  endfacet
  facet normal -0.378313 -0.917300 -0.124257
    outer loop
      vertex -0.424264 3.706832 2.025452
      vertex -0.333342 3.699350 1.803863
      vertex -0.333342 3.670459 2.017150
    endloop
  endfacet
  facet normal -0.378313 -0.917300 -0.124257
    outer loop
      vertex -0.424264 3.706832 2.025452
      vertex -0.424264 3.736622 1.805537
      vertex -0.333342 3.699350 1.803863
    endloop
  endfacet
  facet normal -0.257223 -0.957606 -0.129717
    outer loop
      vertex -0.333342 3.670459 2.017150
      vertex -0.229610 3.671655 1.802619
      vertex -0.229610 3.643431 2.010981
    endloop
  endfacet
  facet normal -0.257223 -0.957606 -0.129717
    outer loop
      vertex -0.333342 3.670459 2.017150
      vertex -0.333342 3.699350 1.803863
      vertex -0.229610 3.671655 1.802619
    endloop
  endfacet
  facet normal -0.098573 -0.986124 -0.133580
    outer loop
      vertex -0.229610 3.643431 2.010981
      vertex 0.000000 3.648842 1.801595
      vertex 0.000000 3.621167 2.005899
    endloop
  endfacet
  facet normal -0.098573 -0.986124 -0.133580
    outer loop
      vertex -0.229610 3.643431 2.010981
      vertex -0.229610 3.671655 1.802619
      vertex 0.000000 3.648842 1.801595
    endloop
  endfacet
  facet normal 0.098573 -0.946425 -0.307512
    outer loop
      vertex 0.229610 3.578455 2.210954
      vertex 0.000000 3.621167 2.005899
      vertex 0.229610 3.643431 2.010981
    endloop
  endfacet
  facet normal 0.098573 -0.946425 -0.307512
    outer loop
      vertex 0.229610 3.578455 2.210954
      vertex 0.000000 3.557457 2.201979
      vertex 0.000000 3.621167 2.005899
    endloop
  endfacet
  facet normal 0.257223 -0.919055 -0.298619
    outer loop
      vertex 0.333342 3.603947 2.221850
      vertex 0.229610 3.643431 2.010981
      vertex 0.333342 3.670459 2.017150
    endloop
  endfacet
  facet normal 0.257223 -0.919055 -0.298619
    outer loop
      vertex 0.333342 3.603947 2.221850
      vertex 0.229610 3.578455 2.210954
      vertex 0.229610 3.643431 2.010981
    endloop
  endfacet
  facet normal 0.378313 -0.880372 -0.286050
    outer loop
      vertex 0.424264 3.638254 2.236513
      vertex 0.333342 3.670459 2.017150
      vertex 0.424264 3.706832 2.025452
    endloop
  endfacet
  facet normal 0.378313 -0.880372 -0.286050
    outer loop
      vertex 0.424264 3.638254 2.236513
      vertex 0.333342 3.603947 2.221850
      vertex 0.333342 3.670459 2.017150
    endloop
  endfacet
  facet normal 0.518763 -0.813075 -0.264184
    outer loop
      vertex 0.498882 3.680057 2.254380
      vertex 0.424264 3.706832 2.025452
      vertex 0.498882 3.751153 2.035568
    endloop
  endfacet
  facet normal 0.518763 -0.813075 -0.264184
    outer loop
      vertex 0.498882 3.680057 2.254380
      vertex 0.424264 3.638254 2.236513
      vertex 0.424264 3.706832 2.025452
    endloop
  endfacet
  facet normal 0.681667 -0.695852 -0.226096
    outer loop
      vertex 0.554328 3.727749 2.274765
      vertex 0.498882 3.751153 2.035568
      vertex 0.554328 3.801719 2.047109
    endloop
  endfacet
  facet normal 0.681667 -0.695852 -0.226096
    outer loop
      vertex 0.554328 3.727749 2.274765
      vertex 0.498882 3.680057 2.254380
      vertex 0.498882 3.751153 2.035568
    endloop
  endfacet
  facet normal 0.854028 -0.494766 -0.160759
    outer loop
      vertex 0.588471 3.779498 2.296884
      vertex 0.554328 3.801719 2.047109
      vertex 0.588471 3.856586 2.059632
    endloop
  endfacet
  facet normal 0.854028 -0.494766 -0.160759
    outer loop
      vertex 0.588471 3.779498 2.296884
      vertex 0.554328 3.727749 2.274765
      vertex 0.554328 3.801719 2.047109
    endloop
  endfacet
  facet normal 0.980997 -0.184525 -0.059956
    outer loop
      vertex 0.588471 3.856586 2.059632
      vertex 0.600000 3.913645 2.072655
      vertex 0.588471 3.779498 2.296884
    endloop
  endfacet
  facet normal 0.980997 -0.184525 -0.059956
    outer loop
      vertex 0.600000 3.913645 2.072655
      vertex 0.600000 3.833315 2.319886
      vertex 0.588471 3.779498 2.296884
    endloop
  endfacet
  facet normal 0.980997 0.184525 0.059956
    outer loop
      vertex 0.600000 3.913645 2.072655
      vertex 0.588471 3.970705 2.085679
      vertex 0.600000 3.833315 2.319886
    endloop
  endfacet
  facet normal 0.980997 0.184525 0.059956
    outer loop
      vertex 0.588471 3.970705 2.085679
      vertex 0.588471 3.887133 2.342889
      vertex 0.600000 3.833315 2.319886
    endloop
  endfacet
  facet normal 0.854028 0.494766 0.160759
    outer loop
      vertex 0.588471 3.970705 2.085679
      vertex 0.554328 4.025572 2.098202
      vertex 0.588471 3.887133 2.342889
    endloop
  endfacet
  facet normal 0.854028 0.494766 0.160759
    outer loop
      vertex 0.554328 4.025572 2.098202
      vertex 0.554328 3.938882 2.365008
      vertex 0.588471 3.887133 2.342889
    endloop
  endfacet
  facet normal 0.681667 0.695852 0.226096
    outer loop
      vertex 0.554328 4.025572 2.098202
      vertex 0.498882 4.076138 2.109743
      vertex 0.554328 3.938882 2.365008
    endloop
  endfacet
  facet normal 0.681667 0.695852 0.226096
    outer loop
      vertex 0.498882 4.076138 2.109743
      vertex 0.498882 3.986574 2.385392
      vertex 0.554328 3.938882 2.365008
    endloop
  endfacet
  facet normal 0.518763 0.813075 0.264184
    outer loop
      vertex 0.498882 4.076138 2.109743
      vertex 0.424264 4.120459 2.119859
      vertex 0.498882 3.986574 2.385392
    endloop
  endfacet
  facet normal 0.518763 0.813075 0.264184
    outer loop
      vertex 0.424264 4.120459 2.119859
      vertex 0.424264 4.028377 2.403259
      vertex 0.498882 3.986574 2.385392
    endloop
  endfacet
  facet normal 0.378313 0.880372 0.286050
    outer loop
      vertex 0.424264 4.120459 2.119859
      vertex 0.333342 4.156832 2.128161
      vertex 0.424264 4.028377 2.403259
    endloop
  endfacet
  facet normal 0.378313 0.880372 0.286050
    outer loop
      vertex 0.333342 4.156832 2.128161
      vertex 0.333342 4.062683 2.417923
      vertex 0.424264 4.028377 2.403259
    endloop
  endfacet
  facet normal 0.257223 0.919055 0.298619
    outer loop
      vertex 0.333342 4.156832 2.128161
      vertex 0.229610 4.183860 2.134330
      vertex 0.333342 4.062683 2.417923
    endloop
  endfacet
  facet normal 0.257223 0.919055 0.298619
    outer loop
      vertex 0.229610 4.183860 2.134330
      vertex 0.229610 4.088175 2.428819
      vertex 0.333342 4.062683 2.417923
    endloop
  endfacet
  facet normal 0.098573 0.946425 0.307512
    outer loop
      vertex 0.229610 4.183860 2.134330
      vertex 0.000000 4.206124 2.139412
      vertex 0.229610 4.088175 2.428819
    endloop
  endfacet
  facet normal 0.098573 0.946425 0.307512
    outer loop
      vertex 0.000000 4.206124 2.139412
      vertex 0.000000 4.109174 2.437794
      vertex 0.229610 4.088175 2.428819
    endloop
  endfacet
  facet normal -0.098573 0.946425 0.307512
    outer loop
      vertex 0.000000 4.206124 2.139412
      vertex -0.229610 4.088175 2.428819
      vertex 0.000000 4.109174 2.437794
    endloop
  endfacet
  facet normal -0.098573 0.946425 0.307512
    outer loop
      vertex 0.000000 4.206124 2.139412
      vertex -0.229610 4.183860 2.134330
      vertex -0.229610 4.088175 2.428819
    endloop
  endfacet
  facet normal -0.257223 0.919055 0.298619
    outer loop
      vertex -0.229610 4.183860 2.134330
      vertex -0.333342 4.062683 2.417923
      vertex -0.229610 4.088175 2.428819
    endloop
  endfacet
  facet normal -0.257223 0.919055 0.298619
    outer loop
      vertex -0.229610 4.183860 2.134330
      vertex -0.333342 4.156832 2.128161
      vertex -0.333342 4.062683 2.417923
    endloop
  endfacet
  facet normal -0.378313 0.880372 0.286050
    outer loop
      vertex -0.333342 4.156832 2.128161
      vertex -0.424264 4.028377 2.403259
      vertex -0.333342 4.062683 2.417923
    endloop
  endfacet
  facet normal -0.378313 0.880372 0.286050
    outer loop
      vertex -0.333342 4.156832 2.128161
      vertex -0.424264 4.120459 2.119859
      vertex -0.424264 4.028377 2.403259
    endloop
  endfacet
  facet normal -0.518763 0.813075 0.264184
    outer loop
      vertex -0.424264 4.120459 2.119859
      vertex -0.498882 3.986574 2.385392
      vertex -0.424264 4.028377 2.403259
    endloop
  endfacet
  facet normal -0.518763 0.813075 0.264184
    outer loop
      vertex -0.424264 4.120459 2.119859
      vertex -0.498882 4.076138 2.109743
      vertex -0.498882 3.986574 2.385392
    endloop
  endfacet
  facet normal -0.681667 0.695852 0.226096
    outer loop
      vertex -0.498882 4.076138 2.109743
      vertex -0.554328 3.938882 2.365008
      vertex -0.498882 3.986574 2.385392
    endloop
  endfacet
  facet normal -0.681667 0.695852 0.226096
    outer loop
      vertex -0.498882 4.076138 2.109743
      vertex -0.554328 4.025572 2.098202
      vertex -0.554328 3.938882 2.365008
    endloop
  endfacet
  facet normal -0.854028 0.494766 0.160759
    outer loop
      vertex -0.554328 4.025572 2.098202
      vertex -0.588471 3.887133 2.342889
      vertex -0.554328 3.938882 2.365008
    endloop
  endfacet
  facet normal -0.854028 0.494766 0.160759
    outer loop
      vertex -0.554328 4.025572 2.098202
      vertex -0.588471 3.970705 2.085679
      vertex -0.588471 3.887133 2.342889
    endloop
  endfacet
  facet normal -0.980997 0.184525 0.059956
    outer loop
      vertex -0.588471 3.970705 2.085679
      vertex -0.600000 3.833315 2.319886
      vertex -0.588471 3.887133 2.342889
    endloop
  endfacet
  facet normal -0.980997 0.184525 0.059956
    outer loop
      vertex -0.588471 3.970705 2.085679
      vertex -0.600000 3.913645 2.072655
      vertex -0.600000 3.833315 2.319886
    endloop
  endfacet
  facet normal -0.980997 -0.184525 -0.059956
    outer loop
      vertex -0.600000 3.913645 2.072655
      vertex -0.588471 3.779498 2.296884
      vertex -0.600000 3.833315 2.319886
    endloop
  endfacet
  facet normal -0.980997 -0.184525 -0.059956
    outer loop
      vertex -0.600000 3.913645 2.072655
      vertex -0.588471 3.856586 2.059632
      vertex -0.588471 3.779498 2.296884
    endloop
  endfacet
  facet normal -0.854028 -0.494766 -0.160759
    outer loop
      vertex -0.588471 3.779498 2.296884
      vertex -0.554328 3.801719 2.047109
      vertex -0.554328 3.727749 2.274765
    endloop
  endfacet
  facet normal -0.854028 -0.494766 -0.160759
    outer loop
      vertex -0.588471 3.779498 2.296884
      vertex -0.588471 3.856586 2.059632
      vertex -0.554328 3.801719 2.047109
    endloop
  endfacet
  facet normal -0.681667 -0.695852 -0.226096
    outer loop
      vertex -0.554328 3.727749 2.274765
      vertex -0.498882 3.751153 2.035568
      vertex -0.498882 3.680057 2.254380
    endloop
  endfacet
  facet normal -0.681667 -0.695852 -0.226096
    outer loop
      vertex -0.554328 3.727749 2.274765
      vertex -0.554328 3.801719 2.047109
      vertex -0.498882 3.751153 2.035568
    endloop
  endfacet
  facet normal -0.518763 -0.813075 -0.264184
    outer loop
      vertex -0.498882 3.680057 2.254380
      vertex -0.424264 3.706832 2.025452
      vertex -0.424264 3.638254 2.236513
    endloop
  endfacet
  facet normal -0.518763 -0.813075 -0.264184
    outer loop
      vertex -0.498882 3.680057 2.254380
      vertex -0.498882 3.751153 2.035568
      vertex -0.424264 3.706832 2.025452
    endloop
  endfacet
  facet normal -0.378313 -0.880372 -0.286050
    outer loop
      vertex -0.424264 3.638254 2.236513
      vertex -0.333342 3.670459 2.017150
      vertex -0.333342 3.603947 2.221850
    endloop
  endfacet
  facet normal -0.378313 -0.880372 -0.286050
    outer loop
      vertex -0.424264 3.638254 2.236513
      vertex -0.424264 3.706832 2.025452
      vertex -0.333342 3.670459 2.017150
    endloop
  endfacet
  facet normal -0.257223 -0.919055 -0.298619
    outer loop
      vertex -0.333342 3.603947 2.221850
      vertex -0.229610 3.643431 2.010981
      vertex -0.229610 3.578455 2.210954
    endloop
  endfacet
  facet normal -0.257223 -0.919055 -0.298619
    outer loop
      vertex -0.333342 3.603947 2.221850
      vertex -0.333342 3.670459 2.017150
      vertex -0.229610 3.643431 2.010981
    endloop
  endfacet
  facet normal -0.098573 -0.946425 -0.307512
    outer loop
      vertex -0.229610 3.578455 2.210954
      vertex 0.000000 3.621167 2.005899
      vertex 0.000000 3.557457 2.201979
    endloop
  endfacet
  facet normal -0.098573 -0.946425 -0.307512
    outer loop
      vertex -0.229610 3.578455 2.210954
      vertex -0.229610 3.643431 2.010981
      vertex 0.000000 3.621167 2.005899
    endloop
  endfacet
  facet normal 0.098573 -0.876307 -0.471561
    outer loop
      vertex 0.229610 3.478818 2.396112
      vertex 0.000000 3.557457 2.201979
      vertex 0.229610 3.578455 2.210954
    endloop
  endfacet
  facet normal 0.098573 -0.876307 -0.471561
    outer loop
      vertex 0.229610 3.478818 2.396112
      vertex 0.000000 3.459759 2.383532
      vertex 0.000000 3.557457 2.201979
    endloop
  endfacet
  facet normal 0.257223 -0.850965 -0.457924
    outer loop
      vertex 0.333342 3.501955 2.411384
      vertex 0.229610 3.578455 2.210954
      vertex 0.333342 3.603947 2.221850
    endloop
  endfacet
  facet normal 0.257223 -0.850965 -0.457924
    outer loop
      vertex 0.333342 3.501955 2.411384
      vertex 0.229610 3.478818 2.396112
      vertex 0.229610 3.578455 2.210954
    endloop
  endfacet
  facet normal 0.378313 -0.815148 -0.438650
    outer loop
      vertex 0.424264 3.533091 2.431938
      vertex 0.333342 3.603947 2.221850
      vertex 0.424264 3.638254 2.236513
    endloop
  endfacet
  facet normal 0.378313 -0.815148 -0.438650
    outer loop
      vertex 0.424264 3.533091 2.431938
      vertex 0.333342 3.501955 2.411384
      vertex 0.333342 3.603947 2.221850
    endloop
  endfacet
  facet normal 0.518763 -0.752837 -0.405119
    outer loop
      vertex 0.498882 3.571032 2.456982
      vertex 0.424264 3.638254 2.236513
      vertex 0.498882 3.680057 2.254380
    endloop
  endfacet
  facet normal 0.518763 -0.752837 -0.405119
    outer loop
      vertex 0.498882 3.571032 2.456982
      vertex 0.424264 3.533091 2.431938
      vertex 0.424264 3.638254 2.236513
    endloop
  endfacet
  facet normal 0.681667 -0.644299 -0.346712
    outer loop
      vertex 0.554328 3.614318 2.485555
      vertex 0.498882 3.680057 2.254380
      vertex 0.554328 3.727749 2.274765
    endloop
  endfacet
  facet normal 0.681667 -0.644299 -0.346712
    outer loop
      vertex 0.554328 3.614318 2.485555
      vertex 0.498882 3.571032 2.456982
      vertex 0.498882 3.680057 2.254380
    endloop
  endfacet
  facet normal 0.854028 -0.458110 -0.246519
    outer loop
      vertex 0.588471 3.661286 2.516558
      vertex 0.554328 3.727749 2.274765
      vertex 0.588471 3.779498 2.296884
    endloop
  endfacet
  facet normal 0.854028 -0.458110 -0.246519
    outer loop
      vertex 0.588471 3.661286 2.516558
      vertex 0.554328 3.614318 2.485555
      vertex 0.554328 3.727749 2.274765
    endloop
  endfacet
  facet normal 0.980997 -0.170854 -0.091940
    outer loop
      vertex 0.588471 3.779498 2.296884
      vertex 0.600000 3.833315 2.319886
      vertex 0.588471 3.661286 2.516558
    endloop
  endfacet
  facet normal 0.980997 -0.170854 -0.091940
    outer loop
      vertex 0.600000 3.833315 2.319886
      vertex 0.600000 3.710131 2.548801
      vertex 0.588471 3.661286 2.516558
    endloop
  endfacet
  facet normal 0.980997 0.170854 0.091940
    outer loop
      vertex 0.600000 3.833315 2.319886
      vertex 0.588471 3.887133 2.342889
      vertex 0.600000 3.710131 2.548801
    endloop
  endfacet
  facet normal 0.980997 0.170854 0.091940
    outer loop
      vertex 0.588471 3.887133 2.342889
      vertex 0.588471 3.758976 2.581043
      vertex 0.600000 3.710131 2.548801
    endloop
  endfacet
  facet normal 0.854028 0.458110 0.246519
    outer loop
      vertex 0.588471 3.887133 2.342889
      vertex 0.554328 3.938882 2.365008
      vertex 0.588471 3.758976 2.581043
    endloop
  endfacet
  facet normal 0.854028 0.458110 0.246519
    outer loop
      vertex 0.554328 3.938882 2.365008
      vertex 0.554328 3.805944 2.612046
      vertex 0.588471 3.758976 2.581043
    endloop
  endfacet
  facet normal 0.681667 0.644299 0.346712
    outer loop
      vertex 0.554328 3.938882 2.365008
      vertex 0.498882 3.986574 2.385392
      vertex 0.554328 3.805944 2.612046
    endloop
  endfacet
  facet normal 0.681667 0.644299 0.346712
    outer loop
      vertex 0.498882 3.986574 2.385392
      vertex 0.498882 3.849230 2.640619
      vertex 0.554328 3.805944 2.612046
    endloop
  endfacet
  facet normal 0.518763 0.752837 0.405119
    outer loop
      vertex 0.498882 3.986574 2.385392
      vertex 0.424264 4.028377 2.403259
      vertex 0.498882 3.849230 2.640619
    endloop
  endfacet
  facet normal 0.518763 0.752837 0.405119
    outer loop
      vertex 0.424264 4.028377 2.403259
      vertex 0.424264 3.887171 2.665664
      vertex 0.498882 3.849230 2.640619
    endloop
  endfacet
  facet normal 0.378313 0.815148 0.438650
    outer loop
      vertex 0.424264 4.028377 2.403259
      vertex 0.333342 4.062683 2.417923
      vertex 0.424264 3.887171 2.665664
    endloop
  endfacet
  facet normal 0.378313 0.815148 0.438650
    outer loop
      vertex 0.333342 4.062683 2.417923
      vertex 0.333342 3.918308 2.686217
      vertex 0.424264 3.887171 2.665664
    endloop
  endfacet
  facet normal 0.257223 0.850965 0.457924
    outer loop
      vertex 0.333342 4.062683 2.417923
      vertex 0.229610 4.088175 2.428819
      vertex 0.333342 3.918308 2.686217
    endloop
  endfacet
  facet normal 0.257223 0.850965 0.457924
    outer loop
      vertex 0.229610 4.088175 2.428819
      vertex 0.229610 3.941445 2.701489
      vertex 0.333342 3.918308 2.686217
    endloop
  endfacet
  facet normal 0.098573 0.876307 0.471561
    outer loop
      vertex 0.229610 4.088175 2.428819
      vertex 0.000000 4.109174 2.437794
      vertex 0.229610 3.941445 2.701489
    endloop
  endfacet
  facet normal 0.098573 0.876307 0.471561
    outer loop
      vertex 0.000000 4.109174 2.437794
      vertex 0.000000 3.960503 2.714070
      vertex 0.229610 3.941445 2.701489
    endloop
  endfacet
  facet normal -0.098573 0.876307 0.471561
    outer loop
      vertex 0.000000 4.109174 2.437794
      vertex -0.229610 3.941445 2.701489
      vertex 0.000000 3.960503 2.714070
    endloop
  endfacet
  facet normal -0.098573 0.876307 0.471561
    outer loop
      vertex 0.000000 4.109174 2.437794
      vertex -0.229610 4.088175 2.428819
      vertex -0.229610 3.941445 2.701489
    endloop
  endfacet
  facet normal -0.257223 0.850965 0.457924
    outer loop
      vertex -0.229610 4.088175 2.428819
      vertex -0.333342 3.918308 2.686217
      vertex -0.229610 3.941445 2.701489
    endloop
  endfacet
  facet normal -0.257223 0.850965 0.457924
    outer loop
      vertex -0.229610 4.088175 2.428819
      vertex -0.333342 4.062683 2.417923
      vertex -0.333342 3.918308 2.686217
    endloop
  endfacet
  facet normal -0.378313 0.815148 0.438650
    outer loop
      vertex -0.333342 4.062683 2.417923
      vertex -0.424264 3.887171 2.665664
      vertex -0.333342 3.918308 2.686217
    endloop
  endfacet
  facet normal -0.378313 0.815148 0.438650
    outer loop
      vertex -0.333342 4.062683 2.417923
      vertex -0.424264 4.028377 2.403259
      vertex -0.424264 3.887171 2.665664
    endloop
  endfacet
  facet normal -0.518763 0.752837 0.405119
    outer loop
      vertex -0.424264 4.028377 2.403259
      vertex -0.498882 3.849230 2.640619
      vertex -0.424264 3.887171 2.665664
    endloop
  endfacet
  facet normal -0.518763 0.752837 0.405119
    outer loop
      vertex -0.424264 4.028377 2.403259
      vertex -0.498882 3.986574 2.385392
      vertex -0.498882 3.849230 2.640619
    endloop
  endfacet
  facet normal -0.681667 0.644299 0.346712
    outer loop
      vertex -0.498882 3.986574 2.385392
      vertex -0.554328 3.805944 2.612046
      vertex -0.498882 3.849230 2.640619
    endloop
  endfacet
  facet normal -0.681667 0.644299 0.346712
    outer loop
      vertex -0.498882 3.986574 2.385392
      vertex -0.554328 3.938882 2.365008
      vertex -0.554328 3.805944 2.612046
    endloop
  endfacet
  facet normal -0.854028 0.458110 0.246519
    outer loop
      vertex -0.554328 3.938882 2.365008
      vertex -0.588471 3.758976 2.581043
      vertex -0.554328 3.805944 2.612046
    endloop
  endfacet
  facet normal -0.854028 0.458110 0.246519
    outer loop
      vertex -0.554328 3.938882 2.365008
      vertex -0.588471 3.887133 2.342889
      vertex -0.588471 3.758976 2.581043
    endloop
  endfacet
  facet normal -0.980997 0.170854 0.091940
    outer loop
      vertex -0.588471 3.887133 2.342889
      vertex -0.600000 3.710131 2.548801
      vertex -0.588471 3.758976 2.581043
    endloop
  endfacet
  facet normal -0.980997 0.170854 0.091940
    outer loop
      vertex -0.588471 3.887133 2.342889
      vertex -0.600000 3.833315 2.319886
      vertex -0.600000 3.710131 2.548801
    endloop
  endfacet
  facet normal -0.980997 -0.170854 -0.091940
    outer loop
      vertex -0.600000 3.833315 2.319886
      vertex -0.588471 3.661286 2.516558
      vertex -0.600000 3.710131 2.548801
    endloop
  endfacet
  facet normal -0.980997 -0.170854 -0.091940
    outer loop
      vertex -0.600000 3.833315 2.319886
      vertex -0.588471 3.779498 2.296884
      vertex -0.588471 3.661286 2.516558
    endloop
  endfacet
  facet normal -0.854028 -0.458110 -0.246519
    outer loop
      vertex -0.588471 3.661286 2.516558
      vertex -0.554328 3.727749 2.274765
      vertex -0.554328 3.614318 2.485555
    endloop
  endfacet
  facet normal -0.854028 -0.458110 -0.246519
    outer loop
      vertex -0.588471 3.661286 2.516558
      vertex -0.588471 3.779498 2.296884
      vertex -0.554328 3.727749 2.274765
    endloop
  endfacet
  facet normal -0.681667 -0.644299 -0.346712
    outer loop
      vertex -0.554328 3.614318 2.485555
      vertex -0.498882 3.680057 2.254380
      vertex -0.498882 3.571032 2.456982
    endloop
  endfacet
  facet normal -0.681667 -0.644299 -0.346712
    outer loop
      vertex -0.554328 3.614318 2.485555
      vertex -0.554328 3.727749 2.274765
      vertex -0.498882 3.680057 2.254380
    endloop
  endfacet
  facet normal -0.518763 -0.752837 -0.405119
    outer loop
      vertex -0.498882 3.571032 2.456982
      vertex -0.424264 3.638254 2.236513
      vertex -0.424264 3.533091 2.431938
    endloop
  endfacet
  facet normal -0.518763 -0.752837 -0.405119
    outer loop
      vertex -0.498882 3.571032 2.456982
      vertex -0.498882 3.680057 2.254380
      vertex -0.424264 3.638254 2.236513
    endloop
  endfacet
  facet normal -0.378313 -0.815148 -0.438650
    outer loop
      vertex -0.424264 3.533091 2.431938
      vertex -0.333342 3.603947 2.221850
      vertex -0.333342 3.501955 2.411384
    endloop
  endfacet
  facet normal -0.378313 -0.815148 -0.438650
    outer loop
      vertex -0.424264 3.533091 2.431938
      vertex -0.424264 3.638254 2.236513
      vertex -0.333342 3.603947 2.221850
    endloop
  endfacet
  facet normal -0.257223 -0.850965 -0.457924
    outer loop
      vertex -0.333342 3.501955 2.411384
      vertex -0.229610 3.578455 2.210954
      vertex -0.229610 3.478818 2.396112
    endloop
  endfacet
  facet normal -0.257223 -0.850965 -0.457924
    outer loop
      vertex -0.333342 3.501955 2.411384
      vertex -0.333342 3.603947 2.221850
      vertex -0.229610 3.578455 2.210954
    endloop
  endfacet
  facet normal -0.098573 -0.876307 -0.471561
    outer loop
      vertex -0.229610 3.478818 2.396112
      vertex 0.000000 3.557457 2.201979
      vertex 0.000000 3.459759 2.383532
    endloop
  endfacet
  facet normal -0.098573 -0.876307 -0.471561
    outer loop
      vertex -0.229610 3.478818 2.396112
      vertex -0.229610 3.578455 2.210954
      vertex 0.000000 3.557457 2.201979
    endloop
  endfacet
  facet normal 0.098573 -0.778024 -0.620453
    outer loop
      vertex 0.229610 3.347720 2.560503
      vertex 0.000000 3.459759 2.383532
      vertex 0.229610 3.478818 2.396112
    endloop
  endfacet
  facet normal 0.098573 -0.778024 -0.620453
    outer loop
      vertex 0.229610 3.347720 2.560503
      vertex 0.000000 3.331214 2.544722
      vertex 0.000000 3.459759 2.383532
    endloop
  endfacet
  facet normal 0.257223 -0.755524 -0.602511
    outer loop
      vertex 0.333342 3.367758 2.579662
      vertex 0.229610 3.478818 2.396112
      vertex 0.333342 3.501955 2.411384
    endloop
  endfacet
  facet normal 0.257223 -0.755524 -0.602511
    outer loop
      vertex 0.333342 3.367758 2.579662
      vertex 0.229610 3.347720 2.560503
      vertex 0.229610 3.478818 2.396112
    endloop
  endfacet
  facet normal 0.378313 -0.723724 -0.577151
    outer loop
      vertex 0.424264 3.394725 2.605444
      vertex 0.333342 3.501955 2.411384
      vertex 0.424264 3.533091 2.431938
    endloop
  endfacet
  facet normal 0.378313 -0.723724 -0.577151
    outer loop
      vertex 0.424264 3.394725 2.605444
      vertex 0.333342 3.367758 2.579662
      vertex 0.333342 3.501955 2.411384
    endloop
  endfacet
  facet normal 0.518763 -0.668402 -0.533033
    outer loop
      vertex 0.498882 3.427584 2.636861
      vertex 0.424264 3.533091 2.431938
      vertex 0.498882 3.571032 2.456982
    endloop
  endfacet
  facet normal 0.518763 -0.668402 -0.533033
    outer loop
      vertex 0.498882 3.427584 2.636861
      vertex 0.424264 3.394725 2.605444
      vertex 0.424264 3.533091 2.431938
    endloop
  endfacet
  facet normal 0.681667 -0.572037 -0.456184
    outer loop
      vertex 0.554328 3.465072 2.672703
      vertex 0.498882 3.571032 2.456982
      vertex 0.554328 3.614318 2.485555
    endloop
  endfacet
  facet normal 0.681667 -0.572037 -0.456184
    outer loop
      vertex 0.554328 3.465072 2.672703
      vertex 0.498882 3.427584 2.636861
      vertex 0.498882 3.571032 2.456982
    endloop
  endfacet
  facet normal 0.854028 -0.406730 -0.324356
    outer loop
      vertex 0.554328 3.614318 2.485555
      vertex 0.588471 3.661286 2.516558
      vertex 0.554328 3.465072 2.672703
    endloop
  endfacet
  facet normal 0.854028 -0.406730 -0.324356
    outer loop
      vertex 0.588471 3.661286 2.516558
      vertex 0.588471 3.505749 2.711595
      vertex 0.554328 3.465072 2.672703
    endloop
  endfacet
  facet normal 0.980997 -0.151691 -0.120970
    outer loop
      vertex 0.588471 3.661286 2.516558
      vertex 0.600000 3.710131 2.548801
      vertex 0.588471 3.505749 2.711595
    endloop
  endfacet
  facet normal 0.980997 -0.151691 -0.120970
    outer loop
      vertex 0.600000 3.710131 2.548801
      vertex 0.600000 3.548053 2.752041
      vertex 0.588471 3.505749 2.711595
    endloop
  endfacet
  facet normal 0.980997 0.151691 0.120970
    outer loop
      vertex 0.600000 3.710131 2.548801
      vertex 0.588471 3.758976 2.581043
      vertex 0.600000 3.548053 2.752041
    endloop
  endfacet
  facet normal 0.980997 0.151691 0.120970
    outer loop
      vertex 0.588471 3.758976 2.581043
      vertex 0.588471 3.590356 2.792487
      vertex 0.600000 3.548053 2.752041
    endloop
  endfacet
  facet normal 0.854028 0.406730 0.324356
    outer loop
      vertex 0.588471 3.758976 2.581043
      vertex 0.554328 3.805944 2.612046
      vertex 0.588471 3.590356 2.792487
    endloop
  endfacet
  facet normal 0.854028 0.406730 0.324356
    outer loop
      vertex 0.554328 3.805944 2.612046
      vertex 0.554328 3.631033 2.831378
      vertex 0.588471 3.590356 2.792487
    endloop
  endfacet
  facet normal 0.681667 0.572037 0.456184
    outer loop
      vertex 0.554328 3.805944 2.612046
      vertex 0.498882 3.849230 2.640619
      vertex 0.554328 3.631033 2.831378
    endloop
  endfacet
  facet normal 0.681667 0.572037 0.456184
    outer loop
      vertex 0.498882 3.849230 2.640619
      vertex 0.498882 3.668522 2.867221
      vertex 0.554328 3.631033 2.831378
    endloop
  endfacet
  facet normal 0.518763 0.668402 0.533033
    outer loop
      vertex 0.498882 3.849230 2.640619
      vertex 0.424264 3.887171 2.665664
      vertex 0.498882 3.668522 2.867221
    endloop
  endfacet
  facet normal 0.518763 0.668402 0.533033
    outer loop
      vertex 0.424264 3.887171 2.665664
      vertex 0.424264 3.701380 2.898637
      vertex 0.498882 3.668522 2.867221
    endloop
  endfacet
  facet normal 0.378313 0.723724 0.577151
    outer loop
      vertex 0.424264 3.887171 2.665664
      vertex 0.333342 3.918308 2.686217
      vertex 0.424264 3.701380 2.898637
    endloop
  endfacet
  facet normal 0.378313 0.723724 0.577151
    outer loop
      vertex 0.333342 3.918308 2.686217
      vertex 0.333342 3.728347 2.924420
      vertex 0.424264 3.701380 2.898637
    endloop
  endfacet
  facet normal 0.257223 0.755524 0.602511
    outer loop
      vertex 0.333342 3.918308 2.686217
      vertex 0.229610 3.941445 2.701489
      vertex 0.333342 3.728347 2.924420
    endloop
  endfacet
  facet normal 0.257223 0.755524 0.602511
    outer loop
      vertex 0.229610 3.941445 2.701489
      vertex 0.229610 3.748385 2.943578
      vertex 0.333342 3.728347 2.924420
    endloop
  endfacet
  facet normal 0.098573 0.778024 0.620453
    outer loop
      vertex 0.229610 3.941445 2.701489
      vertex 0.000000 3.960503 2.714070
      vertex 0.229610 3.748385 2.943578
    endloop
  endfacet
  facet normal 0.098573 0.778024 0.620453
    outer loop
      vertex 0.000000 3.960503 2.714070
      vertex 0.000000 3.764891 2.959360
      vertex 0.229610 3.748385 2.943578
    endloop
  endfacet
  facet normal -0.098573 0.778024 0.620453
    outer loop
      vertex 0.000000 3.960503 2.714070
      vertex -0.229610 3.748385 2.943578
      vertex 0.000000 3.764891 2.959360
    endloop
  endfacet
  facet normal -0.098573 0.778024 0.620453
    outer loop
      vertex 0.000000 3.960503 2.714070
      vertex -0.229610 3.941445 2.701489
      vertex -0.229610 3.748385 2.943578
    endloop
  endfacet
  facet normal -0.257223 0.755524 0.602511
    outer loop
      vertex -0.229610 3.941445 2.701489
      vertex -0.333342 3.728347 2.924420
      vertex -0.229610 3.748385 2.943578
    endloop
  endfacet
  facet normal -0.257223 0.755524 0.602511
    outer loop
      vertex -0.229610 3.941445 2.701489
      vertex -0.333342 3.918308 2.686217
      vertex -0.333342 3.728347 2.924420
    endloop
  endfacet
  facet normal -0.378313 0.723724 0.577151
    outer loop
      vertex -0.333342 3.918308 2.686217
      vertex -0.424264 3.701380 2.898637
      vertex -0.333342 3.728347 2.924420
    endloop
  endfacet
  facet normal -0.378313 0.723724 0.577151
    outer loop
      vertex -0.333342 3.918308 2.686217
      vertex -0.424264 3.887171 2.665664
      vertex -0.424264 3.701380 2.898637
    endloop
  endfacet
  facet normal -0.518763 0.668402 0.533033
    outer loop
      vertex -0.424264 3.887171 2.665664
      vertex -0.498882 3.668522 2.867221
      vertex -0.424264 3.701380 2.898637
    endloop
  endfacet
  facet normal -0.518763 0.668402 0.533033
    outer loop
      vertex -0.424264 3.887171 2.665664
      vertex -0.498882 3.849230 2.640619
      vertex -0.498882 3.668522 2.867221
    endloop
  endfacet
  facet normal -0.681667 0.572037 0.456184
    outer loop
      vertex -0.498882 3.849230 2.640619
      vertex -0.554328 3.631033 2.831378
      vertex -0.498882 3.668522 2.867221
    endloop
  endfacet
  facet normal -0.681667 0.572037 0.456184
    outer loop
      vertex -0.498882 3.849230 2.640619
      vertex -0.554328 3.805944 2.612046
      vertex -0.554328 3.631033 2.831378
    endloop
  endfacet
  facet normal -0.854028 0.406730 0.324356
    outer loop
      vertex -0.554328 3.805944 2.612046
      vertex -0.588471 3.590356 2.792487
      vertex -0.554328 3.631033 2.831378
    endloop
  endfacet
  facet normal -0.854028 0.406730 0.324356
    outer loop
      vertex -0.554328 3.805944 2.612046
      vertex -0.588471 3.758976 2.581043
      vertex -0.588471 3.590356 2.792487
    endloop
  endfacet
  facet normal -0.980997 0.151691 0.120970
    outer loop
      vertex -0.588471 3.758976 2.581043
      vertex -0.600000 3.548053 2.752041
      vertex -0.588471 3.590356 2.792487
    endloop
  endfacet
  facet normal -0.980997 0.151691 0.120970
    outer loop
      vertex -0.588471 3.758976 2.581043
      vertex -0.600000 3.710131 2.548801
      vertex -0.600000 3.548053 2.752041
    endloop
  endfacet
  facet normal -0.980997 -0.151691 -0.120970
    outer loop
      vertex -0.600000 3.710131 2.548801
      vertex -0.588471 3.505749 2.711595
      vertex -0.600000 3.548053 2.752041
    endloop
  endfacet
  facet normal -0.980997 -0.151691 -0.120970
    outer loop
      vertex -0.600000 3.710131 2.548801
      vertex -0.588471 3.661286 2.516558
      vertex -0.588471 3.505749 2.711595
    endloop
  endfacet
  facet normal -0.854028 -0.406730 -0.324356
    outer loop
      vertex -0.588471 3.661286 2.516558
      vertex -0.554328 3.465072 2.672703
      vertex -0.588471 3.505749 2.711595
    endloop
  endfacet
  facet normal -0.854028 -0.406730 -0.324356
    outer loop
      vertex -0.588471 3.661286 2.516558
      vertex -0.554328 3.614318 2.485555
      vertex -0.554328 3.465072 2.672703
    endloop
  endfacet
  facet normal -0.681667 -0.572037 -0.456184
    outer loop
      vertex -0.554328 3.465072 2.672703
      vertex -0.498882 3.571032 2.456982
      vertex -0.498882 3.427584 2.636861
    endloop
  endfacet
  facet normal -0.681667 -0.572037 -0.456184
    outer loop
      vertex -0.554328 3.465072 2.672703
      vertex -0.554328 3.614318 2.485555
      vertex -0.498882 3.571032 2.456982
    endloop
  endfacet
  facet normal -0.518763 -0.668402 -0.533033
    outer loop
      vertex -0.498882 3.427584 2.636861
      vertex -0.424264 3.533091 2.431938
      vertex -0.424264 3.394725 2.605444
    endloop
  endfacet
  facet normal -0.518763 -0.668402 -0.533033
    outer loop
      vertex -0.498882 3.427584 2.636861
      vertex -0.498882 3.571032 2.456982
      vertex -0.424264 3.533091 2.431938
    endloop
  endfacet
  facet normal -0.378313 -0.723724 -0.577151
    outer loop
      vertex -0.424264 3.394725 2.605444
      vertex -0.333342 3.501955 2.411384
      vertex -0.333342 3.367758 2.579662
    endloop
  endfacet
  facet normal -0.378313 -0.723724 -0.577151
    outer loop
      vertex -0.424264 3.394725 2.605444
      vertex -0.424264 3.533091 2.431938
      vertex -0.333342 3.501955 2.411384
    endloop
  endfacet
  facet normal -0.257223 -0.755524 -0.602511
    outer loop
      vertex -0.333342 3.367758 2.579662
      vertex -0.229610 3.478818 2.396112
      vertex -0.229610 3.347720 2.560503
    endloop
  endfacet
  facet normal -0.257223 -0.755524 -0.602511
    outer loop
      vertex -0.333342 3.367758 2.579662
      vertex -0.333342 3.501955 2.411384
      vertex -0.229610 3.478818 2.396112
    endloop
  endfacet
  facet normal -0.098573 -0.778024 -0.620453
    outer loop
      vertex -0.229610 3.347720 2.560503
      vertex 0.000000 3.459759 2.383532
      vertex 0.000000 3.331214 2.544722
    endloop
  endfacet
  facet normal -0.098573 -0.778024 -0.620453
    outer loop
      vertex -0.229610 3.347720 2.560503
      vertex -0.229610 3.478818 2.396112
      vertex 0.000000 3.459759 2.383532
    endloop
  endfacet
  facet normal 0.098573 -0.654734 -0.749404
    outer loop
      vertex 0.229610 3.189376 2.698844
      vertex 0.000000 3.331214 2.544722
      vertex 0.229610 3.347720 2.560503
    endloop
  endfacet
  facet normal 0.098573 -0.654734 -0.749404
    outer loop
      vertex 0.229610 3.189376 2.698844
      vertex 0.000000 3.175953 2.680370
      vertex 0.000000 3.331214 2.544722
    endloop
  endfacet
  facet normal 0.257223 -0.635800 -0.727732
    outer loop
      vertex 0.333342 3.205671 2.721273
      vertex 0.229610 3.347720 2.560503
      vertex 0.333342 3.367758 2.579662
    endloop
  endfacet
  facet normal 0.257223 -0.635800 -0.727732
    outer loop
      vertex 0.333342 3.205671 2.721273
      vertex 0.229610 3.189376 2.698844
      vertex 0.229610 3.347720 2.560503
    endloop
  endfacet
  facet normal 0.378313 -0.609039 -0.697102
    outer loop
      vertex 0.424264 3.227601 2.751456
      vertex 0.333342 3.367758 2.579662
      vertex 0.424264 3.394725 2.605444
    endloop
  endfacet
  facet normal 0.378313 -0.609039 -0.697102
    outer loop
      vertex 0.424264 3.227601 2.751456
      vertex 0.333342 3.205671 2.721273
      vertex 0.333342 3.367758 2.579662
    endloop
  endfacet
  facet normal 0.518763 -0.562484 -0.643814
    outer loop
      vertex 0.498882 3.254322 2.788235
      vertex 0.424264 3.394725 2.605444
      vertex 0.498882 3.427584 2.636861
    endloop
  endfacet
  facet normal 0.518763 -0.562484 -0.643814
    outer loop
      vertex 0.498882 3.254322 2.788235
      vertex 0.424264 3.227601 2.751456
      vertex 0.424264 3.394725 2.605444
    endloop
  endfacet
  facet normal 0.681667 -0.481389 -0.550994
    outer loop
      vertex 0.498882 3.427584 2.636861
      vertex 0.554328 3.465072 2.672703
      vertex 0.498882 3.254322 2.788235
    endloop
  endfacet
  facet normal 0.681667 -0.481389 -0.550994
    outer loop
      vertex 0.554328 3.465072 2.672703
      vertex 0.554328 3.284808 2.830195
      vertex 0.498882 3.254322 2.788235
    endloop
  endfacet
  facet normal 0.854028 -0.342278 -0.391768
    outer loop
      vertex 0.554328 3.465072 2.672703
      vertex 0.588471 3.505749 2.711595
      vertex 0.554328 3.284808 2.830195
    endloop
  endfacet
  facet normal 0.854028 -0.342278 -0.391768
    outer loop
      vertex 0.588471 3.505749 2.711595
      vertex 0.588471 3.317887 2.875725
      vertex 0.554328 3.284808 2.830195
    endloop
  endfacet
  facet normal 0.980997 -0.127654 -0.146111
    outer loop
      vertex 0.588471 3.505749 2.711595
      vertex 0.600000 3.548053 2.752041
      vertex 0.588471 3.317887 2.875725
    endloop
  endfacet
  facet normal 0.980997 -0.127654 -0.146111
    outer loop
      vertex 0.600000 3.548053 2.752041
      vertex 0.600000 3.352289 2.923075
      vertex 0.588471 3.317887 2.875725
    endloop
  endfacet
  facet normal 0.980997 0.127654 0.146111
    outer loop
      vertex 0.600000 3.548053 2.752041
      vertex 0.588471 3.590356 2.792487
      vertex 0.600000 3.352289 2.923075
    endloop
  endfacet
  facet normal 0.980997 0.127654 0.146111
    outer loop
      vertex 0.588471 3.590356 2.792487
      vertex 0.588471 3.386690 2.970424
      vertex 0.600000 3.352289 2.923075
    endloop
  endfacet
  facet normal 0.854028 0.342278 0.391768
    outer loop
      vertex 0.588471 3.590356 2.792487
      vertex 0.554328 3.631033 2.831378
      vertex 0.588471 3.386690 2.970424
    endloop
  endfacet
  facet normal 0.854028 0.342278 0.391768
    outer loop
      vertex 0.554328 3.631033 2.831378
      vertex 0.554328 3.419769 3.015954
      vertex 0.588471 3.386690 2.970424
    endloop
  endfacet
  facet normal 0.681667 0.481389 0.550994
    outer loop
      vertex 0.554328 3.631033 2.831378
      vertex 0.498882 3.668522 2.867221
      vertex 0.554328 3.419769 3.015954
    endloop
  endfacet
  facet normal 0.681667 0.481389 0.550994
    outer loop
      vertex 0.498882 3.668522 2.867221
      vertex 0.498882 3.450255 3.057914
      vertex 0.554328 3.419769 3.015954
    endloop
  endfacet
  facet normal 0.518763 0.562484 0.643814
    outer loop
      vertex 0.498882 3.668522 2.867221
      vertex 0.424264 3.701380 2.898637
      vertex 0.498882 3.450255 3.057914
    endloop
  endfacet
  facet normal 0.518763 0.562484 0.643814
    outer loop
      vertex 0.424264 3.701380 2.898637
      vertex 0.424264 3.476977 3.094693
      vertex 0.498882 3.450255 3.057914
    endloop
  endfacet
  facet normal 0.378313 0.609039 0.697102
    outer loop
      vertex 0.424264 3.701380 2.898637
      vertex 0.333342 3.728347 2.924420
      vertex 0.424264 3.476977 3.094693
    endloop
  endfacet
  facet normal 0.378313 0.609039 0.697102
    outer loop
      vertex 0.333342 3.728347 2.924420
      vertex 0.333342 3.498906 3.124877
      vertex 0.424264 3.476977 3.094693
    endloop
  endfacet
  facet normal 0.257223 0.635800 0.727732
    outer loop
      vertex 0.333342 3.728347 2.924420
      vertex 0.229610 3.748385 2.943578
      vertex 0.333342 3.498906 3.124877
    endloop
  endfacet
  facet normal 0.257223 0.635800 0.727732
    outer loop
      vertex 0.229610 3.748385 2.943578
      vertex 0.229610 3.515201 3.147305
      vertex 0.333342 3.498906 3.124877
    endloop
  endfacet
  facet normal 0.098573 0.654734 0.749404
    outer loop
      vertex 0.229610 3.748385 2.943578
      vertex 0.000000 3.764891 2.959360
      vertex 0.229610 3.515201 3.147305
    endloop
  endfacet
  facet normal 0.098573 0.654734 0.749404
    outer loop
      vertex 0.000000 3.764891 2.959360
      vertex 0.000000 3.528624 3.165780
      vertex 0.229610 3.515201 3.147305
    endloop
  endfacet
  facet normal -0.098573 0.654734 0.749404
    outer loop
      vertex 0.000000 3.764891 2.959360
      vertex -0.229610 3.515201 3.147305
      vertex 0.000000 3.528624 3.165780
    endloop
  endfacet
  facet normal -0.098573 0.654734 0.749404
    outer loop
      vertex 0.000000 3.764891 2.959360
      vertex -0.229610 3.748385 2.943578
      vertex -0.229610 3.515201 3.147305
    endloop
  endfacet
  facet normal -0.257223 0.635800 0.727732
    outer loop
      vertex -0.229610 3.748385 2.943578
      vertex -0.333342 3.498906 3.124877
      vertex -0.229610 3.515201 3.147305
    endloop
  endfacet
  facet normal -0.257223 0.635800 0.727732
    outer loop
      vertex -0.229610 3.748385 2.943578
      vertex -0.333342 3.728347 2.924420
      vertex -0.333342 3.498906 3.124877
    endloop
  endfacet
  facet normal -0.378313 0.609039 0.697102
    outer loop
      vertex -0.333342 3.728347 2.924420
      vertex -0.424264 3.476977 3.094693
      vertex -0.333342 3.498906 3.124877
    endloop
  endfacet
  facet normal -0.378313 0.609039 0.697102
    outer loop
      vertex -0.333342 3.728347 2.924420
      vertex -0.424264 3.701380 2.898637
      vertex -0.424264 3.476977 3.094693
    endloop
  endfacet
  facet normal -0.518763 0.562484 0.643814
    outer loop
      vertex -0.424264 3.701380 2.898637
      vertex -0.498882 3.450255 3.057914
      vertex -0.424264 3.476977 3.094693
    endloop
  endfacet
  facet normal -0.518763 0.562484 0.643814
    outer loop
      vertex -0.424264 3.701380 2.898637
      vertex -0.498882 3.668522 2.867221
      vertex -0.498882 3.450255 3.057914
    endloop
  endfacet
  facet normal -0.681667 0.481389 0.550994
    outer loop
      vertex -0.498882 3.668522 2.867221
      vertex -0.554328 3.419769 3.015954
      vertex -0.498882 3.450255 3.057914
    endloop
  endfacet
  facet normal -0.681667 0.481389 0.550994
    outer loop
      vertex -0.498882 3.668522 2.867221
      vertex -0.554328 3.631033 2.831378
      vertex -0.554328 3.419769 3.015954
    endloop
  endfacet
  facet normal -0.854028 0.342278 0.391768
    outer loop
      vertex -0.554328 3.631033 2.831378
      vertex -0.588471 3.386690 2.970424
      vertex -0.554328 3.419769 3.015954
    endloop
  endfacet
  facet normal -0.854028 0.342278 0.391768
    outer loop
      vertex -0.554328 3.631033 2.831378
      vertex -0.588471 3.590356 2.792487
      vertex -0.588471 3.386690 2.970424
    endloop
  endfacet
  facet normal -0.980997 0.127654 0.146111
    outer loop
      vertex -0.588471 3.590356 2.792487
      vertex -0.600000 3.352289 2.923075
      vertex -0.588471 3.386690 2.970424
    endloop
  endfacet
  facet normal -0.980997 0.127654 0.146111
    outer loop
      vertex -0.588471 3.590356 2.792487
      vertex -0.600000 3.548053 2.752041
      vertex -0.600000 3.352289 2.923075
    endloop
  endfacet
  facet normal -0.980997 -0.127654 -0.146111
    outer loop
      vertex -0.600000 3.548053 2.752041
      vertex -0.588471 3.317887 2.875725
      vertex -0.600000 3.352289 2.923075
    endloop
  endfacet
  facet normal -0.980997 -0.127654 -0.146111
    outer loop
      vertex -0.600000 3.548053 2.752041
      vertex -0.588471 3.505749 2.711595
      vertex -0.588471 3.317887 2.875725
    endloop
  endfacet
  facet normal -0.854028 -0.342278 -0.391768
    outer loop
      vertex -0.588471 3.505749 2.711595
      vertex -0.554328 3.284808 2.830195
      vertex -0.588471 3.317887 2.875725
    endloop
  endfacet
  facet normal -0.854028 -0.342278 -0.391768
    outer loop
      vertex -0.588471 3.505749 2.711595
      vertex -0.554328 3.465072 2.672703
      vertex -0.554328 3.284808 2.830195
    endloop
  endfacet
  facet normal -0.681667 -0.481389 -0.550994
    outer loop
      vertex -0.554328 3.465072 2.672703
      vertex -0.498882 3.254322 2.788235
      vertex -0.554328 3.284808 2.830195
    endloop
  endfacet
  facet normal -0.681667 -0.481389 -0.550994
    outer loop
      vertex -0.554328 3.465072 2.672703
      vertex -0.498882 3.427584 2.636861
      vertex -0.498882 3.254322 2.788235
    endloop
  endfacet
  facet normal -0.518763 -0.562484 -0.643814
    outer loop
      vertex -0.498882 3.254322 2.788235
      vertex -0.424264 3.394725 2.605444
      vertex -0.424264 3.227601 2.751456
    endloop
  endfacet
  facet normal -0.518763 -0.562484 -0.643814
    outer loop
      vertex -0.498882 3.254322 2.788235
      vertex -0.498882 3.427584 2.636861
      vertex -0.424264 3.394725 2.605444
    endloop
  endfacet
  facet normal -0.378313 -0.609039 -0.697102
    outer loop
      vertex -0.424264 3.227601 2.751456
      vertex -0.333342 3.367758 2.579662
      vertex -0.333342 3.205671 2.721273
    endloop
  endfacet
  facet normal -0.378313 -0.609039 -0.697102
    outer loop
      vertex -0.424264 3.227601 2.751456
      vertex -0.424264 3.394725 2.605444
      vertex -0.333342 3.367758 2.579662
    endloop
  endfacet
  facet normal -0.257223 -0.635800 -0.727732
    outer loop
      vertex -0.333342 3.205671 2.721273
      vertex -0.229610 3.347720 2.560503
      vertex -0.229610 3.189376 2.698844
    endloop
  endfacet
  facet normal -0.257223 -0.635800 -0.727732
    outer loop
      vertex -0.333342 3.205671 2.721273
      vertex -0.333342 3.367758 2.579662
      vertex -0.229610 3.347720 2.560503
    endloop
  endfacet
  facet normal -0.098573 -0.654734 -0.749404
    outer loop
      vertex -0.229610 3.189376 2.698844
      vertex 0.000000 3.331214 2.544722
      vertex 0.000000 3.175953 2.680370
    endloop
  endfacet
  facet normal -0.098573 -0.654734 -0.749404
    outer loop
      vertex -0.229610 3.189376 2.698844
      vertex -0.229610 3.347720 2.560503
      vertex 0.000000 3.331214 2.544722
    endloop
  endfacet
  facet normal 0.098573 -0.510401 -0.854268
    outer loop
      vertex 0.229610 3.008875 2.806689
      vertex 0.000000 3.175953 2.680370
      vertex 0.229610 3.189376 2.698844
    endloop
  endfacet
  facet normal 0.098573 -0.510401 -0.854268
    outer loop
      vertex 0.229610 3.008875 2.806689
      vertex 0.000000 2.998966 2.786114
      vertex 0.000000 3.175953 2.680370
    endloop
  endfacet
  facet normal 0.257223 -0.495641 -0.829564
    outer loop
      vertex 0.333342 3.020903 2.831666
      vertex 0.229610 3.189376 2.698844
      vertex 0.333342 3.205671 2.721273
    endloop
  endfacet
  facet normal 0.257223 -0.495641 -0.829564
    outer loop
      vertex 0.333342 3.020903 2.831666
      vertex 0.229610 3.008875 2.806689
      vertex 0.229610 3.189376 2.698844
    endloop
  endfacet
  facet normal 0.378313 -0.474779 -0.794647
    outer loop
      vertex 0.424264 3.037091 2.865280
      vertex 0.333342 3.205671 2.721273
      vertex 0.424264 3.227601 2.751456
    endloop
  endfacet
  facet normal 0.378313 -0.474779 -0.794647
    outer loop
      vertex 0.424264 3.037091 2.865280
      vertex 0.333342 3.020903 2.831666
      vertex 0.333342 3.205671 2.721273
    endloop
  endfacet
  facet normal 0.518763 -0.438487 -0.733903
    outer loop
      vertex 0.424264 3.227601 2.751456
      vertex 0.498882 3.254322 2.788235
      vertex 0.424264 3.037091 2.865280
    endloop
  endfacet
  facet normal 0.518763 -0.438487 -0.733903
    outer loop
      vertex 0.498882 3.254322 2.788235
      vertex 0.498882 3.056816 2.906239
      vertex 0.424264 3.037091 2.865280
    endloop
  endfacet
  facet normal 0.681667 -0.375269 -0.628095
    outer loop
      vertex 0.498882 3.254322 2.788235
      vertex 0.554328 3.284808 2.830195
      vertex 0.498882 3.056816 2.906239
    endloop
  endfacet
  facet normal 0.681667 -0.375269 -0.628095
    outer loop
      vertex 0.554328 3.284808 2.830195
      vertex 0.554328 3.079319 2.952969
      vertex 0.498882 3.056816 2.906239
    endloop
  endfacet
  facet normal 0.854028 -0.266824 -0.446589
    outer loop
      vertex 0.554328 3.284808 2.830195
      vertex 0.588471 3.317887 2.875725
      vertex 0.554328 3.079319 2.952969
    endloop
  endfacet
  facet normal 0.854028 -0.266824 -0.446589
    outer loop
      vertex 0.588471 3.317887 2.875725
      vertex 0.588471 3.103737 3.003674
      vertex 0.554328 3.079319 2.952969
    endloop
  endfacet
  facet normal 0.980997 -0.099513 -0.166557
    outer loop
      vertex 0.588471 3.317887 2.875725
      vertex 0.600000 3.352289 2.923075
      vertex 0.588471 3.103737 3.003674
    endloop
  endfacet
  facet normal 0.980997 -0.099513 -0.166557
    outer loop
      vertex 0.600000 3.352289 2.923075
      vertex 0.600000 3.129131 3.056405
      vertex 0.588471 3.103737 3.003674
    endloop
  endfacet
  facet normal 0.980997 0.099513 0.166557
    outer loop
      vertex 0.600000 3.352289 2.923075
      vertex 0.588471 3.386690 2.970424
      vertex 0.600000 3.129131 3.056405
    endloop
  endfacet
  facet normal 0.980997 0.099513 0.166557
    outer loop
      vertex 0.588471 3.386690 2.970424
      vertex 0.588471 3.154525 3.109136
      vertex 0.600000 3.129131 3.056405
    endloop
  endfacet
  facet normal 0.854028 0.266824 0.446589
    outer loop
      vertex 0.588471 3.386690 2.970424
      vertex 0.554328 3.419769 3.015954
      vertex 0.588471 3.154525 3.109136
    endloop
  endfacet
  facet normal 0.854028 0.266824 0.446589
    outer loop
      vertex 0.554328 3.419769 3.015954
      vertex 0.554328 3.178943 3.159841
      vertex 0.588471 3.154525 3.109136
    endloop
  endfacet
  facet normal 0.681667 0.375269 0.628095
    outer loop
      vertex 0.554328 3.419769 3.015954
      vertex 0.498882 3.450255 3.057914
      vertex 0.554328 3.178943 3.159841
    endloop
  endfacet
  facet normal 0.681667 0.375269 0.628095
    outer loop
      vertex 0.498882 3.450255 3.057914
      vertex 0.498882 3.201447 3.206570
      vertex 0.554328 3.178943 3.159841
    endloop
  endfacet
  facet normal 0.518763 0.438487 0.733903
    outer loop
      vertex 0.498882 3.450255 3.057914
      vertex 0.424264 3.476977 3.094693
      vertex 0.498882 3.201447 3.206570
    endloop
  endfacet
  facet normal 0.518763 0.438487 0.733903
    outer loop
      vertex 0.424264 3.476977 3.094693
      vertex 0.424264 3.221172 3.247529
      vertex 0.498882 3.201447 3.206570
    endloop
  endfacet
  facet normal 0.378313 0.474779 0.794647
    outer loop
      vertex 0.424264 3.476977 3.094693
      vertex 0.333342 3.498906 3.124877
      vertex 0.424264 3.221172 3.247529
    endloop
  endfacet
  facet normal 0.378313 0.474779 0.794647
    outer loop
      vertex 0.333342 3.498906 3.124877
      vertex 0.333342 3.237360 3.281143
      vertex 0.424264 3.221172 3.247529
    endloop
  endfacet
  facet normal 0.257223 0.495641 0.829564
    outer loop
      vertex 0.333342 3.498906 3.124877
      vertex 0.229610 3.515201 3.147305
      vertex 0.333342 3.237360 3.281143
    endloop
  endfacet
  facet normal 0.257223 0.495641 0.829564
    outer loop
      vertex 0.229610 3.515201 3.147305
      vertex 0.229610 3.249388 3.306121
      vertex 0.333342 3.237360 3.281143
    endloop
  endfacet
  facet normal 0.098573 0.510401 0.854268
    outer loop
      vertex 0.229610 3.515201 3.147305
      vertex 0.000000 3.528624 3.165780
      vertex 0.229610 3.249388 3.306121
    endloop
  endfacet
  facet normal 0.098573 0.510401 0.854268
    outer loop
      vertex 0.000000 3.528624 3.165780
      vertex 0.000000 3.259297 3.326696
      vertex 0.229610 3.249388 3.306121
    endloop
  endfacet
  facet normal -0.098573 0.510401 0.854268
    outer loop
      vertex 0.000000 3.528624 3.165780
      vertex -0.229610 3.249388 3.306121
      vertex 0.000000 3.259297 3.326696
    endloop
  endfacet
  facet normal -0.098573 0.510401 0.854268
    outer loop
      vertex 0.000000 3.528624 3.165780
      vertex -0.229610 3.515201 3.147305
      vertex -0.229610 3.249388 3.306121
    endloop
  endfacet
  facet normal -0.257223 0.495641 0.829564
    outer loop
      vertex -0.229610 3.515201 3.147305
      vertex -0.333342 3.237360 3.281143
      vertex -0.229610 3.249388 3.306121
    endloop
  endfacet
  facet normal -0.257223 0.495641 0.829564
    outer loop
      vertex -0.229610 3.515201 3.147305
      vertex -0.333342 3.498906 3.124877
      vertex -0.333342 3.237360 3.281143
    endloop
  endfacet
  facet normal -0.378313 0.474779 0.794647
    outer loop
      vertex -0.333342 3.498906 3.124877
      vertex -0.424264 3.221172 3.247529
      vertex -0.333342 3.237360 3.281143
    endloop
  endfacet
  facet normal -0.378313 0.474779 0.794647
    outer loop
      vertex -0.333342 3.498906 3.124877
      vertex -0.424264 3.476977 3.094693
      vertex -0.424264 3.221172 3.247529
    endloop
  endfacet
  facet normal -0.518763 0.438487 0.733903
    outer loop
      vertex -0.424264 3.476977 3.094693
      vertex -0.498882 3.201447 3.206570
      vertex -0.424264 3.221172 3.247529
    endloop
  endfacet
  facet normal -0.518763 0.438487 0.733903
    outer loop
      vertex -0.424264 3.476977 3.094693
      vertex -0.498882 3.450255 3.057914
      vertex -0.498882 3.201447 3.206570
    endloop
  endfacet
  facet normal -0.681667 0.375269 0.628095
    outer loop
      vertex -0.498882 3.450255 3.057914
      vertex -0.554328 3.178943 3.159841
      vertex -0.498882 3.201447 3.206570
    endloop
  endfacet
  facet normal -0.681667 0.375269 0.628095
    outer loop
      vertex -0.498882 3.450255 3.057914
      vertex -0.554328 3.419769 3.015954
      vertex -0.554328 3.178943 3.159841
    endloop
  endfacet
  facet normal -0.854028 0.266824 0.446589
    outer loop
      vertex -0.554328 3.419769 3.015954
      vertex -0.588471 3.154525 3.109136
      vertex -0.554328 3.178943 3.159841
    endloop
  endfacet
  facet normal -0.854028 0.266824 0.446589
    outer loop
      vertex -0.554328 3.419769 3.015954
      vertex -0.588471 3.386690 2.970424
      vertex -0.588471 3.154525 3.109136
    endloop
  endfacet
  facet normal -0.980997 0.099513 0.166557
    outer loop
      vertex -0.588471 3.386690 2.970424
      vertex -0.600000 3.129131 3.056405
      vertex -0.588471 3.154525 3.109136
    endloop
  endfacet
  facet normal -0.980997 0.099513 0.166557
    outer loop
      vertex -0.588471 3.386690 2.970424
      vertex -0.600000 3.352289 2.923075
      vertex -0.600000 3.129131 3.056405
    endloop
  endfacet
  facet normal -0.980997 -0.099513 -0.166557
    outer loop
      vertex -0.600000 3.352289 2.923075
      vertex -0.588471 3.103737 3.003674
      vertex -0.600000 3.129131 3.056405
    endloop
  endfacet
  facet normal -0.980997 -0.099513 -0.166557
    outer loop
      vertex -0.600000 3.352289 2.923075
      vertex -0.588471 3.317887 2.875725
      vertex -0.588471 3.103737 3.003674
    endloop
  endfacet
  facet normal -0.854028 -0.266824 -0.446589
    outer loop
      vertex -0.588471 3.317887 2.875725
      vertex -0.554328 3.079319 2.952969
      vertex -0.588471 3.103737 3.003674
    endloop
  endfacet
  facet normal -0.854028 -0.266824 -0.446589
    outer loop
      vertex -0.588471 3.317887 2.875725
      vertex -0.554328 3.284808 2.830195
      vertex -0.554328 3.079319 2.952969
    endloop
  endfacet
  facet normal -0.681667 -0.375269 -0.628095
    outer loop
      vertex -0.554328 3.284808 2.830195
      vertex -0.498882 3.056816 2.906239
      vertex -0.554328 3.079319 2.952969
    endloop
  endfacet
  facet normal -0.681667 -0.375269 -0.628095
    outer loop
      vertex -0.554328 3.284808 2.830195
      vertex -0.498882 3.254322 2.788235
      vertex -0.498882 3.056816 2.906239
    endloop
  endfacet
  facet normal -0.518763 -0.438487 -0.733903
    outer loop
      vertex -0.498882 3.254322 2.788235
      vertex -0.424264 3.037091 2.865280
      vertex -0.498882 3.056816 2.906239
    endloop
  endfacet
  facet normal -0.518763 -0.438487 -0.733903
    outer loop
      vertex -0.498882 3.254322 2.788235
      vertex -0.424264 3.227601 2.751456
      vertex -0.424264 3.037091 2.865280
    endloop
  endfacet
  facet normal -0.378313 -0.474779 -0.794647
    outer loop
      vertex -0.424264 3.037091 2.865280
      vertex -0.333342 3.205671 2.721273
      vertex -0.333342 3.020903 2.831666
    endloop
  endfacet
  facet normal -0.378313 -0.474779 -0.794647
    outer loop
      vertex -0.424264 3.037091 2.865280
      vertex -0.424264 3.227601 2.751456
      vertex -0.333342 3.205671 2.721273
    endloop
  endfacet
  facet normal -0.257223 -0.495641 -0.829564
    outer loop
      vertex -0.333342 3.020903 2.831666
      vertex -0.229610 3.189376 2.698844
      vertex -0.229610 3.008875 2.806689
    endloop
  endfacet
  facet normal -0.257223 -0.495641 -0.829564
    outer loop
      vertex -0.333342 3.020903 2.831666
      vertex -0.333342 3.205671 2.721273
      vertex -0.229610 3.189376 2.698844
    endloop
  endfacet
  facet normal -0.098573 -0.510401 -0.854268
    outer loop
      vertex -0.229610 3.008875 2.806689
      vertex 0.000000 3.175953 2.680370
      vertex 0.000000 2.998966 2.786114
    endloop
  endfacet
  facet normal -0.098573 -0.510401 -0.854268
    outer loop
      vertex -0.229610 3.008875 2.806689
      vertex -0.229610 3.189376 2.698844
      vertex 0.000000 3.175953 2.680370
    endloop
  endfacet
  facet normal 0.098573 -0.349664 -0.931675
    outer loop
      vertex 0.229610 2.812018 2.880570
      vertex 0.000000 2.998966 2.786114
      vertex 0.229610 3.008875 2.806689
    endloop
  endfacet
  facet normal 0.098573 -0.349664 -0.931675
    outer loop
      vertex 0.229610 2.812018 2.880570
      vertex 0.000000 2.805942 2.858557
      vertex 0.000000 2.998966 2.786114
    endloop
  endfacet
  facet normal 0.257223 -0.339552 -0.904732
    outer loop
      vertex 0.333342 2.819393 2.907294
      vertex 0.229610 3.008875 2.806689
      vertex 0.333342 3.020903 2.831666
    endloop
  endfacet
  facet normal 0.257223 -0.339552 -0.904732
    outer loop
      vertex 0.333342 2.819393 2.907294
      vertex 0.229610 2.812018 2.880570
      vertex 0.229610 3.008875 2.806689
    endloop
  endfacet
  facet normal 0.378313 -0.325260 -0.866652
    outer loop
      vertex 0.333342 3.020903 2.831666
      vertex 0.424264 3.037091 2.865280
      vertex 0.333342 2.819393 2.907294
    endloop
  endfacet
  facet normal 0.378313 -0.325260 -0.866652
    outer loop
      vertex 0.424264 3.037091 2.865280
      vertex 0.424264 2.829318 2.943259
      vertex 0.333342 2.819393 2.907294
    endloop
  endfacet
  facet normal 0.518763 -0.300397 -0.800404
    outer loop
      vertex 0.424264 3.037091 2.865280
      vertex 0.498882 3.056816 2.906239
      vertex 0.424264 2.829318 2.943259
    endloop
  endfacet
  facet normal 0.518763 -0.300397 -0.800404
    outer loop
      vertex 0.498882 3.056816 2.906239
      vertex 0.498882 2.841413 2.987081
      vertex 0.424264 2.829318 2.943259
    endloop
  endfacet
  facet normal 0.681667 -0.257088 -0.685008
    outer loop
      vertex 0.498882 3.056816 2.906239
      vertex 0.554328 3.079319 2.952969
      vertex 0.498882 2.841413 2.987081
    endloop
  endfacet
  facet normal 0.681667 -0.257088 -0.685008
    outer loop
      vertex 0.554328 3.079319 2.952969
      vertex 0.554328 2.855211 3.037078
      vertex 0.498882 2.841413 2.987081
    endloop
  endfacet
  facet normal 0.854028 -0.182795 -0.487055
    outer loop
      vertex 0.554328 3.079319 2.952969
      vertex 0.588471 3.103737 3.003674
      vertex 0.554328 2.855211 3.037078
    endloop
  endfacet
  facet normal 0.854028 -0.182795 -0.487055
    outer loop
      vertex 0.588471 3.103737 3.003674
      vertex 0.588471 2.870183 3.091328
      vertex 0.554328 2.855211 3.037078
    endloop
  endfacet
  facet normal 0.980997 -0.068174 -0.181649
    outer loop
      vertex 0.588471 3.103737 3.003674
      vertex 0.600000 3.129131 3.056405
      vertex 0.588471 2.870183 3.091328
    endloop
  endfacet
  facet normal 0.980997 -0.068174 -0.181649
    outer loop
      vertex 0.600000 3.129131 3.056405
      vertex 0.600000 2.885753 3.147746
      vertex 0.588471 2.870183 3.091328
    endloop
  endfacet
  facet normal 0.980997 0.068174 0.181649
    outer loop
      vertex 0.600000 3.129131 3.056405
      vertex 0.588471 3.154525 3.109136
      vertex 0.600000 2.885753 3.147746
    endloop
  endfacet
  facet normal 0.980997 0.068174 0.181649
    outer loop
      vertex 0.588471 3.154525 3.109136
      vertex 0.588471 2.901324 3.204164
      vertex 0.600000 2.885753 3.147746
    endloop
  endfacet
  facet normal 0.854028 0.182795 0.487055
    outer loop
      vertex 0.588471 3.154525 3.109136
      vertex 0.554328 3.178943 3.159841
      vertex 0.588471 2.901324 3.204164
    endloop
  endfacet
  facet normal 0.854028 0.182795 0.487055
    outer loop
      vertex 0.554328 3.178943 3.159841
      vertex 0.554328 2.916296 3.258414
      vertex 0.588471 2.901324 3.204164
    endloop
  endfacet
  facet normal 0.681667 0.257088 0.685008
    outer loop
      vertex 0.554328 3.178943 3.159841
      vertex 0.498882 3.201447 3.206570
      vertex 0.554328 2.916296 3.258414
    endloop
  endfacet
  facet normal 0.681667 0.257088 0.685008
    outer loop
      vertex 0.498882 3.201447 3.206570
      vertex 0.498882 2.930094 3.308411
      vertex 0.554328 2.916296 3.258414
    endloop
  endfacet
  facet normal 0.518763 0.300397 0.800404
    outer loop
      vertex 0.498882 3.201447 3.206570
      vertex 0.424264 3.221172 3.247529
      vertex 0.498882 2.930094 3.308411
    endloop
  endfacet
  facet normal 0.518763 0.300397 0.800404
    outer loop
      vertex 0.424264 3.221172 3.247529
      vertex 0.424264 2.942188 3.352234
      vertex 0.498882 2.930094 3.308411
    endloop
  endfacet
  facet normal 0.378313 0.325260 0.866652
    outer loop
      vertex 0.424264 3.221172 3.247529
      vertex 0.333342 3.237360 3.281143
      vertex 0.424264 2.942188 3.352234
    endloop
  endfacet
  facet normal 0.378313 0.325260 0.866652
    outer loop
      vertex 0.333342 3.237360 3.281143
      vertex 0.333342 2.952114 3.388198
      vertex 0.424264 2.942188 3.352234
    endloop
  endfacet
  facet normal 0.257223 0.339552 0.904732
    outer loop
      vertex 0.333342 3.237360 3.281143
      vertex 0.229610 3.249388 3.306121
      vertex 0.333342 2.952114 3.388198
    endloop
  endfacet
  facet normal 0.257223 0.339552 0.904732
    outer loop
      vertex 0.229610 3.249388 3.306121
      vertex 0.229610 2.959489 3.414922
      vertex 0.333342 2.952114 3.388198
    endloop
  endfacet
  facet normal 0.098573 0.349664 0.931675
    outer loop
      vertex 0.229610 3.249388 3.306121
      vertex 0.000000 3.259297 3.326696
      vertex 0.229610 2.959489 3.414922
    endloop
  endfacet
  facet normal 0.098573 0.349664 0.931675
    outer loop
      vertex 0.000000 3.259297 3.326696
      vertex 0.000000 2.965564 3.436935
      vertex 0.229610 2.959489 3.414922
    endloop
  endfacet
  facet normal -0.098573 0.349664 0.931675
    outer loop
      vertex 0.000000 3.259297 3.326696
      vertex -0.229610 2.959489 3.414922
      vertex 0.000000 2.965564 3.436935
    endloop
  endfacet
  facet normal -0.098573 0.349664 0.931675
    outer loop
      vertex 0.000000 3.259297 3.326696
      vertex -0.229610 3.249388 3.306121
      vertex -0.229610 2.959489 3.414922
    endloop
  endfacet
  facet normal -0.257223 0.339552 0.904732
    outer loop
      vertex -0.229610 3.249388 3.306121
      vertex -0.333342 2.952114 3.388198
      vertex -0.229610 2.959489 3.414922
    endloop
  endfacet
  facet normal -0.257223 0.339552 0.904732
    outer loop
      vertex -0.229610 3.249388 3.306121
      vertex -0.333342 3.237360 3.281143
      vertex -0.333342 2.952114 3.388198
    endloop
  endfacet
  facet normal -0.378313 0.325260 0.866652
    outer loop
      vertex -0.333342 3.237360 3.281143
      vertex -0.424264 2.942188 3.352234
      vertex -0.333342 2.952114 3.388198
    endloop
  endfacet
  facet normal -0.378313 0.325260 0.866652
    outer loop
      vertex -0.333342 3.237360 3.281143
      vertex -0.424264 3.221172 3.247529
      vertex -0.424264 2.942188 3.352234
    endloop
  endfacet
  facet normal -0.518763 0.300397 0.800404
    outer loop
      vertex -0.424264 3.221172 3.247529
      vertex -0.498882 2.930094 3.308411
      vertex -0.424264 2.942188 3.352234
    endloop
  endfacet
  facet normal -0.518763 0.300397 0.800404
    outer loop
      vertex -0.424264 3.221172 3.247529
      vertex -0.498882 3.201447 3.206570
      vertex -0.498882 2.930094 3.308411
    endloop
  endfacet
  facet normal -0.681667 0.257088 0.685008
    outer loop
      vertex -0.498882 3.201447 3.206570
      vertex -0.554328 2.916296 3.258414
      vertex -0.498882 2.930094 3.308411
    endloop
  endfacet
  facet normal -0.681667 0.257088 0.685008
    outer loop
      vertex -0.498882 3.201447 3.206570
      vertex -0.554328 3.178943 3.159841
      vertex -0.554328 2.916296 3.258414
    endloop
  endfacet
  facet normal -0.854028 0.182795 0.487055
    outer loop
      vertex -0.554328 3.178943 3.159841
      vertex -0.588471 2.901324 3.204164
      vertex -0.554328 2.916296 3.258414
    endloop
  endfacet
  facet normal -0.854028 0.182795 0.487055
    outer loop
      vertex -0.554328 3.178943 3.159841
      vertex -0.588471 3.154525 3.109136
      vertex -0.588471 2.901324 3.204164
    endloop
  endfacet
  facet normal -0.980997 0.068174 0.181649
    outer loop
      vertex -0.588471 3.154525 3.109136
      vertex -0.600000 2.885753 3.147746
      vertex -0.588471 2.901324 3.204164
    endloop
  endfacet
  facet normal -0.980997 0.068174 0.181649
    outer loop
      vertex -0.588471 3.154525 3.109136
      vertex -0.600000 3.129131 3.056405
      vertex -0.600000 2.885753 3.147746
    endloop
  endfacet
  facet normal -0.980997 -0.068174 -0.181649
    outer loop
      vertex -0.600000 3.129131 3.056405
      vertex -0.588471 2.870183 3.091328
      vertex -0.600000 2.885753 3.147746
    endloop
  endfacet
  facet normal -0.980997 -0.068174 -0.181649
    outer loop
      vertex -0.600000 3.129131 3.056405
      vertex -0.588471 3.103737 3.003674
      vertex -0.588471 2.870183 3.091328
    endloop
  endfacet
  facet normal -0.854028 -0.182795 -0.487055
    outer loop
      vertex -0.588471 3.103737 3.003674
      vertex -0.554328 2.855211 3.037078
      vertex -0.588471 2.870183 3.091328
    endloop
  endfacet
  facet normal -0.854028 -0.182795 -0.487055
    outer loop
      vertex -0.588471 3.103737 3.003674
      vertex -0.554328 3.079319 2.952969
      vertex -0.554328 2.855211 3.037078
    endloop
  endfacet
  facet normal -0.681667 -0.257088 -0.685008
    outer loop
      vertex -0.554328 3.079319 2.952969
      vertex -0.498882 2.841413 2.987081
      vertex -0.554328 2.855211 3.037078
    endloop
  endfacet
  facet normal -0.681667 -0.257088 -0.685008
    outer loop
      vertex -0.554328 3.079319 2.952969
      vertex -0.498882 3.056816 2.906239
      vertex -0.498882 2.841413 2.987081
    endloop
  endfacet
  facet normal -0.518763 -0.300397 -0.800404
    outer loop
      vertex -0.498882 3.056816 2.906239
      vertex -0.424264 2.829318 2.943259
      vertex -0.498882 2.841413 2.987081
    endloop
  endfacet
  facet normal -0.518763 -0.300397 -0.800404
    outer loop
      vertex -0.498882 3.056816 2.906239
      vertex -0.424264 3.037091 2.865280
      vertex -0.424264 2.829318 2.943259
    endloop
  endfacet
  facet normal -0.378313 -0.325260 -0.866652
    outer loop
      vertex -0.424264 3.037091 2.865280
      vertex -0.333342 2.819393 2.907294
      vertex -0.424264 2.829318 2.943259
    endloop
  endfacet
  facet normal -0.378313 -0.325260 -0.866652
    outer loop
      vertex -0.424264 3.037091 2.865280
      vertex -0.333342 3.020903 2.831666
      vertex -0.333342 2.819393 2.907294
    endloop
  endfacet
  facet normal -0.257223 -0.339552 -0.904732
    outer loop
      vertex -0.333342 2.819393 2.907294
      vertex -0.229610 3.008875 2.806689
      vertex -0.229610 2.812018 2.880570
    endloop
  endfacet
  facet normal -0.257223 -0.339552 -0.904732
    outer loop
      vertex -0.333342 2.819393 2.907294
      vertex -0.333342 3.020903 2.831666
      vertex -0.229610 3.008875 2.806689
    endloop
  endfacet
  facet normal -0.098573 -0.349664 -0.931675
    outer loop
      vertex -0.229610 2.812018 2.880570
      vertex 0.000000 2.998966 2.786114
      vertex 0.000000 2.805942 2.858557
    endloop
  endfacet
  facet normal -0.098573 -0.349664 -0.931675
    outer loop
      vertex -0.229610 2.812018 2.880570
      vertex -0.229610 3.008875 2.806689
      vertex 0.000000 2.998966 2.786114
    endloop
  endfacet
  facet normal 0.098573 -0.177687 -0.979138
    outer loop
      vertex 0.229610 2.605132 2.918115
      vertex 0.000000 2.805942 2.858557
      vertex 0.229610 2.812018 2.880570
    endloop
  endfacet
  facet normal 0.098573 -0.177687 -0.979138
    outer loop
      vertex 0.229610 2.605132 2.918115
      vertex 0.000000 2.603085 2.895370
      vertex 0.000000 2.805942 2.858557
    endloop
  endfacet
  facet normal 0.257223 -0.172549 -0.950822
    outer loop
      vertex 0.229610 2.812018 2.880570
      vertex 0.333342 2.819393 2.907294
      vertex 0.229610 2.605132 2.918115
    endloop
  endfacet
  facet normal 0.257223 -0.172549 -0.950822
    outer loop
      vertex 0.333342 2.819393 2.907294
      vertex 0.333342 2.607617 2.945726
      vertex 0.229610 2.605132 2.918115
    endloop
  endfacet
  facet normal 0.378313 -0.165286 -0.910802
    outer loop
      vertex 0.333342 2.819393 2.907294
      vertex 0.424264 2.829318 2.943259
      vertex 0.333342 2.607617 2.945726
    endloop
  endfacet
  facet normal 0.378313 -0.165286 -0.910802
    outer loop
      vertex 0.424264 2.829318 2.943259
      vertex 0.424264 2.610962 2.982885
      vertex 0.333342 2.607617 2.945726
    endloop
  endfacet
  facet normal 0.518763 -0.152651 -0.841179
    outer loop
      vertex 0.424264 2.829318 2.943259
      vertex 0.498882 2.841413 2.987081
      vertex 0.424264 2.610962 2.982885
    endloop
  endfacet
  facet normal 0.518763 -0.152651 -0.841179
    outer loop
      vertex 0.498882 2.841413 2.987081
      vertex 0.498882 2.615037 3.028163
      vertex 0.424264 2.610962 2.982885
    endloop
  endfacet
  facet normal 0.681667 -0.130643 -0.719904
    outer loop
      vertex 0.498882 2.841413 2.987081
      vertex 0.554328 2.855211 3.037078
      vertex 0.498882 2.615037 3.028163
    endloop
  endfacet
  facet normal 0.681667 -0.130643 -0.719904
    outer loop
      vertex 0.554328 2.855211 3.037078
      vertex 0.554328 2.619686 3.079820
      vertex 0.498882 2.615037 3.028163
    endloop
  endfacet
  facet normal 0.854028 -0.092890 -0.511867
    outer loop
      vertex 0.554328 2.855211 3.037078
      vertex 0.588471 2.870183 3.091328
      vertex 0.554328 2.619686 3.079820
    endloop
  endfacet
  facet normal 0.854028 -0.092890 -0.511867
    outer loop
      vertex 0.588471 2.870183 3.091328
      vertex 0.588471 2.624731 3.135871
      vertex 0.554328 2.619686 3.079820
    endloop
  endfacet
  facet normal 0.980997 -0.034644 -0.190903
    outer loop
      vertex 0.588471 2.870183 3.091328
      vertex 0.600000 2.885753 3.147746
      vertex 0.588471 2.624731 3.135871
    endloop
  endfacet
  facet normal 0.980997 -0.034644 -0.190903
    outer loop
      vertex 0.600000 2.885753 3.147746
      vertex 0.600000 2.629977 3.194163
      vertex 0.588471 2.624731 3.135871
    endloop
  endfacet
  facet normal 0.980997 0.034644 0.190903
    outer loop
      vertex 0.600000 2.885753 3.147746
      vertex 0.588471 2.901324 3.204164
      vertex 0.600000 2.629977 3.194163
    endloop
  endfacet
  facet normal 0.980997 0.034644 0.190903
    outer loop
      vertex 0.588471 2.901324 3.204164
      vertex 0.588471 2.635223 3.252454
      vertex 0.600000 2.629977 3.194163
    endloop
  endfacet
  facet normal 0.854028 0.092890 0.511867
    outer loop
      vertex 0.588471 2.901324 3.204164
      vertex 0.554328 2.916296 3.258414
      vertex 0.588471 2.635223 3.252454
    endloop
  endfacet
  facet normal 0.854028 0.092890 0.511867
    outer loop
      vertex 0.554328 2.916296 3.258414
      vertex 0.554328 2.640268 3.308506
      vertex 0.588471 2.635223 3.252454
    endloop
  endfacet
  facet normal 0.681667 0.130643 0.719904
    outer loop
      vertex 0.554328 2.916296 3.258414
      vertex 0.498882 2.930094 3.308411
      vertex 0.554328 2.640268 3.308506
    endloop
  endfacet
  facet normal 0.681667 0.130643 0.719904
    outer loop
      vertex 0.498882 2.930094 3.308411
      vertex 0.498882 2.644917 3.360163
      vertex 0.554328 2.640268 3.308506
    endloop
  endfacet
  facet normal 0.518763 0.152651 0.841179
    outer loop
      vertex 0.498882 2.930094 3.308411
      vertex 0.424264 2.942188 3.352234
      vertex 0.498882 2.644917 3.360163
    endloop
  endfacet
  facet normal 0.518763 0.152651 0.841179
    outer loop
      vertex 0.424264 2.942188 3.352234
      vertex 0.424264 2.648992 3.405441
      vertex 0.498882 2.644917 3.360163
    endloop
  endfacet
  facet normal 0.378313 0.165286 0.910802
    outer loop
      vertex 0.424264 2.942188 3.352234
      vertex 0.333342 2.952114 3.388198
      vertex 0.424264 2.648992 3.405441
    endloop
  endfacet
  facet normal 0.378313 0.165286 0.910802
    outer loop
      vertex 0.333342 2.952114 3.388198
      vertex 0.333342 2.652337 3.442599
      vertex 0.424264 2.648992 3.405441
    endloop
  endfacet
  facet normal 0.257223 0.172549 0.950822
    outer loop
      vertex 0.333342 2.952114 3.388198
      vertex 0.229610 2.959489 3.414922
      vertex 0.333342 2.652337 3.442599
    endloop
  endfacet
  facet normal 0.257223 0.172549 0.950822
    outer loop
      vertex 0.229610 2.959489 3.414922
      vertex 0.229610 2.654822 3.470211
      vertex 0.333342 2.652337 3.442599
    endloop
  endfacet
  facet normal 0.098573 0.177687 0.979138
    outer loop
      vertex 0.229610 2.959489 3.414922
      vertex 0.000000 2.965564 3.436935
      vertex 0.229610 2.654822 3.470211
    endloop
  endfacet
  facet normal 0.098573 0.177687 0.979138
    outer loop
      vertex 0.000000 2.965564 3.436935
      vertex 0.000000 2.656869 3.492955
      vertex 0.229610 2.654822 3.470211
    endloop
  endfacet
  facet normal -0.098573 0.177687 0.979138
    outer loop
      vertex 0.000000 2.965564 3.436935
      vertex -0.229610 2.654822 3.470211
      vertex 0.000000 2.656869 3.492955
    endloop
  endfacet
  facet normal -0.098573 0.177687 0.979138
    outer loop
      vertex 0.000000 2.965564 3.436935
      vertex -0.229610 2.959489 3.414922
      vertex -0.229610 2.654822 3.470211
    endloop
  endfacet
  facet normal -0.257223 0.172549 0.950822
    outer loop
      vertex -0.229610 2.959489 3.414922
      vertex -0.333342 2.652337 3.442599
      vertex -0.229610 2.654822 3.470211
    endloop
  endfacet
  facet normal -0.257223 0.172549 0.950822
    outer loop
      vertex -0.229610 2.959489 3.414922
      vertex -0.333342 2.952114 3.388198
      vertex -0.333342 2.652337 3.442599
    endloop
  endfacet
  facet normal -0.378313 0.165286 0.910802
    outer loop
      vertex -0.333342 2.952114 3.388198
      vertex -0.424264 2.648992 3.405441
      vertex -0.333342 2.652337 3.442599
    endloop
  endfacet
  facet normal -0.378313 0.165286 0.910802
    outer loop
      vertex -0.333342 2.952114 3.388198
      vertex -0.424264 2.942188 3.352234
      vertex -0.424264 2.648992 3.405441
    endloop
  endfacet
  facet normal -0.518763 0.152651 0.841179
    outer loop
      vertex -0.424264 2.942188 3.352234
      vertex -0.498882 2.644917 3.360163
      vertex -0.424264 2.648992 3.405441
    endloop
  endfacet
  facet normal -0.518763 0.152651 0.841179
    outer loop
      vertex -0.424264 2.942188 3.352234
      vertex -0.498882 2.930094 3.308411
      vertex -0.498882 2.644917 3.360163
    endloop
  endfacet
  facet normal -0.681667 0.130643 0.719904
    outer loop
      vertex -0.498882 2.930094 3.308411
      vertex -0.554328 2.640268 3.308506
      vertex -0.498882 2.644917 3.360163
    endloop
  endfacet
  facet normal -0.681667 0.130643 0.719904
    outer loop
      vertex -0.498882 2.930094 3.308411
      vertex -0.554328 2.916296 3.258414
      vertex -0.554328 2.640268 3.308506
    endloop
  endfacet
  facet normal -0.854028 0.092890 0.511867
    outer loop
      vertex -0.554328 2.916296 3.258414
      vertex -0.588471 2.635223 3.252454
      vertex -0.554328 2.640268 3.308506
    endloop
  endfacet
  facet normal -0.854028 0.092890 0.511867
    outer loop
      vertex -0.554328 2.916296 3.258414
      vertex -0.588471 2.901324 3.204164
      vertex -0.588471 2.635223 3.252454
    endloop
  endfacet
  facet normal -0.980997 0.034644 0.190903
    outer loop
      vertex -0.588471 2.901324 3.204164
      vertex -0.600000 2.629977 3.194163
      vertex -0.588471 2.635223 3.252454
    endloop
  endfacet
  facet normal -0.980997 0.034644 0.190903
    outer loop
      vertex -0.588471 2.901324 3.204164
      vertex -0.600000 2.885753 3.147746
      vertex -0.600000 2.629977 3.194163
    endloop
  endfacet
  facet normal -0.980997 -0.034644 -0.190903
    outer loop
      vertex -0.600000 2.885753 3.147746
      vertex -0.588471 2.624731 3.135871
      vertex -0.600000 2.629977 3.194163
    endloop
  endfacet
  facet normal -0.980997 -0.034644 -0.190903
    outer loop
      vertex -0.600000 2.885753 3.147746
      vertex -0.588471 2.870183 3.091328
      vertex -0.588471 2.624731 3.135871
    endloop
  endfacet
  facet normal -0.854028 -0.092890 -0.511867
    outer loop
      vertex -0.588471 2.870183 3.091328
      vertex -0.554328 2.619686 3.079820
      vertex -0.588471 2.624731 3.135871
    endloop
  endfacet
  facet normal -0.854028 -0.092890 -0.511867
    outer loop
      vertex -0.588471 2.870183 3.091328
      vertex -0.554328 2.855211 3.037078
      vertex -0.554328 2.619686 3.079820
    endloop
  endfacet
  facet normal -0.681667 -0.130643 -0.719904
    outer loop
      vertex -0.554328 2.855211 3.037078
      vertex -0.498882 2.615037 3.028163
      vertex -0.554328 2.619686 3.079820
    endloop
  endfacet
  facet normal -0.681667 -0.130643 -0.719904
    outer loop
      vertex -0.554328 2.855211 3.037078
      vertex -0.498882 2.841413 2.987081
      vertex -0.498882 2.615037 3.028163
    endloop
  endfacet
  facet normal -0.518763 -0.152651 -0.841179
    outer loop
      vertex -0.498882 2.841413 2.987081
      vertex -0.424264 2.610962 2.982885
      vertex -0.498882 2.615037 3.028163
    endloop
  endfacet
  facet normal -0.518763 -0.152651 -0.841179
    outer loop
      vertex -0.498882 2.841413 2.987081
      vertex -0.424264 2.829318 2.943259
      vertex -0.424264 2.610962 2.982885
    endloop
  endfacet
  facet normal -0.378313 -0.165286 -0.910802
    outer loop
      vertex -0.424264 2.829318 2.943259
      vertex -0.333342 2.607617 2.945726
      vertex -0.424264 2.610962 2.982885
    endloop
  endfacet
  facet normal -0.378313 -0.165286 -0.910802
    outer loop
      vertex -0.424264 2.829318 2.943259
      vertex -0.333342 2.819393 2.907294
      vertex -0.333342 2.607617 2.945726
    endloop
  endfacet
  facet normal -0.257223 -0.172549 -0.950822
    outer loop
      vertex -0.333342 2.819393 2.907294
      vertex -0.229610 2.605132 2.918115
      vertex -0.333342 2.607617 2.945726
    endloop
  endfacet
  facet normal -0.257223 -0.172549 -0.950822
    outer loop
      vertex -0.333342 2.819393 2.907294
      vertex -0.229610 2.812018 2.880570
      vertex -0.229610 2.605132 2.918115
    endloop
  endfacet
  facet normal -0.098573 -0.177687 -0.979138
    outer loop
      vertex -0.229610 2.605132 2.918115
      vertex 0.000000 2.805942 2.858557
      vertex 0.000000 2.603085 2.895370
    endloop
  endfacet
  facet normal -0.098573 -0.177687 -0.979138
    outer loop
      vertex -0.229610 2.605132 2.918115
      vertex -0.229610 2.812018 2.880570
      vertex 0.000000 2.805942 2.858557
    endloop
  endfacet
  facet normal 0.098573 0.000000 -0.995130
    outer loop
      vertex 0.000000 2.603085 2.895370
      vertex 0.229610 2.605132 2.918115
      vertex 0.000000 2.396915 2.895370
    endloop
  endfacet
  facet normal 0.098573 0.000000 -0.995130
    outer loop
      vertex 0.229610 2.605132 2.918115
      vertex 0.229610 2.394868 2.918115
      vertex 0.000000 2.396915 2.895370
    endloop
  endfacet
  facet normal 0.257223 0.000000 -0.966352
    outer loop
      vertex 0.229610 2.605132 2.918115
      vertex 0.333342 2.607617 2.945726
      vertex 0.229610 2.394868 2.918115
    endloop
  endfacet
  facet normal 0.257223 0.000000 -0.966352
    outer loop
      vertex 0.333342 2.607617 2.945726
      vertex 0.333342 2.392383 2.945726
      vertex 0.229610 2.394868 2.918115
    endloop
  endfacet
  facet normal 0.378313 0.000000 -0.925678
    outer loop
      vertex 0.333342 2.607617 2.945726
      vertex 0.424264 2.610962 2.982885
      vertex 0.333342 2.392383 2.945726
    endloop
  endfacet
  facet normal 0.378313 0.000000 -0.925678
    outer loop
      vertex 0.424264 2.610962 2.982885
      vertex 0.424264 2.389038 2.982885
      vertex 0.333342 2.392383 2.945726
    endloop
  endfacet
  facet normal 0.518763 0.000000 -0.854918
    outer loop
      vertex 0.424264 2.610962 2.982885
      vertex 0.498882 2.615037 3.028163
      vertex 0.424264 2.389038 2.982885
    endloop
  endfacet
  facet normal 0.518763 0.000000 -0.854918
    outer loop
      vertex 0.498882 2.615037 3.028163
      vertex 0.498882 2.384963 3.028163
      vertex 0.424264 2.389038 2.982885
    endloop
  endfacet
  facet normal 0.681667 0.000000 -0.731663
    outer loop
      vertex 0.498882 2.615037 3.028163
      vertex 0.554328 2.619686 3.079820
      vertex 0.498882 2.384963 3.028163
    endloop
  endfacet
  facet normal 0.681667 0.000000 -0.731663
    outer loop
      vertex 0.554328 2.619686 3.079820
      vertex 0.554328 2.380314 3.079820
      vertex 0.498882 2.384963 3.028163
    endloop
  endfacet
  facet normal 0.854028 0.000000 -0.520227
    outer loop
      vertex 0.554328 2.619686 3.079820
      vertex 0.588471 2.624731 3.135871
      vertex 0.554328 2.380314 3.079820
    endloop
  endfacet
  facet normal 0.854028 0.000000 -0.520227
    outer loop
      vertex 0.588471 2.624731 3.135871
      vertex 0.588471 2.375269 3.135871
      vertex 0.554328 2.380314 3.079820
    endloop
  endfacet
  facet normal 0.980997 0.000000 -0.194021
    outer loop
      vertex 0.588471 2.624731 3.135871
      vertex 0.600000 2.629977 3.194163
      vertex 0.588471 2.375269 3.135871
    endloop
  endfacet
  facet normal 0.980997 0.000000 -0.194021
    outer loop
      vertex 0.600000 2.629977 3.194163
      vertex 0.600000 2.370023 3.194163
      vertex 0.588471 2.375269 3.135871
    endloop
  endfacet
  facet normal 0.980997 0.000000 0.194021
    outer loop
      vertex 0.600000 2.629977 3.194163
      vertex 0.588471 2.635223 3.252454
      vertex 0.600000 2.370023 3.194163
    endloop
  endfacet
  facet normal 0.980997 0.000000 0.194021
    outer loop
      vertex 0.588471 2.635223 3.252454
      vertex 0.588471 2.364777 3.252454
      vertex 0.600000 2.370023 3.194163
    endloop
  endfacet
  facet normal 0.854028 0.000000 0.520227
    outer loop
      vertex 0.588471 2.635223 3.252454
      vertex 0.554328 2.640268 3.308506
      vertex 0.588471 2.364777 3.252454
    endloop
  endfacet
  facet normal 0.854028 0.000000 0.520227
    outer loop
      vertex 0.554328 2.640268 3.308506
      vertex 0.554328 2.359732 3.308506
      vertex 0.588471 2.364777 3.252454
    endloop
  endfacet
  facet normal 0.681667 0.000000 0.731663
    outer loop
      vertex 0.554328 2.640268 3.308506
      vertex 0.498882 2.644917 3.360163
      vertex 0.554328 2.359732 3.308506
    endloop
  endfacet
  facet normal 0.681667 0.000000 0.731663
    outer loop
      vertex 0.498882 2.644917 3.360163
      vertex 0.498882 2.355083 3.360163
      vertex 0.554328 2.359732 3.308506
    endloop
  endfacet
  facet normal 0.518763 0.000000 0.854918
    outer loop
      vertex 0.498882 2.644917 3.360163
      vertex 0.424264 2.648992 3.405441
      vertex 0.498882 2.355083 3.360163
    endloop
  endfacet
  facet normal 0.518763 0.000000 0.854918
    outer loop
      vertex 0.424264 2.648992 3.405441
      vertex 0.424264 2.351008 3.405441
      vertex 0.498882 2.355083 3.360163
    endloop
  endfacet
  facet normal 0.378313 0.000000 0.925678
    outer loop
      vertex 0.424264 2.648992 3.405441
      vertex 0.333342 2.652337 3.442599
      vertex 0.424264 2.351008 3.405441
    endloop
  endfacet
  facet normal 0.378313 0.000000 0.925678
    outer loop
      vertex 0.333342 2.652337 3.442599
      vertex 0.333342 2.347663 3.442599
      vertex 0.424264 2.351008 3.405441
    endloop
  endfacet
  facet normal 0.257223 0.000000 0.966352
    outer loop
      vertex 0.333342 2.652337 3.442599
      vertex 0.229610 2.654822 3.470211
      vertex 0.333342 2.347663 3.442599
    endloop
  endfacet
  facet normal 0.257223 0.000000 0.966352
    outer loop
      vertex 0.229610 2.654822 3.470211
      vertex 0.229610 2.345178 3.470211
      vertex 0.333342 2.347663 3.442599
    endloop
  endfacet
  facet normal 0.098573 0.000000 0.995130
    outer loop
      vertex 0.229610 2.654822 3.470211
      vertex 0.000000 2.656869 3.492955
      vertex 0.229610 2.345178 3.470211
    endloop
  endfacet
  facet normal 0.098573 0.000000 0.995130
    outer loop
      vertex 0.000000 2.656869 3.492955
      vertex 0.000000 2.343131 3.492955
      vertex 0.229610 2.345178 3.470211
    endloop
  endfacet
  facet normal -0.098573 0.000000 0.995130
    outer loop
      vertex 0.000000 2.656869 3.492955
      vertex -0.229610 2.345178 3.470211
      vertex 0.000000 2.343131 3.492955
    endloop
  endfacet
  facet normal -0.098573 0.000000 0.995130
    outer loop
      vertex 0.000000 2.656869 3.492955
      vertex -0.229610 2.654822 3.470211
      vertex -0.229610 2.345178 3.470211
    endloop
  endfacet
  facet normal -0.257223 0.000000 0.966352
    outer loop
      vertex -0.229610 2.654822 3.470211
      vertex -0.333342 2.347663 3.442599
      vertex -0.229610 2.345178 3.470211
    endloop
  endfacet
  facet normal -0.257223 0.000000 0.966352
    outer loop
      vertex -0.229610 2.654822 3.470211
      vertex -0.333342 2.652337 3.442599
      vertex -0.333342 2.347663 3.442599
    endloop
  endfacet
  facet normal -0.378313 0.000000 0.925678
    outer loop
      vertex -0.333342 2.652337 3.442599
      vertex -0.424264 2.351008 3.405441
      vertex -0.333342 2.347663 3.442599
    endloop
  endfacet
  facet normal -0.378313 0.000000 0.925678
    outer loop
      vertex -0.333342 2.652337 3.442599
      vertex -0.424264 2.648992 3.405441
      vertex -0.424264 2.351008 3.405441
    endloop
  endfacet
  facet normal -0.518763 0.000000 0.854918
    outer loop
      vertex -0.424264 2.648992 3.405441
      vertex -0.498882 2.355083 3.360163
      vertex -0.424264 2.351008 3.405441
    endloop
  endfacet
  facet normal -0.518763 0.000000 0.854918
    outer loop
      vertex -0.424264 2.648992 3.405441
      vertex -0.498882 2.644917 3.360163
      vertex -0.498882 2.355083 3.360163
    endloop
  endfacet
  facet normal -0.681667 0.000000 0.731663
    outer loop
      vertex -0.498882 2.644917 3.360163
      vertex -0.554328 2.359732 3.308506
      vertex -0.498882 2.355083 3.360163
    endloop
  endfacet
  facet normal -0.681667 0.000000 0.731663
    outer loop
      vertex -0.498882 2.644917 3.360163
      vertex -0.554328 2.640268 3.308506
      vertex -0.554328 2.359732 3.308506
    endloop
  endfacet
  facet normal -0.854028 0.000000 0.520227
    outer loop
      vertex -0.554328 2.640268 3.308506
      vertex -0.588471 2.364777 3.252454
      vertex -0.554328 2.359732 3.308506
    endloop
  endfacet
  facet normal -0.854028 0.000000 0.520227
    outer loop
      vertex -0.554328 2.640268 3.308506
      vertex -0.588471 2.635223 3.252454
      vertex -0.588471 2.364777 3.252454
    endloop
  endfacet
  facet normal -0.980997 0.000000 0.194021
    outer loop
      vertex -0.588471 2.635223 3.252454
      vertex -0.600000 2.370023 3.194163
      vertex -0.588471 2.364777 3.252454
    endloop
  endfacet
  facet normal -0.980997 0.000000 0.194021
    outer loop
      vertex -0.588471 2.635223 3.252454
      vertex -0.600000 2.629977 3.194163
      vertex -0.600000 2.370023 3.194163
    endloop
  endfacet
  facet normal -0.980997 0.000000 -0.194021
    outer loop
      vertex -0.600000 2.629977 3.194163
      vertex -0.588471 2.375269 3.135871
      vertex -0.600000 2.370023 3.194163
    endloop
  endfacet
  facet normal -0.980997 0.000000 -0.194021
    outer loop
      vertex -0.600000 2.629977 3.194163
      vertex -0.588471 2.624731 3.135871
      vertex -0.588471 2.375269 3.135871
    endloop
  endfacet
  facet normal -0.854028 0.000000 -0.520227
    outer loop
      vertex -0.588471 2.624731 3.135871
      vertex -0.554328 2.380314 3.079820
      vertex -0.588471 2.375269 3.135871
    endloop
  endfacet
  facet normal -0.854028 0.000000 -0.520227
    outer loop
      vertex -0.588471 2.624731 3.135871
      vertex -0.554328 2.619686 3.079820
      vertex -0.554328 2.380314 3.079820
    endloop
  endfacet
  facet normal -0.681667 0.000000 -0.731663
    outer loop
      vertex -0.554328 2.619686 3.079820
      vertex -0.498882 2.384963 3.028163
      vertex -0.554328 2.380314 3.079820
    endloop
  endfacet
  facet normal -0.681667 0.000000 -0.731663
    outer loop
      vertex -0.554328 2.619686 3.079820
      vertex -0.498882 2.615037 3.028163
      vertex -0.498882 2.384963 3.028163
    endloop
  endfacet
  facet normal -0.518763 0.000000 -0.854918
    outer loop
      vertex -0.498882 2.615037 3.028163
      vertex -0.424264 2.389038 2.982885
      vertex -0.498882 2.384963 3.028163
    endloop
  endfacet
  facet normal -0.518763 0.000000 -0.854918
    outer loop
      vertex -0.498882 2.615037 3.028163
      vertex -0.424264 2.610962 2.982885
      vertex -0.424264 2.389038 2.982885
    endloop
  endfacet
  facet normal -0.378313 0.000000 -0.925678
    outer loop
      vertex -0.424264 2.610962 2.982885
      vertex -0.333342 2.392383 2.945726
      vertex -0.424264 2.389038 2.982885
    endloop
  endfacet
  facet normal -0.378313 0.000000 -0.925678
    outer loop
      vertex -0.424264 2.610962 2.982885
      vertex -0.333342 2.607617 2.945726
      vertex -0.333342 2.392383 2.945726
    endloop
  endfacet
  facet normal -0.257223 0.000000 -0.966352
    outer loop
      vertex -0.333342 2.607617 2.945726
      vertex -0.229610 2.394868 2.918115
      vertex -0.333342 2.392383 2.945726
    endloop
  endfacet
  facet normal -0.257223 0.000000 -0.966352
    outer loop
      vertex -0.333342 2.607617 2.945726
      vertex -0.229610 2.605132 2.918115
      vertex -0.229610 2.394868 2.918115
    endloop
  endfacet
  facet normal -0.098573 0.000000 -0.995130
    outer loop
      vertex -0.229610 2.605132 2.918115
      vertex 0.000000 2.396915 2.895370
      vertex -0.229610 2.394868 2.918115
    endloop
  endfacet
  facet normal -0.098573 0.000000 -0.995130
    outer loop
      vertex -0.229610 2.605132 2.918115
      vertex 0.000000 2.603085 2.895370
      vertex 0.000000 2.396915 2.895370
    endloop
  endfacet
  facet normal 0.098573 0.177687 -0.979138
    outer loop
      vertex 0.000000 2.194058 2.858557
      vertex 0.229610 2.394868 2.918115
      vertex 0.229610 2.187982 2.880570
    endloop
  endfacet
  facet normal 0.098573 0.177687 -0.979138
    outer loop
      vertex 0.000000 2.194058 2.858557
      vertex 0.000000 2.396915 2.895370
      vertex 0.229610 2.394868 2.918115
    endloop
  endfacet
  facet normal 0.257223 0.172549 -0.950822
    outer loop
      vertex 0.229610 2.394868 2.918115
      vertex 0.333342 2.180607 2.907294
      vertex 0.229610 2.187982 2.880570
    endloop
  endfacet
  facet normal 0.257223 0.172549 -0.950822
    outer loop
      vertex 0.229610 2.394868 2.918115
      vertex 0.333342 2.392383 2.945726
      vertex 0.333342 2.180607 2.907294
    endloop
  endfacet
  facet normal 0.378313 0.165286 -0.910802
    outer loop
      vertex 0.333342 2.392383 2.945726
      vertex 0.424264 2.170682 2.943259
      vertex 0.333342 2.180607 2.907294
    endloop
  endfacet
  facet normal 0.378313 0.165286 -0.910802
    outer loop
      vertex 0.333342 2.392383 2.945726
      vertex 0.424264 2.389038 2.982885
      vertex 0.424264 2.170682 2.943259
    endloop
  endfacet
  facet normal 0.518763 0.152651 -0.841179
    outer loop
      vertex 0.424264 2.389038 2.982885
      vertex 0.498882 2.158587 2.987081
      vertex 0.424264 2.170682 2.943259
    endloop
  endfacet
  facet normal 0.518763 0.152651 -0.841179
    outer loop
      vertex 0.424264 2.389038 2.982885
      vertex 0.498882 2.384963 3.028163
      vertex 0.498882 2.158587 2.987081
    endloop
  endfacet
  facet normal 0.681667 0.130643 -0.719904
    outer loop
      vertex 0.498882 2.384963 3.028163
      vertex 0.554328 2.144789 3.037078
      vertex 0.498882 2.158587 2.987081
    endloop
  endfacet
  facet normal 0.681667 0.130643 -0.719904
    outer loop
      vertex 0.498882 2.384963 3.028163
      vertex 0.554328 2.380314 3.079820
      vertex 0.554328 2.144789 3.037078
    endloop
  endfacet
  facet normal 0.854028 0.092890 -0.511867
    outer loop
      vertex 0.554328 2.380314 3.079820
      vertex 0.588471 2.129817 3.091328
      vertex 0.554328 2.144789 3.037078
    endloop
  endfacet
  facet normal 0.854028 0.092890 -0.511867
    outer loop
      vertex 0.554328 2.380314 3.079820
      vertex 0.588471 2.375269 3.135871
      vertex 0.588471 2.129817 3.091328
    endloop
  endfacet
  facet normal 0.980997 0.034644 -0.190903
    outer loop
      vertex 0.588471 2.375269 3.135871
      vertex 0.600000 2.114247 3.147746
      vertex 0.588471 2.129817 3.091328
    endloop
  endfacet
  facet normal 0.980997 0.034644 -0.190903
    outer loop
      vertex 0.588471 2.375269 3.135871
      vertex 0.600000 2.370023 3.194163
      vertex 0.600000 2.114247 3.147746
    endloop
  endfacet
  facet normal 0.980997 -0.034644 0.190903
    outer loop
      vertex 0.600000 2.370023 3.194163
      vertex 0.588471 2.098676 3.204164
      vertex 0.600000 2.114247 3.147746
    endloop
  endfacet
  facet normal 0.980997 -0.034644 0.190903
    outer loop
      vertex 0.600000 2.370023 3.194163
      vertex 0.588471 2.364777 3.252454
      vertex 0.588471 2.098676 3.204164
    endloop
  endfacet
  facet normal 0.854028 -0.092890 0.511867
    outer loop
      vertex 0.588471 2.364777 3.252454
      vertex 0.554328 2.083704 3.258414
      vertex 0.588471 2.098676 3.204164
    endloop
  endfacet
  facet normal 0.854028 -0.092890 0.511867
    outer loop
      vertex 0.588471 2.364777 3.252454
      vertex 0.554328 2.359732 3.308506
      vertex 0.554328 2.083704 3.258414
    endloop
  endfacet
  facet normal 0.681667 -0.130643 0.719904
    outer loop
      vertex 0.554328 2.359732 3.308506
      vertex 0.498882 2.069906 3.308411
      vertex 0.554328 2.083704 3.258414
    endloop
  endfacet
  facet normal 0.681667 -0.130643 0.719904
    outer loop
      vertex 0.554328 2.359732 3.308506
      vertex 0.498882 2.355083 3.360163
      vertex 0.498882 2.069906 3.308411
    endloop
  endfacet
  facet normal 0.518763 -0.152651 0.841179
    outer loop
      vertex 0.498882 2.355083 3.360163
      vertex 0.424264 2.057812 3.352234
      vertex 0.498882 2.069906 3.308411
    endloop
  endfacet
  facet normal 0.518763 -0.152651 0.841179
    outer loop
      vertex 0.498882 2.355083 3.360163
      vertex 0.424264 2.351008 3.405441
      vertex 0.424264 2.057812 3.352234
    endloop
  endfacet
  facet normal 0.378313 -0.165286 0.910802
    outer loop
      vertex 0.424264 2.351008 3.405441
      vertex 0.333342 2.047886 3.388198
      vertex 0.424264 2.057812 3.352234
    endloop
  endfacet
  facet normal 0.378313 -0.165286 0.910802
    outer loop
      vertex 0.424264 2.351008 3.405441
      vertex 0.333342 2.347663 3.442599
      vertex 0.333342 2.047886 3.388198
    endloop
  endfacet
  facet normal 0.257223 -0.172549 0.950822
    outer loop
      vertex 0.333342 2.347663 3.442599
      vertex 0.229610 2.040511 3.414922
      vertex 0.333342 2.047886 3.388198
    endloop
  endfacet
  facet normal 0.257223 -0.172549 0.950822
    outer loop
      vertex 0.333342 2.347663 3.442599
      vertex 0.229610 2.345178 3.470211
      vertex 0.229610 2.040511 3.414922
    endloop
  endfacet
  facet normal 0.098573 -0.177687 0.979138
    outer loop
      vertex 0.229610 2.345178 3.470211
      vertex 0.000000 2.034436 3.436935
      vertex 0.229610 2.040511 3.414922
    endloop
  endfacet
  facet normal 0.098573 -0.177687 0.979138
    outer loop
      vertex 0.229610 2.345178 3.470211
      vertex 0.000000 2.343131 3.492955
      vertex 0.000000 2.034436 3.436935
    endloop
  endfacet
  facet normal -0.098573 -0.177687 0.979138
    outer loop
      vertex 0.000000 2.343131 3.492955
      vertex -0.229610 2.345178 3.470211
      vertex 0.000000 2.034436 3.436935
    endloop
  endfacet
  facet normal -0.098573 -0.177687 0.979138
    outer loop
      vertex -0.229610 2.345178 3.470211
      vertex -0.229610 2.040511 3.414922
      vertex 0.000000 2.034436 3.436935
    endloop
  endfacet
  facet normal -0.257223 -0.172549 0.950822
    outer loop
      vertex -0.229610 2.345178 3.470211
      vertex -0.333342 2.347663 3.442599
      vertex -0.229610 2.040511 3.414922
    endloop
  endfacet
  facet normal -0.257223 -0.172549 0.950822
    outer loop
      vertex -0.333342 2.347663 3.442599
      vertex -0.333342 2.047886 3.388198
      vertex -0.229610 2.040511 3.414922
    endloop
  endfacet
  facet normal -0.378313 -0.165286 0.910802
    outer loop
      vertex -0.333342 2.347663 3.442599
      vertex -0.424264 2.351008 3.405441
      vertex -0.333342 2.047886 3.388198
    endloop
  endfacet
  facet normal -0.378313 -0.165286 0.910802
    outer loop
      vertex -0.424264 2.351008 3.405441
      vertex -0.424264 2.057812 3.352234
      vertex -0.333342 2.047886 3.388198
    endloop
  endfacet
  facet normal -0.518763 -0.152651 0.841179
    outer loop
      vertex -0.424264 2.351008 3.405441
      vertex -0.498882 2.355083 3.360163
      vertex -0.424264 2.057812 3.352234
    endloop
  endfacet
  facet normal -0.518763 -0.152651 0.841179
    outer loop
      vertex -0.498882 2.355083 3.360163
      vertex -0.498882 2.069906 3.308411
      vertex -0.424264 2.057812 3.352234
    endloop
  endfacet
  facet normal -0.681667 -0.130643 0.719904
    outer loop
      vertex -0.498882 2.355083 3.360163
      vertex -0.554328 2.359732 3.308506
      vertex -0.498882 2.069906 3.308411
    endloop
  endfacet
  facet normal -0.681667 -0.130643 0.719904
    outer loop
      vertex -0.554328 2.359732 3.308506
      vertex -0.554328 2.083704 3.258414
      vertex -0.498882 2.069906 3.308411
    endloop
  endfacet
  facet normal -0.854028 -0.092890 0.511867
    outer loop
      vertex -0.554328 2.359732 3.308506
      vertex -0.588471 2.364777 3.252454
      vertex -0.554328 2.083704 3.258414
    endloop
  endfacet
  facet normal -0.854028 -0.092890 0.511867
    outer loop
      vertex -0.588471 2.364777 3.252454
      vertex -0.588471 2.098676 3.204164
      vertex -0.554328 2.083704 3.258414
    endloop
  endfacet
  facet normal -0.980997 -0.034644 0.190903
    outer loop
      vertex -0.588471 2.364777 3.252454
      vertex -0.600000 2.370023 3.194163
      vertex -0.588471 2.098676 3.204164
    endloop
  endfacet
  facet normal -0.980997 -0.034644 0.190903
    outer loop
      vertex -0.600000 2.370023 3.194163
      vertex -0.600000 2.114247 3.147746
      vertex -0.588471 2.098676 3.204164
    endloop
  endfacet
  facet normal -0.980997 0.034644 -0.190903
    outer loop
      vertex -0.600000 2.370023 3.194163
      vertex -0.588471 2.375269 3.135871
      vertex -0.600000 2.114247 3.147746
    endloop
  endfacet
  facet normal -0.980997 0.034644 -0.190903
    outer loop
      vertex -0.588471 2.375269 3.135871
      vertex -0.588471 2.129817 3.091328
      vertex -0.600000 2.114247 3.147746
    endloop
  endfacet
  facet normal -0.854028 0.092890 -0.511867
    outer loop
      vertex -0.588471 2.375269 3.135871
      vertex -0.554328 2.380314 3.079820
      vertex -0.588471 2.129817 3.091328
    endloop
  endfacet
  facet normal -0.854028 0.092890 -0.511867
    outer loop
      vertex -0.554328 2.380314 3.079820
      vertex -0.554328 2.144789 3.037078
      vertex -0.588471 2.129817 3.091328
    endloop
  endfacet
  facet normal -0.681667 0.130643 -0.719904
    outer loop
      vertex -0.554328 2.380314 3.079820
      vertex -0.498882 2.384963 3.028163
      vertex -0.554328 2.144789 3.037078
    endloop
  endfacet
  facet normal -0.681667 0.130643 -0.719904
    outer loop
      vertex -0.498882 2.384963 3.028163
      vertex -0.498882 2.158587 2.987081
      vertex -0.554328 2.144789 3.037078
    endloop
  endfacet
  facet normal -0.518763 0.152651 -0.841179
    outer loop
      vertex -0.498882 2.384963 3.028163
      vertex -0.424264 2.389038 2.982885
      vertex -0.498882 2.158587 2.987081
    endloop
  endfacet
  facet normal -0.518763 0.152651 -0.841179
    outer loop
      vertex -0.424264 2.389038 2.982885
      vertex -0.424264 2.170682 2.943259
      vertex -0.498882 2.158587 2.987081
    endloop
  endfacet
  facet normal -0.378313 0.165286 -0.910802
    outer loop
      vertex -0.424264 2.389038 2.982885
      vertex -0.333342 2.392383 2.945726
      vertex -0.424264 2.170682 2.943259
    endloop
  endfacet
  facet normal -0.378313 0.165286 -0.910802
    outer loop
      vertex -0.333342 2.392383 2.945726
      vertex -0.333342 2.180607 2.907294
      vertex -0.424264 2.170682 2.943259
    endloop
  endfacet
  facet normal -0.257223 0.172549 -0.950822
    outer loop
      vertex -0.333342 2.392383 2.945726
      vertex -0.229610 2.394868 2.918115
      vertex -0.333342 2.180607 2.907294
    endloop
  endfacet
  facet normal -0.257223 0.172549 -0.950822
    outer loop
      vertex -0.229610 2.394868 2.918115
      vertex -0.229610 2.187982 2.880570
      vertex -0.333342 2.180607 2.907294
    endloop
  endfacet
  facet normal -0.098573 0.177687 -0.979138
    outer loop
      vertex 0.000000 2.194058 2.858557
      vertex -0.229610 2.394868 2.918115
      vertex 0.000000 2.396915 2.895370
    endloop
  endfacet
  facet normal -0.098573 0.177687 -0.979138
    outer loop
      vertex 0.000000 2.194058 2.858557
      vertex -0.229610 2.187982 2.880570
      vertex -0.229610 2.394868 2.918115
    endloop
  endfacet
  facet normal 0.098573 0.349664 -0.931675
    outer loop
      vertex 0.000000 2.001034 2.786114
      vertex 0.229610 2.187982 2.880570
      vertex 0.229610 1.991125 2.806689
    endloop
  endfacet
  facet normal 0.098573 0.349664 -0.931675
    outer loop
      vertex 0.000000 2.001034 2.786114
      vertex 0.000000 2.194058 2.858557
      vertex 0.229610 2.187982 2.880570
    endloop
  endfacet
  facet normal 0.257223 0.339552 -0.904732
    outer loop
      vertex 0.229610 1.991125 2.806689
      vertex 0.333342 2.180607 2.907294
      vertex 0.333342 1.979097 2.831666
    endloop
  endfacet
  facet normal 0.257223 0.339552 -0.904732
    outer loop
      vertex 0.229610 1.991125 2.806689
      vertex 0.229610 2.187982 2.880570
      vertex 0.333342 2.180607 2.907294
    endloop
  endfacet
  facet normal 0.378313 0.325260 -0.866652
    outer loop
      vertex 0.333342 2.180607 2.907294
      vertex 0.424264 1.962909 2.865280
      vertex 0.333342 1.979097 2.831666
    endloop
  endfacet
  facet normal 0.378313 0.325260 -0.866652
    outer loop
      vertex 0.333342 2.180607 2.907294
      vertex 0.424264 2.170682 2.943259
      vertex 0.424264 1.962909 2.865280
    endloop
  endfacet
  facet normal 0.518763 0.300397 -0.800404
    outer loop
      vertex 0.424264 2.170682 2.943259
      vertex 0.498882 1.943184 2.906239
      vertex 0.424264 1.962909 2.865280
    endloop
  endfacet
  facet normal 0.518763 0.300397 -0.800404
    outer loop
      vertex 0.424264 2.170682 2.943259
      vertex 0.498882 2.158587 2.987081
      vertex 0.498882 1.943184 2.906239
    endloop
  endfacet
  facet normal 0.681667 0.257088 -0.685008
    outer loop
      vertex 0.498882 2.158587 2.987081
      vertex 0.554328 1.920681 2.952969
      vertex 0.498882 1.943184 2.906239
    endloop
  endfacet
  facet normal 0.681667 0.257088 -0.685008
    outer loop
      vertex 0.498882 2.158587 2.987081
      vertex 0.554328 2.144789 3.037078
      vertex 0.554328 1.920681 2.952969
    endloop
  endfacet
  facet normal 0.854028 0.182795 -0.487055
    outer loop
      vertex 0.554328 2.144789 3.037078
      vertex 0.588471 1.896263 3.003674
      vertex 0.554328 1.920681 2.952969
    endloop
  endfacet
  facet normal 0.854028 0.182795 -0.487055
    outer loop
      vertex 0.554328 2.144789 3.037078
      vertex 0.588471 2.129817 3.091328
      vertex 0.588471 1.896263 3.003674
    endloop
  endfacet
  facet normal 0.980997 0.068174 -0.181649
    outer loop
      vertex 0.588471 2.129817 3.091328
      vertex 0.600000 1.870869 3.056405
      vertex 0.588471 1.896263 3.003674
    endloop
  endfacet
  facet normal 0.980997 0.068174 -0.181649
    outer loop
      vertex 0.588471 2.129817 3.091328
      vertex 0.600000 2.114247 3.147746
      vertex 0.600000 1.870869 3.056405
    endloop
  endfacet
  facet normal 0.980997 -0.068174 0.181649
    outer loop
      vertex 0.600000 2.114247 3.147746
      vertex 0.588471 1.845475 3.109136
      vertex 0.600000 1.870869 3.056405
    endloop
  endfacet
  facet normal 0.980997 -0.068174 0.181649
    outer loop
      vertex 0.600000 2.114247 3.147746
      vertex 0.588471 2.098676 3.204164
      vertex 0.588471 1.845475 3.109136
    endloop
  endfacet
  facet normal 0.854028 -0.182795 0.487055
    outer loop
      vertex 0.588471 2.098676 3.204164
      vertex 0.554328 1.821057 3.159841
      vertex 0.588471 1.845475 3.109136
    endloop
  endfacet
  facet normal 0.854028 -0.182795 0.487055
    outer loop
      vertex 0.588471 2.098676 3.204164
      vertex 0.554328 2.083704 3.258414
      vertex 0.554328 1.821057 3.159841
    endloop
  endfacet
  facet normal 0.681667 -0.257088 0.685008
    outer loop
      vertex 0.554328 2.083704 3.258414
      vertex 0.498882 1.798553 3.206570
      vertex 0.554328 1.821057 3.159841
    endloop
  endfacet
  facet normal 0.681667 -0.257088 0.685008
    outer loop
      vertex 0.554328 2.083704 3.258414
      vertex 0.498882 2.069906 3.308411
      vertex 0.498882 1.798553 3.206570
    endloop
  endfacet
  facet normal 0.518763 -0.300397 0.800404
    outer loop
      vertex 0.498882 2.069906 3.308411
      vertex 0.424264 1.778828 3.247529
      vertex 0.498882 1.798553 3.206570
    endloop
  endfacet
  facet normal 0.518763 -0.300397 0.800404
    outer loop
      vertex 0.498882 2.069906 3.308411
      vertex 0.424264 2.057812 3.352234
      vertex 0.424264 1.778828 3.247529
    endloop
  endfacet
  facet normal 0.378313 -0.325260 0.866652
    outer loop
      vertex 0.424264 2.057812 3.352234
      vertex 0.333342 1.762640 3.281143
      vertex 0.424264 1.778828 3.247529
    endloop
  endfacet
  facet normal 0.378313 -0.325260 0.866652
    outer loop
      vertex 0.424264 2.057812 3.352234
      vertex 0.333342 2.047886 3.388198
      vertex 0.333342 1.762640 3.281143
    endloop
  endfacet
  facet normal 0.257223 -0.339552 0.904732
    outer loop
      vertex 0.333342 2.047886 3.388198
      vertex 0.229610 1.750612 3.306121
      vertex 0.333342 1.762640 3.281143
    endloop
  endfacet
  facet normal 0.257223 -0.339552 0.904732
    outer loop
      vertex 0.333342 2.047886 3.388198
      vertex 0.229610 2.040511 3.414922
      vertex 0.229610 1.750612 3.306121
    endloop
  endfacet
  facet normal 0.098573 -0.349664 0.931675
    outer loop
      vertex 0.229610 2.040511 3.414922
      vertex 0.000000 1.740703 3.326696
      vertex 0.229610 1.750612 3.306121
    endloop
  endfacet
  facet normal 0.098573 -0.349664 0.931675
    outer loop
      vertex 0.229610 2.040511 3.414922
      vertex 0.000000 2.034436 3.436935
      vertex 0.000000 1.740703 3.326696
    endloop
  endfacet
  facet normal -0.098573 -0.349664 0.931675
    outer loop
      vertex 0.000000 2.034436 3.436935
      vertex -0.229610 2.040511 3.414922
      vertex 0.000000 1.740703 3.326696
    endloop
  endfacet
  facet normal -0.098573 -0.349664 0.931675
    outer loop
      vertex -0.229610 2.040511 3.414922
      vertex -0.229610 1.750612 3.306121
      vertex 0.000000 1.740703 3.326696
    endloop
  endfacet
  facet normal -0.257223 -0.339552 0.904732
    outer loop
      vertex -0.229610 2.040511 3.414922
      vertex -0.333342 2.047886 3.388198
      vertex -0.229610 1.750612 3.306121
    endloop
  endfacet
  facet normal -0.257223 -0.339552 0.904732
    outer loop
      vertex -0.333342 2.047886 3.388198
      vertex -0.333342 1.762640 3.281143
      vertex -0.229610 1.750612 3.306121
    endloop
  endfacet
  facet normal -0.378313 -0.325260 0.866652
    outer loop
      vertex -0.333342 2.047886 3.388198
      vertex -0.424264 2.057812 3.352234
      vertex -0.333342 1.762640 3.281143
    endloop
  endfacet
  facet normal -0.378313 -0.325260 0.866652
    outer loop
      vertex -0.424264 2.057812 3.352234
      vertex -0.424264 1.778828 3.247529
      vertex -0.333342 1.762640 3.281143
    endloop
  endfacet
  facet normal -0.518763 -0.300397 0.800404
    outer loop
      vertex -0.424264 2.057812 3.352234
      vertex -0.498882 2.069906 3.308411
      vertex -0.424264 1.778828 3.247529
    endloop
  endfacet
  facet normal -0.518763 -0.300397 0.800404
    outer loop
      vertex -0.498882 2.069906 3.308411
      vertex -0.498882 1.798553 3.206570
      vertex -0.424264 1.778828 3.247529
    endloop
  endfacet
  facet normal -0.681667 -0.257088 0.685008
    outer loop
      vertex -0.498882 2.069906 3.308411
      vertex -0.554328 2.083704 3.258414
      vertex -0.498882 1.798553 3.206570
    endloop
  endfacet
  facet normal -0.681667 -0.257088 0.685008
    outer loop
      vertex -0.554328 2.083704 3.258414
      vertex -0.554328 1.821057 3.159841
      vertex -0.498882 1.798553 3.206570
    endloop
  endfacet
  facet normal -0.854028 -0.182795 0.487055
    outer loop
      vertex -0.554328 2.083704 3.258414
      vertex -0.588471 2.098676 3.204164
      vertex -0.554328 1.821057 3.159841
    endloop
  endfacet
  facet normal -0.854028 -0.182795 0.487055
    outer loop
      vertex -0.588471 2.098676 3.204164
      vertex -0.588471 1.845475 3.109136
      vertex -0.554328 1.821057 3.159841
    endloop
  endfacet
  facet normal -0.980997 -0.068174 0.181649
    outer loop
      vertex -0.588471 2.098676 3.204164
      vertex -0.600000 2.114247 3.147746
      vertex -0.588471 1.845475 3.109136
    endloop
  endfacet
  facet normal -0.980997 -0.068174 0.181649
    outer loop
      vertex -0.600000 2.114247 3.147746
      vertex -0.600000 1.870869 3.056405
      vertex -0.588471 1.845475 3.109136
    endloop
  endfacet
  facet normal -0.980997 0.068174 -0.181649
    outer loop
      vertex -0.600000 2.114247 3.147746
      vertex -0.588471 2.129817 3.091328
      vertex -0.600000 1.870869 3.056405
    endloop
  endfacet
  facet normal -0.980997 0.068174 -0.181649
    outer loop
      vertex -0.588471 2.129817 3.091328
      vertex -0.588471 1.896263 3.003674
      vertex -0.600000 1.870869 3.056405
    endloop
  endfacet
  facet normal -0.854028 0.182795 -0.487055
    outer loop
      vertex -0.588471 2.129817 3.091328
      vertex -0.554328 2.144789 3.037078
      vertex -0.588471 1.896263 3.003674
    endloop
  endfacet
  facet normal -0.854028 0.182795 -0.487055
    outer loop
      vertex -0.554328 2.144789 3.037078
      vertex -0.554328 1.920681 2.952969
      vertex -0.588471 1.896263 3.003674
    endloop
  endfacet
  facet normal -0.681667 0.257088 -0.685008
    outer loop
      vertex -0.554328 2.144789 3.037078
      vertex -0.498882 2.158587 2.987081
      vertex -0.554328 1.920681 2.952969
    endloop
  endfacet
  facet normal -0.681667 0.257088 -0.685008
    outer loop
      vertex -0.498882 2.158587 2.987081
      vertex -0.498882 1.943184 2.906239
      vertex -0.554328 1.920681 2.952969
    endloop
  endfacet
  facet normal -0.518763 0.300397 -0.800404
    outer loop
      vertex -0.498882 2.158587 2.987081
      vertex -0.424264 2.170682 2.943259
      vertex -0.498882 1.943184 2.906239
    endloop
  endfacet
  facet normal -0.518763 0.300397 -0.800404
    outer loop
      vertex -0.424264 2.170682 2.943259
      vertex -0.424264 1.962909 2.865280
      vertex -0.498882 1.943184 2.906239
    endloop
  endfacet
  facet normal -0.378313 0.325260 -0.866652
    outer loop
      vertex -0.424264 2.170682 2.943259
      vertex -0.333342 2.180607 2.907294
      vertex -0.424264 1.962909 2.865280
    endloop
  endfacet
  facet normal -0.378313 0.325260 -0.866652
    outer loop
      vertex -0.333342 2.180607 2.907294
      vertex -0.333342 1.979097 2.831666
      vertex -0.424264 1.962909 2.865280
    endloop
  endfacet
  facet normal -0.257223 0.339552 -0.904732
    outer loop
      vertex -0.229610 1.991125 2.806689
      vertex -0.333342 2.180607 2.907294
      vertex -0.229610 2.187982 2.880570
    endloop
  endfacet
  facet normal -0.257223 0.339552 -0.904732
    outer loop
      vertex -0.229610 1.991125 2.806689
      vertex -0.333342 1.979097 2.831666
      vertex -0.333342 2.180607 2.907294
    endloop
  endfacet
  facet normal -0.098573 0.349664 -0.931675
    outer loop
      vertex 0.000000 2.001034 2.786114
      vertex -0.229610 2.187982 2.880570
      vertex 0.000000 2.194058 2.858557
    endloop
  endfacet
  facet normal -0.098573 0.349664 -0.931675
    outer loop
      vertex 0.000000 2.001034 2.786114
      vertex -0.229610 1.991125 2.806689
      vertex -0.229610 2.187982 2.880570
    endloop
  endfacet
  facet normal 0.098573 0.510401 -0.854268
    outer loop
      vertex 0.000000 1.824047 2.680370
      vertex 0.229610 1.991125 2.806689
      vertex 0.229610 1.810624 2.698844
    endloop
  endfacet
  facet normal 0.098573 0.510401 -0.854268
    outer loop
      vertex 0.000000 1.824047 2.680370
      vertex 0.000000 2.001034 2.786114
      vertex 0.229610 1.991125 2.806689
    endloop
  endfacet
  facet normal 0.257223 0.495641 -0.829564
    outer loop
      vertex 0.229610 1.810624 2.698844
      vertex 0.333342 1.979097 2.831666
      vertex 0.333342 1.794329 2.721273
    endloop
  endfacet
  facet normal 0.257223 0.495641 -0.829564
    outer loop
      vertex 0.229610 1.810624 2.698844
      vertex 0.229610 1.991125 2.806689
      vertex 0.333342 1.979097 2.831666
    endloop
  endfacet
  facet normal 0.378313 0.474779 -0.794647
    outer loop
      vertex 0.333342 1.794329 2.721273
      vertex 0.424264 1.962909 2.865280
      vertex 0.424264 1.772399 2.751456
    endloop
  endfacet
  facet normal 0.378313 0.474779 -0.794647
    outer loop
      vertex 0.333342 1.794329 2.721273
      vertex 0.333342 1.979097 2.831666
      vertex 0.424264 1.962909 2.865280
    endloop
  endfacet
  facet normal 0.518763 0.438487 -0.733903
    outer loop
      vertex 0.424264 1.962909 2.865280
      vertex 0.498882 1.745678 2.788235
      vertex 0.424264 1.772399 2.751456
    endloop
  endfacet
  facet normal 0.518763 0.438487 -0.733903
    outer loop
      vertex 0.424264 1.962909 2.865280
      vertex 0.498882 1.943184 2.906239
      vertex 0.498882 1.745678 2.788235
    endloop
  endfacet
  facet normal 0.681667 0.375269 -0.628095
    outer loop
      vertex 0.498882 1.943184 2.906239
      vertex 0.554328 1.715192 2.830195
      vertex 0.498882 1.745678 2.788235
    endloop
  endfacet
  facet normal 0.681667 0.375269 -0.628095
    outer loop
      vertex 0.498882 1.943184 2.906239
      vertex 0.554328 1.920681 2.952969
      vertex 0.554328 1.715192 2.830195
    endloop
  endfacet
  facet normal 0.854028 0.266824 -0.446589
    outer loop
      vertex 0.554328 1.920681 2.952969
      vertex 0.588471 1.682113 2.875725
      vertex 0.554328 1.715192 2.830195
    endloop
  endfacet
  facet normal 0.854028 0.266824 -0.446589
    outer loop
      vertex 0.554328 1.920681 2.952969
      vertex 0.588471 1.896263 3.003674
      vertex 0.588471 1.682113 2.875725
    endloop
  endfacet
  facet normal 0.980997 0.099513 -0.166557
    outer loop
      vertex 0.588471 1.896263 3.003674
      vertex 0.600000 1.647711 2.923075
      vertex 0.588471 1.682113 2.875725
    endloop
  endfacet
  facet normal 0.980997 0.099513 -0.166557
    outer loop
      vertex 0.588471 1.896263 3.003674
      vertex 0.600000 1.870869 3.056405
      vertex 0.600000 1.647711 2.923075
    endloop
  endfacet
  facet normal 0.980997 -0.099513 0.166557
    outer loop
      vertex 0.600000 1.647711 2.923075
      vertex 0.588471 1.614037 2.970859
      vertex 0.588685 1.613949 2.969545
    endloop
  endfacet
  facet normal 0.980997 -0.099513 0.166557
    outer loop
      vertex 0.600000 1.870869 3.056405
      vertex 0.588471 1.845475 3.109136
      vertex 0.588471 1.614037 2.970859
    endloop
  endfacet
  facet normal 0.980997 -0.099513 0.166557
    outer loop
      vertex 0.600000 1.647711 2.923075
      vertex 0.600000 1.870869 3.056405
      vertex 0.588471 1.614037 2.970859
    endloop
  endfacet
  facet normal 0.854028 -0.266824 0.446589
    outer loop
      vertex 0.588471 1.845475 3.109136
      vertex 0.554328 1.628180 3.044602
      vertex 0.588471 1.614037 2.970859
    endloop
  endfacet
  facet normal 0.854028 -0.266824 0.446589
    outer loop
      vertex 0.588471 1.845475 3.109136
      vertex 0.554328 1.821057 3.159841
      vertex 0.554328 1.628180 3.044602
    endloop
  endfacet
  facet normal 0.681667 -0.375269 0.628095
    outer loop
      vertex 0.554328 1.821057 3.159841
      vertex 0.498882 1.651146 3.118499
      vertex 0.554328 1.628180 3.044602
    endloop
  endfacet
  facet normal 0.681667 -0.375269 0.628095
    outer loop
      vertex 0.554328 1.821057 3.159841
      vertex 0.498882 1.798553 3.206570
      vertex 0.498882 1.651146 3.118499
    endloop
  endfacet
  facet normal 0.518763 -0.438487 0.733903
    outer loop
      vertex 0.498882 1.651146 3.118499
      vertex 0.498882 1.798553 3.206570
      vertex 0.424264 1.682054 3.189710
    endloop
  endfacet
  facet normal 0.518763 -0.438487 0.733903
    outer loop
      vertex 0.498882 1.798553 3.206570
      vertex 0.424264 1.778828 3.247529
      vertex 0.424264 1.682054 3.189710
    endloop
  endfacet
  facet normal 0.378313 -0.474779 0.794647
    outer loop
      vertex 0.424264 1.682054 3.189710
      vertex 0.424264 1.778828 3.247529
      vertex 0.341408 1.716374 3.249661
    endloop
  endfacet
  facet normal 0.378313 -0.474779 0.794647
    outer loop
      vertex 0.424264 1.778828 3.247529
      vertex 0.333342 1.762640 3.281143
      vertex 0.333342 1.716374 3.253501
    endloop
  endfacet
  facet normal 0.378313 -0.474779 0.794647
    outer loop
      vertex 0.424264 1.778828 3.247529
      vertex 0.333342 1.716374 3.253501
      vertex 0.341408 1.716374 3.249661
    endloop
  endfacet
  facet normal 0.257223 -0.495641 0.829564
    outer loop
      vertex 0.333342 1.716374 3.253501
      vertex 0.333342 1.762640 3.281143
      vertex 0.295601 1.716374 3.265203
    endloop
  endfacet
  facet normal 0.257223 -0.495641 0.829564
    outer loop
      vertex 0.333342 1.762640 3.281143
      vertex 0.229610 1.750612 3.306121
      vertex 0.229610 1.716374 3.285665
    endloop
  endfacet
  facet normal 0.257223 -0.495641 0.829564
    outer loop
      vertex 0.333342 1.762640 3.281143
      vertex 0.229610 1.716374 3.285665
      vertex 0.295601 1.716374 3.265203
    endloop
  endfacet
  facet normal 0.098573 -0.510401 0.854268
    outer loop
      vertex 0.229610 1.716374 3.285665
      vertex 0.229610 1.750612 3.306121
      vertex 0.000000 1.716374 3.312159
    endloop
  endfacet
  facet normal 0.098573 -0.510401 0.854268
    outer loop
      vertex 0.229610 1.750612 3.306121
      vertex 0.000000 1.740703 3.326696
      vertex 0.000000 1.716374 3.312159
    endloop
  endfacet
  facet normal -0.098573 -0.510401 0.854268
    outer loop
      vertex -0.229610 1.750612 3.306121
      vertex 0.000000 1.716374 3.312159
      vertex 0.000000 1.740703 3.326696
    endloop
  endfacet
  facet normal -0.098573 -0.510401 0.854268
    outer loop
      vertex -0.229610 1.750612 3.306121
      vertex -0.229610 1.716374 3.285665
      vertex 0.000000 1.716374 3.312159
    endloop
  endfacet
  facet normal -0.257223 -0.495641 0.829564
    outer loop
      vertex -0.333342 1.762640 3.281143
      vertex -0.229610 1.716374 3.285665
      vertex -0.229610 1.750612 3.306121
    endloop
  endfacet
  facet normal -0.257223 -0.495641 0.829564
    outer loop
      vertex -0.333342 1.762640 3.281143
      vertex -0.333342 1.716374 3.253501
      vertex -0.229610 1.716374 3.285665
    endloop
  endfacet
  facet normal -0.378313 -0.474779 0.794647
    outer loop
      vertex -0.333342 1.716374 3.253501
      vertex -0.333342 1.762640 3.281143
      vertex -0.341408 1.716374 3.249661
    endloop
  endfacet
  facet normal -0.378313 -0.474779 0.794647
    outer loop
      vertex -0.424264 1.778828 3.247529
      vertex -0.424264 1.682054 3.189710
      vertex -0.393296 1.694881 3.212117
    endloop
  endfacet
  facet normal -0.378313 -0.474779 0.794647
    outer loop
      vertex -0.333342 1.762640 3.281143
      vertex -0.424264 1.778828 3.247529
      vertex -0.393296 1.694881 3.212117
    endloop
  endfacet
  facet normal -0.378313 -0.474779 0.794647
    outer loop
      vertex -0.333342 1.762640 3.281143
      vertex -0.393296 1.694881 3.212117
      vertex -0.341408 1.716374 3.249661
    endloop
  endfacet
  facet normal -0.518763 -0.438487 0.733903
    outer loop
      vertex -0.498882 1.798553 3.206570
      vertex -0.424264 1.682054 3.189710
      vertex -0.424264 1.778828 3.247529
    endloop
  endfacet
  facet normal -0.518763 -0.438487 0.733903
    outer loop
      vertex -0.498882 1.798553 3.206570
      vertex -0.498882 1.651146 3.118499
      vertex -0.424264 1.682054 3.189710
    endloop
  endfacet
  facet normal -0.681667 -0.375269 0.628095
    outer loop
      vertex -0.554328 1.821057 3.159841
      vertex -0.498882 1.651146 3.118499
      vertex -0.498882 1.798553 3.206570
    endloop
  endfacet
  facet normal -0.681667 -0.375269 0.628095
    outer loop
      vertex -0.554328 1.821057 3.159841
      vertex -0.554328 1.628180 3.044602
      vertex -0.498882 1.651146 3.118499
    endloop
  endfacet
  facet normal -0.854028 -0.266824 0.446589
    outer loop
      vertex -0.588471 1.845475 3.109136
      vertex -0.554328 1.628180 3.044602
      vertex -0.554328 1.821057 3.159841
    endloop
  endfacet
  facet normal -0.854028 -0.266824 0.446589
    outer loop
      vertex -0.588471 1.845475 3.109136
      vertex -0.588471 1.614037 2.970859
      vertex -0.554328 1.628180 3.044602
    endloop
  endfacet
  facet normal -0.980997 -0.099513 0.166557
    outer loop
      vertex -0.588471 1.614037 2.970859
      vertex -0.588471 1.845475 3.109136
      vertex -0.588685 1.613949 2.969545
    endloop
  endfacet
  facet normal -0.980997 -0.099513 0.166557
    outer loop
      vertex -0.600000 1.870869 3.056405
      vertex -0.600000 1.647711 2.923075
      vertex -0.588685 1.613949 2.969545
    endloop
  endfacet
  facet normal -0.980997 -0.099513 0.166557
    outer loop
      vertex -0.588471 1.845475 3.109136
      vertex -0.600000 1.870869 3.056405
      vertex -0.588685 1.613949 2.969545
    endloop
  endfacet
  facet normal -0.980997 0.099513 -0.166557
    outer loop
      vertex -0.600000 1.870869 3.056405
      vertex -0.588471 1.896263 3.003674
      vertex -0.600000 1.647711 2.923075
    endloop
  endfacet
  facet normal -0.980997 0.099513 -0.166557
    outer loop
      vertex -0.588471 1.896263 3.003674
      vertex -0.588471 1.682113 2.875725
      vertex -0.600000 1.647711 2.923075
    endloop
  endfacet
  facet normal -0.854028 0.266824 -0.446589
    outer loop
      vertex -0.588471 1.896263 3.003674
      vertex -0.554328 1.920681 2.952969
      vertex -0.588471 1.682113 2.875725
    endloop
  endfacet
  facet normal -0.854028 0.266824 -0.446589
    outer loop
      vertex -0.554328 1.920681 2.952969
      vertex -0.554328 1.715192 2.830195
      vertex -0.588471 1.682113 2.875725
    endloop
  endfacet
  facet normal -0.681667 0.375269 -0.628095
    outer loop
      vertex -0.554328 1.920681 2.952969
      vertex -0.498882 1.943184 2.906239
      vertex -0.554328 1.715192 2.830195
    endloop
  endfacet
  facet normal -0.681667 0.375269 -0.628095
    outer loop
      vertex -0.498882 1.943184 2.906239
      vertex -0.498882 1.745678 2.788235
      vertex -0.554328 1.715192 2.830195
    endloop
  endfacet
  facet normal -0.518763 0.438487 -0.733903
    outer loop
      vertex -0.498882 1.943184 2.906239
      vertex -0.424264 1.962909 2.865280
      vertex -0.498882 1.745678 2.788235
    endloop
  endfacet
  facet normal -0.518763 0.438487 -0.733903
    outer loop
      vertex -0.424264 1.962909 2.865280
      vertex -0.424264 1.772399 2.751456
      vertex -0.498882 1.745678 2.788235
    endloop
  endfacet
  facet normal -0.378313 0.474779 -0.794647
    outer loop
      vertex -0.333342 1.794329 2.721273
      vertex -0.424264 1.962909 2.865280
      vertex -0.333342 1.979097 2.831666
    endloop
  endfacet
  facet normal -0.378313 0.474779 -0.794647
    outer loop
      vertex -0.333342 1.794329 2.721273
      vertex -0.424264 1.772399 2.751456
      vertex -0.424264 1.962909 2.865280
    endloop
  endfacet
  facet normal -0.257223 0.495641 -0.829564
    outer loop
      vertex -0.229610 1.810624 2.698844
      vertex -0.333342 1.979097 2.831666
      vertex -0.229610 1.991125 2.806689
    endloop
  endfacet
  facet normal -0.257223 0.495641 -0.829564
    outer loop
      vertex -0.229610 1.810624 2.698844
      vertex -0.333342 1.794329 2.721273
      vertex -0.333342 1.979097 2.831666
    endloop
  endfacet
  facet normal -0.098573 0.510401 -0.854268
    outer loop
      vertex 0.000000 1.824047 2.680370
      vertex -0.229610 1.991125 2.806689
      vertex 0.000000 2.001034 2.786114
    endloop
  endfacet
  facet normal -0.098573 0.510401 -0.854268
    outer loop
      vertex 0.000000 1.824047 2.680370
      vertex -0.229610 1.810624 2.698844
      vertex -0.229610 1.991125 2.806689
    endloop
  endfacet
  facet normal 0.098573 0.654734 -0.749404
    outer loop
      vertex 0.167451 1.716374 2.608324
      vertex 0.229610 1.810624 2.698844
      vertex 0.229610 1.716374 2.616501
    endloop
  endfacet
  facet normal 0.098573 0.654734 -0.749404
    outer loop
      vertex 0.000000 1.716374 2.586299
      vertex 0.000000 1.824047 2.680370
      vertex 0.229610 1.810624 2.698844
    endloop
  endfacet
  facet normal 0.098573 0.654734 -0.749404
    outer loop
      vertex 0.167451 1.716374 2.608324
      vertex 0.000000 1.716374 2.586299
      vertex 0.229610 1.810624 2.698844
    endloop
  endfacet
  facet normal 0.257223 0.635800 -0.727732
    outer loop
      vertex 0.229610 1.716374 2.616501
      vertex 0.333342 1.794329 2.721273
      vertex 0.333342 1.716374 2.653166
    endloop
  endfacet
  facet normal 0.257223 0.635800 -0.727732
    outer loop
      vertex 0.229610 1.716374 2.616501
      vertex 0.229610 1.810624 2.698844
      vertex 0.333342 1.794329 2.721273
    endloop
  endfacet
  facet normal 0.378313 0.609039 -0.697102
    outer loop
      vertex 0.341408 1.716374 2.657543
      vertex 0.424264 1.772399 2.751456
      vertex 0.424264 1.682054 2.672524
    endloop
  endfacet
  facet normal 0.378313 0.609039 -0.697102
    outer loop
      vertex 0.333342 1.716374 2.653166
      vertex 0.333342 1.794329 2.721273
      vertex 0.424264 1.772399 2.751456
    endloop
  endfacet
  facet normal 0.378313 0.609039 -0.697102
    outer loop
      vertex 0.341408 1.716374 2.657543
      vertex 0.333342 1.716374 2.653166
      vertex 0.424264 1.772399 2.751456
    endloop
  endfacet
  facet normal 0.518763 0.562484 -0.643814
    outer loop
      vertex 0.424264 1.682054 2.672524
      vertex 0.498882 1.745678 2.788235
      vertex 0.498882 1.651146 2.705645
    endloop
  endfacet
  facet normal 0.518763 0.562484 -0.643814
    outer loop
      vertex 0.424264 1.682054 2.672524
      vertex 0.424264 1.772399 2.751456
      vertex 0.498882 1.745678 2.788235
    endloop
  endfacet
  facet normal 0.681667 0.481389 -0.550994
    outer loop
      vertex 0.498882 1.745678 2.788235
      vertex 0.554328 1.628180 2.754175
      vertex 0.498882 1.651146 2.705645
    endloop
  endfacet
  facet normal 0.681667 0.481389 -0.550994
    outer loop
      vertex 0.498882 1.745678 2.788235
      vertex 0.554328 1.715192 2.830195
      vertex 0.554328 1.628180 2.754175
    endloop
  endfacet
  facet normal 0.854028 0.342278 -0.391768
    outer loop
      vertex 0.554328 1.715192 2.830195
      vertex 0.588471 1.614037 2.816250
      vertex 0.554328 1.628180 2.754175
    endloop
  endfacet
  facet normal 0.854028 0.342278 -0.391768
    outer loop
      vertex 0.554328 1.715192 2.830195
      vertex 0.588471 1.682113 2.875725
      vertex 0.588471 1.614037 2.816250
    endloop
  endfacet
  facet normal 0.980997 0.127654 -0.146111
    outer loop
      vertex 0.588471 1.682113 2.875725
      vertex 0.600000 1.609262 2.889482
      vertex 0.588471 1.614037 2.816250
    endloop
  endfacet
  facet normal 0.980997 0.127654 -0.146111
    outer loop
      vertex 0.588471 1.682113 2.875725
      vertex 0.600000 1.647711 2.923075
      vertex 0.600000 1.609262 2.889482
    endloop
  endfacet
  facet normal 0.980997 -0.127654 0.146111
    outer loop
      vertex 0.600000 1.647711 2.923075
      vertex 0.588685 1.613949 2.969545
      vertex 0.600000 1.609262 2.889482
    endloop
  endfacet
  facet normal -0.980997 -0.127654 0.146111
    outer loop
      vertex -0.588685 1.613949 2.969545
      vertex -0.600000 1.647711 2.923075
      vertex -0.600000 1.609262 2.889482
    endloop
  endfacet
  facet normal -0.980997 0.127654 -0.146111
    outer loop
      vertex -0.588471 1.682113 2.875725
      vertex -0.600000 1.609262 2.889482
      vertex -0.600000 1.647711 2.923075
    endloop
  endfacet
  facet normal -0.980997 0.127654 -0.146111
    outer loop
      vertex -0.588471 1.682113 2.875725
      vertex -0.588471 1.614037 2.816250
      vertex -0.600000 1.609262 2.889482
    endloop
  endfacet
  facet normal -0.854028 0.342278 -0.391768
    outer loop
      vertex -0.554328 1.715192 2.830195
      vertex -0.588471 1.614037 2.816250
      vertex -0.588471 1.682113 2.875725
    endloop
  endfacet
  facet normal -0.854028 0.342278 -0.391768
    outer loop
      vertex -0.554328 1.715192 2.830195
      vertex -0.554328 1.628180 2.754175
      vertex -0.588471 1.614037 2.816250
    endloop
  endfacet
  facet normal -0.681667 0.481389 -0.550994
    outer loop
      vertex -0.554328 1.715192 2.830195
      vertex -0.498882 1.745678 2.788235
      vertex -0.554328 1.628180 2.754175
    endloop
  endfacet
  facet normal -0.681667 0.481389 -0.550994
    outer loop
      vertex -0.498882 1.745678 2.788235
      vertex -0.498882 1.651146 2.705645
      vertex -0.554328 1.628180 2.754175
    endloop
  endfacet
  facet normal -0.518763 0.562484 -0.643814
    outer loop
      vertex -0.424264 1.682054 2.672524
      vertex -0.498882 1.745678 2.788235
      vertex -0.424264 1.772399 2.751456
    endloop
  endfacet
  facet normal -0.518763 0.562484 -0.643814
    outer loop
      vertex -0.485642 1.656631 2.699768
      vertex -0.498882 1.651146 2.705645
      vertex -0.498882 1.745678 2.788235
    endloop
  endfacet
  facet normal -0.518763 0.562484 -0.643814
    outer loop
      vertex -0.424264 1.682054 2.672524
      vertex -0.485642 1.656631 2.699768
      vertex -0.498882 1.745678 2.788235
    endloop
  endfacet
  facet normal -0.378313 0.609039 -0.697102
    outer loop
      vertex -0.333342 1.716374 2.653166
      vertex -0.424264 1.772399 2.751456
      vertex -0.333342 1.794329 2.721273
    endloop
  endfacet
  facet normal -0.378313 0.609039 -0.697102
    outer loop
      vertex -0.341408 1.716374 2.657543
      vertex -0.424264 1.682054 2.672524
      vertex -0.424264 1.772399 2.751456
    endloop
  endfacet
  facet normal -0.378313 0.609039 -0.697102
    outer loop
      vertex -0.333342 1.716374 2.653166
      vertex -0.341408 1.716374 2.657543
      vertex -0.424264 1.772399 2.751456
    endloop
  endfacet
  facet normal -0.257223 0.635800 -0.727732
    outer loop
      vertex -0.229610 1.716374 2.616501
      vertex -0.333342 1.794329 2.721273
      vertex -0.229610 1.810624 2.698844
    endloop
  endfacet
  facet normal -0.257223 0.635800 -0.727732
    outer loop
      vertex -0.229610 1.716374 2.616501
      vertex -0.333342 1.716374 2.653166
      vertex -0.333342 1.794329 2.721273
    endloop
  endfacet
  facet normal -0.098573 0.654734 -0.749404
    outer loop
      vertex 0.000000 1.716374 2.586299
      vertex -0.229610 1.810624 2.698844
      vertex 0.000000 1.824047 2.680370
    endloop
  endfacet
  facet normal -0.098573 0.654734 -0.749404
    outer loop
      vertex 0.000000 1.716374 2.586299
      vertex -0.229610 1.716374 2.616501
      vertex -0.229610 1.810624 2.698844
    endloop
  endfacet
  facet normal 0.098573 0.719275 0.687697
    outer loop
      vertex 0.000000 1.743370 0.883968
      vertex 0.229610 1.716374 0.879292
      vertex 0.229610 1.728346 0.866771
    endloop
  endfacet
  facet normal 0.098573 0.719275 0.687697
    outer loop
      vertex 0.000000 1.743370 0.883968
      vertex 0.000000 1.716374 0.912204
      vertex 0.229610 1.716374 0.879292
    endloop
  endfacet
  facet normal 0.257223 0.698474 0.667810
    outer loop
      vertex 0.297692 1.716374 0.853068
      vertex 0.229610 1.728346 0.866771
      vertex 0.229610 1.716374 0.879292
    endloop
  endfacet
  facet normal 0.378313 0.669075 0.639701
    outer loop
      vertex 0.424264 1.682054 0.821462
      vertex 0.424264 1.685559 0.817797
      vertex 0.399967 1.692119 0.825305
    endloop
  endfacet
  facet normal 0.518763 0.617930 0.590802
    outer loop
      vertex 0.498882 1.651146 0.788270
      vertex 0.498882 1.655648 0.783562
      vertex 0.484629 1.657050 0.794610
    endloop
  endfacet
  facet normal 0.518763 0.617930 0.590802
    outer loop
      vertex 0.424264 1.685559 0.817797
      vertex 0.424264 1.682054 0.821462
      vertex 0.484629 1.657050 0.794610
    endloop
  endfacet
  facet normal 0.518763 0.617930 0.590802
    outer loop
      vertex 0.498882 1.655648 0.783562
      vertex 0.424264 1.685559 0.817797
      vertex 0.484629 1.657050 0.794610
    endloop
  endfacet
  facet normal 0.681667 0.528842 0.505625
    outer loop
      vertex 0.521251 1.641881 0.767804
      vertex 0.498882 1.655648 0.783562
      vertex 0.498882 1.651146 0.788270
    endloop
  endfacet
  facet normal -0.681667 0.528842 0.505625
    outer loop
      vertex -0.498882 1.651146 0.788270
      vertex -0.498882 1.655648 0.783562
      vertex -0.521251 1.641881 0.767804
    endloop
  endfacet
  facet normal -0.518763 0.617930 0.590802
    outer loop
      vertex -0.424264 1.682054 0.821462
      vertex -0.424264 1.685559 0.817797
      vertex -0.498882 1.651146 0.788270
    endloop
  endfacet
  facet normal -0.518763 0.617930 0.590802
    outer loop
      vertex -0.424264 1.685559 0.817797
      vertex -0.498882 1.655648 0.783562
      vertex -0.498882 1.651146 0.788270
    endloop
  endfacet
  facet normal -0.378313 0.669075 0.639701
    outer loop
      vertex -0.399967 1.692119 0.825305
      vertex -0.424264 1.685559 0.817797
      vertex -0.424264 1.682054 0.821462
    endloop
  endfacet
  facet normal -0.257223 0.698474 0.667810
    outer loop
      vertex -0.229610 1.716374 0.879292
      vertex -0.229610 1.728346 0.866771
      vertex -0.297692 1.716374 0.853068
    endloop
  endfacet
  facet normal -0.098573 0.719275 0.687697
    outer loop
      vertex 0.000000 1.716374 0.912204
      vertex 0.000000 1.743370 0.883968
      vertex -0.168148 1.716374 0.888102
    endloop
  endfacet
  facet normal -0.098573 0.719275 0.687697
    outer loop
      vertex 0.000000 1.743370 0.883968
      vertex -0.229610 1.728346 0.866771
      vertex -0.229610 1.716374 0.879292
    endloop
  endfacet
  facet normal -0.098573 0.719275 0.687697
    outer loop
      vertex 0.000000 1.743370 0.883968
      vertex -0.229610 1.716374 0.879292
      vertex -0.168148 1.716374 0.888102
    endloop
  endfacet
  facet normal 0.098573 0.584923 0.805077
    outer loop
      vertex 0.000000 1.910166 0.762784
      vertex 0.229610 1.728346 0.866771
      vertex 0.229610 1.898453 0.743180
    endloop
  endfacet
  facet normal 0.098573 0.584923 0.805077
    outer loop
      vertex 0.000000 1.910166 0.762784
      vertex 0.000000 1.743370 0.883968
      vertex 0.229610 1.728346 0.866771
    endloop
  endfacet
  facet normal 0.257223 0.568007 0.781795
    outer loop
      vertex 0.333342 1.716374 0.841339
      vertex 0.333342 1.884234 0.719381
      vertex 0.297692 1.716374 0.853068
    endloop
  endfacet
  facet normal 0.257223 0.568007 0.781795
    outer loop
      vertex 0.229610 1.898453 0.743180
      vertex 0.229610 1.728346 0.866771
      vertex 0.297692 1.716374 0.853068
    endloop
  endfacet
  facet normal 0.257223 0.568007 0.781795
    outer loop
      vertex 0.333342 1.884234 0.719381
      vertex 0.229610 1.898453 0.743180
      vertex 0.297692 1.716374 0.853068
    endloop
  endfacet
  facet normal 0.378313 0.544100 0.748889
    outer loop
      vertex 0.399967 1.692119 0.825305
      vertex 0.424264 1.685559 0.817797
      vertex 0.341408 1.716374 0.837264
    endloop
  endfacet
  facet normal 0.378313 0.544100 0.748889
    outer loop
      vertex 0.333342 1.884234 0.719381
      vertex 0.333342 1.716374 0.841339
      vertex 0.341408 1.716374 0.837264
    endloop
  endfacet
  facet normal 0.378313 0.544100 0.748889
    outer loop
      vertex 0.424264 1.865098 0.687354
      vertex 0.333342 1.884234 0.719381
      vertex 0.341408 1.716374 0.837264
    endloop
  endfacet
  facet normal 0.378313 0.544100 0.748889
    outer loop
      vertex 0.424264 1.685559 0.817797
      vertex 0.424264 1.865098 0.687354
      vertex 0.341408 1.716374 0.837264
    endloop
  endfacet
  facet normal 0.518763 0.502508 0.691643
    outer loop
      vertex 0.424264 1.865098 0.687354
      vertex 0.498882 1.655648 0.783562
      vertex 0.498882 1.841782 0.648328
    endloop
  endfacet
  facet normal 0.518763 0.502508 0.691643
    outer loop
      vertex 0.424264 1.865098 0.687354
      vertex 0.424264 1.685559 0.817797
      vertex 0.498882 1.655648 0.783562
    endloop
  endfacet
  facet normal 0.681667 0.430060 0.591927
    outer loop
      vertex 0.554328 1.628180 0.739667
      vertex 0.554328 1.815179 0.603803
      vertex 0.521251 1.641881 0.767804
    endloop
  endfacet
  facet normal 0.681667 0.430060 0.591927
    outer loop
      vertex 0.498882 1.841782 0.648328
      vertex 0.498882 1.655648 0.783562
      vertex 0.521251 1.641881 0.767804
    endloop
  endfacet
  facet normal 0.681667 0.430060 0.591927
    outer loop
      vertex 0.554328 1.815179 0.603803
      vertex 0.498882 1.841782 0.648328
      vertex 0.521251 1.641881 0.767804
    endloop
  endfacet
  facet normal 0.854028 0.305782 0.420873
    outer loop
      vertex 0.554328 1.815179 0.603803
      vertex 0.588471 1.614037 0.680658
      vertex 0.588471 1.786315 0.555492
    endloop
  endfacet
  facet normal 0.854028 0.305782 0.420873
    outer loop
      vertex 0.554328 1.815179 0.603803
      vertex 0.554328 1.628180 0.739667
      vertex 0.588471 1.614037 0.680658
    endloop
  endfacet
  facet normal 0.980997 0.114043 0.156966
    outer loop
      vertex 0.588471 1.786315 0.555492
      vertex 0.600000 1.609262 0.612076
      vertex 0.600000 1.756296 0.505249
    endloop
  endfacet
  facet normal 0.980997 0.114043 0.156966
    outer loop
      vertex 0.588471 1.786315 0.555492
      vertex 0.588471 1.614037 0.680658
      vertex 0.600000 1.609262 0.612076
    endloop
  endfacet
  facet normal 0.980997 -0.114043 -0.156966
    outer loop
      vertex 0.600000 1.756296 0.505249
      vertex 0.588471 1.614037 0.536554
      vertex 0.588471 1.726278 0.455007
    endloop
  endfacet
  facet normal 0.980997 -0.114043 -0.156966
    outer loop
      vertex 0.600000 1.756296 0.505249
      vertex 0.600000 1.609262 0.612076
      vertex 0.588471 1.614037 0.536554
    endloop
  endfacet
  facet normal 0.854028 -0.305782 -0.420873
    outer loop
      vertex 0.588471 1.726278 0.455007
      vertex 0.554328 1.628180 0.456995
      vertex 0.554328 1.697413 0.406695
    endloop
  endfacet
  facet normal 0.854028 -0.305782 -0.420873
    outer loop
      vertex 0.588471 1.726278 0.455007
      vertex 0.588471 1.614037 0.536554
      vertex 0.554328 1.628180 0.456995
    endloop
  endfacet
  facet normal 0.681667 -0.430060 -0.591927
    outer loop
      vertex 0.554328 1.697413 0.406695
      vertex 0.498882 1.651146 0.376457
      vertex 0.498882 1.670811 0.362171
    endloop
  endfacet
  facet normal 0.681667 -0.430060 -0.591927
    outer loop
      vertex 0.554328 1.697413 0.406695
      vertex 0.554328 1.628180 0.456995
      vertex 0.498882 1.651146 0.376457
    endloop
  endfacet
  facet normal 0.518763 -0.502508 -0.691643
    outer loop
      vertex 0.498882 1.651146 0.376457
      vertex 0.471822 1.662355 0.348018
      vertex 0.498882 1.670811 0.362171
    endloop
  endfacet
  facet normal -0.518763 -0.502508 -0.691643
    outer loop
      vertex -0.498882 1.651146 0.376457
      vertex -0.498882 1.670811 0.362171
      vertex -0.471822 1.662355 0.348018
    endloop
  endfacet
  facet normal -0.681667 -0.430060 -0.591927
    outer loop
      vertex -0.554328 1.628180 0.456995
      vertex -0.554328 1.697413 0.406695
      vertex -0.498882 1.651146 0.376457
    endloop
  endfacet
  facet normal -0.681667 -0.430060 -0.591927
    outer loop
      vertex -0.554328 1.697413 0.406695
      vertex -0.498882 1.670811 0.362171
      vertex -0.498882 1.651146 0.376457
    endloop
  endfacet
  facet normal -0.854028 -0.305782 -0.420873
    outer loop
      vertex -0.588471 1.614037 0.536554
      vertex -0.588471 1.726278 0.455007
      vertex -0.554328 1.628180 0.456995
    endloop
  endfacet
  facet normal -0.854028 -0.305782 -0.420873
    outer loop
      vertex -0.588471 1.726278 0.455007
      vertex -0.554328 1.697413 0.406695
      vertex -0.554328 1.628180 0.456995
    endloop
  endfacet
  facet normal -0.980997 -0.114043 -0.156966
    outer loop
      vertex -0.600000 1.609262 0.612076
      vertex -0.600000 1.756296 0.505249
      vertex -0.588471 1.614037 0.536554
    endloop
  endfacet
  facet normal -0.980997 -0.114043 -0.156966
    outer loop
      vertex -0.600000 1.756296 0.505249
      vertex -0.588471 1.726278 0.455007
      vertex -0.588471 1.614037 0.536554
    endloop
  endfacet
  facet normal -0.980997 0.114043 0.156966
    outer loop
      vertex -0.588471 1.614037 0.680658
      vertex -0.588471 1.786315 0.555492
      vertex -0.600000 1.609262 0.612076
    endloop
  endfacet
  facet normal -0.980997 0.114043 0.156966
    outer loop
      vertex -0.588471 1.786315 0.555492
      vertex -0.600000 1.756296 0.505249
      vertex -0.600000 1.609262 0.612076
    endloop
  endfacet
  facet normal -0.854028 0.305782 0.420873
    outer loop
      vertex -0.554328 1.628180 0.739667
      vertex -0.554328 1.815179 0.603803
      vertex -0.588471 1.614037 0.680658
    endloop
  endfacet
  facet normal -0.854028 0.305782 0.420873
    outer loop
      vertex -0.554328 1.815179 0.603803
      vertex -0.588471 1.786315 0.555492
      vertex -0.588471 1.614037 0.680658
    endloop
  endfacet
  facet normal -0.681667 0.430060 0.591927
    outer loop
      vertex -0.521251 1.641881 0.767804
      vertex -0.498882 1.655648 0.783562
      vertex -0.554328 1.628180 0.739667
    endloop
  endfacet
  facet normal -0.681667 0.430060 0.591927
    outer loop
      vertex -0.498882 1.841782 0.648328
      vertex -0.554328 1.815179 0.603803
      vertex -0.554328 1.628180 0.739667
    endloop
  endfacet
  facet normal -0.681667 0.430060 0.591927
    outer loop
      vertex -0.498882 1.655648 0.783562
      vertex -0.498882 1.841782 0.648328
      vertex -0.554328 1.628180 0.739667
    endloop
  endfacet
  facet normal -0.518763 0.502508 0.691643
    outer loop
      vertex -0.424264 1.865098 0.687354
      vertex -0.498882 1.655648 0.783562
      vertex -0.424264 1.685559 0.817797
    endloop
  endfacet
  facet normal -0.518763 0.502508 0.691643
    outer loop
      vertex -0.424264 1.865098 0.687354
      vertex -0.498882 1.841782 0.648328
      vertex -0.498882 1.655648 0.783562
    endloop
  endfacet
  facet normal -0.378313 0.544100 0.748889
    outer loop
      vertex -0.333342 1.716374 0.841339
      vertex -0.333342 1.884234 0.719381
      vertex -0.341408 1.716374 0.837264
    endloop
  endfacet
  facet normal -0.378313 0.544100 0.748889
    outer loop
      vertex -0.333342 1.884234 0.719381
      vertex -0.424264 1.865098 0.687354
      vertex -0.424264 1.685559 0.817797
    endloop
  endfacet
  facet normal -0.378313 0.544100 0.748889
    outer loop
      vertex -0.333342 1.884234 0.719381
      vertex -0.424264 1.685559 0.817797
      vertex -0.399967 1.692119 0.825305
    endloop
  endfacet
  facet normal -0.378313 0.544100 0.748889
    outer loop
      vertex -0.333342 1.884234 0.719381
      vertex -0.399967 1.692119 0.825305
      vertex -0.341408 1.716374 0.837264
    endloop
  endfacet
  facet normal -0.257223 0.568007 0.781795
    outer loop
      vertex -0.297692 1.716374 0.853068
      vertex -0.229610 1.728346 0.866771
      vertex -0.333342 1.716374 0.841339
    endloop
  endfacet
  facet normal -0.257223 0.568007 0.781795
    outer loop
      vertex -0.229610 1.898453 0.743180
      vertex -0.333342 1.884234 0.719381
      vertex -0.333342 1.716374 0.841339
    endloop
  endfacet
  facet normal -0.257223 0.568007 0.781795
    outer loop
      vertex -0.229610 1.728346 0.866771
      vertex -0.229610 1.898453 0.743180
      vertex -0.333342 1.716374 0.841339
    endloop
  endfacet
  facet normal -0.098573 0.584923 0.805077
    outer loop
      vertex 0.000000 1.910166 0.762784
      vertex -0.229610 1.728346 0.866771
      vertex 0.000000 1.743370 0.883968
    endloop
  endfacet
  facet normal -0.098573 0.584923 0.805077
    outer loop
      vertex 0.000000 1.910166 0.762784
      vertex -0.229610 1.898453 0.743180
      vertex -0.229610 1.728346 0.866771
    endloop
  endfacet
  facet normal 0.098573 0.431771 0.896581
    outer loop
      vertex 0.000000 2.095919 0.673330
      vertex 0.229610 1.898453 0.743180
      vertex 0.229610 2.087895 0.651950
    endloop
  endfacet
  facet normal 0.098573 0.431771 0.896581
    outer loop
      vertex 0.000000 2.095919 0.673330
      vertex 0.000000 1.910166 0.762784
      vertex 0.229610 1.898453 0.743180
    endloop
  endfacet
  facet normal 0.257223 0.419284 0.870653
    outer loop
      vertex 0.229610 2.087895 0.651950
      vertex 0.333342 1.884234 0.719381
      vertex 0.333342 2.078154 0.625995
    endloop
  endfacet
  facet normal 0.257223 0.419284 0.870653
    outer loop
      vertex 0.229610 2.087895 0.651950
      vertex 0.229610 1.898453 0.743180
      vertex 0.333342 1.884234 0.719381
    endloop
  endfacet
  facet normal 0.378313 0.401637 0.834007
    outer loop
      vertex 0.333342 2.078154 0.625995
      vertex 0.424264 1.865098 0.687354
      vertex 0.424264 2.065044 0.591065
    endloop
  endfacet
  facet normal 0.378313 0.401637 0.834007
    outer loop
      vertex 0.333342 2.078154 0.625995
      vertex 0.333342 1.884234 0.719381
      vertex 0.424264 1.865098 0.687354
    endloop
  endfacet
  facet normal 0.518763 0.370935 0.770254
    outer loop
      vertex 0.424264 2.065044 0.591065
      vertex 0.498882 1.841782 0.648328
      vertex 0.498882 2.049071 0.548503
    endloop
  endfacet
  facet normal 0.518763 0.370935 0.770254
    outer loop
      vertex 0.424264 2.065044 0.591065
      vertex 0.424264 1.865098 0.687354
      vertex 0.498882 1.841782 0.648328
    endloop
  endfacet
  facet normal 0.681667 0.317457 0.659205
    outer loop
      vertex 0.498882 2.049071 0.548503
      vertex 0.554328 1.815179 0.603803
      vertex 0.554328 2.030846 0.499944
    endloop
  endfacet
  facet normal 0.681667 0.317457 0.659205
    outer loop
      vertex 0.498882 2.049071 0.548503
      vertex 0.498882 1.841782 0.648328
      vertex 0.554328 1.815179 0.603803
    endloop
  endfacet
  facet normal 0.854028 0.225718 0.468709
    outer loop
      vertex 0.554328 2.030846 0.499944
      vertex 0.588471 1.786315 0.555492
      vertex 0.588471 2.011071 0.447255
    endloop
  endfacet
  facet normal 0.854028 0.225718 0.468709
    outer loop
      vertex 0.554328 2.030846 0.499944
      vertex 0.554328 1.815179 0.603803
      vertex 0.588471 1.786315 0.555492
    endloop
  endfacet
  facet normal 0.980997 0.084182 0.174807
    outer loop
      vertex 0.588471 2.011071 0.447255
      vertex 0.600000 1.756296 0.505249
      vertex 0.600000 1.990507 0.392459
    endloop
  endfacet
  facet normal 0.980997 0.084182 0.174807
    outer loop
      vertex 0.588471 2.011071 0.447255
      vertex 0.588471 1.786315 0.555492
      vertex 0.600000 1.756296 0.505249
    endloop
  endfacet
  facet normal 0.980997 -0.084182 -0.174807
    outer loop
      vertex 0.600000 1.990507 0.392459
      vertex 0.588471 1.726278 0.455007
      vertex 0.588471 1.969942 0.337664
    endloop
  endfacet
  facet normal 0.980997 -0.084182 -0.174807
    outer loop
      vertex 0.600000 1.990507 0.392459
      vertex 0.600000 1.756296 0.505249
      vertex 0.588471 1.726278 0.455007
    endloop
  endfacet
  facet normal 0.854028 -0.225718 -0.468709
    outer loop
      vertex 0.588471 1.969942 0.337664
      vertex 0.554328 1.697413 0.406695
      vertex 0.554328 1.950167 0.284975
    endloop
  endfacet
  facet normal 0.854028 -0.225718 -0.468709
    outer loop
      vertex 0.588471 1.969942 0.337664
      vertex 0.588471 1.726278 0.455007
      vertex 0.554328 1.697413 0.406695
    endloop
  endfacet
  facet normal 0.681667 -0.317457 -0.659205
    outer loop
      vertex 0.554328 1.950167 0.284975
      vertex 0.498882 1.670811 0.362171
      vertex 0.498882 1.931942 0.236416
    endloop
  endfacet
  facet normal 0.681667 -0.317457 -0.659205
    outer loop
      vertex 0.554328 1.950167 0.284975
      vertex 0.554328 1.697413 0.406695
      vertex 0.498882 1.670811 0.362171
    endloop
  endfacet
  facet normal 0.518763 -0.370935 -0.770254
    outer loop
      vertex 0.424264 1.915969 0.193854
      vertex 0.471822 1.662355 0.348018
      vertex 0.424264 1.682054 0.306501
    endloop
  endfacet
  facet normal 0.518763 -0.370935 -0.770254
    outer loop
      vertex 0.498882 1.931942 0.236416
      vertex 0.498882 1.670811 0.362171
      vertex 0.471822 1.662355 0.348018
    endloop
  endfacet
  facet normal 0.518763 -0.370935 -0.770254
    outer loop
      vertex 0.424264 1.915969 0.193854
      vertex 0.498882 1.931942 0.236416
      vertex 0.471822 1.662355 0.348018
    endloop
  endfacet
  facet normal 0.378313 -0.401637 -0.834007
    outer loop
      vertex 0.333342 1.902859 0.158924
      vertex 0.341408 1.716374 0.252389
      vertex 0.333342 1.716374 0.248731
    endloop
  endfacet
  facet normal 0.378313 -0.401637 -0.834007
    outer loop
      vertex 0.424264 1.682054 0.306501
      vertex 0.392968 1.695017 0.286062
      vertex 0.341408 1.716374 0.252389
    endloop
  endfacet
  facet normal 0.378313 -0.401637 -0.834007
    outer loop
      vertex 0.424264 1.915969 0.193854
      vertex 0.424264 1.682054 0.306501
      vertex 0.341408 1.716374 0.252389
    endloop
  endfacet
  facet normal 0.378313 -0.401637 -0.834007
    outer loop
      vertex 0.333342 1.902859 0.158924
      vertex 0.424264 1.915969 0.193854
      vertex 0.341408 1.716374 0.252389
    endloop
  endfacet
  facet normal 0.257223 -0.419284 -0.870653
    outer loop
      vertex 0.333342 1.716374 0.248731
      vertex 0.229610 1.893118 0.132969
      vertex 0.333342 1.902859 0.158924
    endloop
  endfacet
  facet normal 0.257223 -0.419284 -0.870653
    outer loop
      vertex 0.333342 1.716374 0.248731
      vertex 0.229610 1.716374 0.218084
      vertex 0.229610 1.893118 0.132969
    endloop
  endfacet
  facet normal 0.098573 -0.431771 -0.896581
    outer loop
      vertex 0.229610 1.716374 0.218084
      vertex 0.000000 1.885094 0.111589
      vertex 0.229610 1.893118 0.132969
    endloop
  endfacet
  facet normal 0.098573 -0.431771 -0.896581
    outer loop
      vertex 0.229610 1.716374 0.218084
      vertex 0.000000 1.716374 0.192840
      vertex 0.000000 1.885094 0.111589
    endloop
  endfacet
  facet normal -0.098573 -0.431771 -0.896581
    outer loop
      vertex 0.000000 1.716374 0.192840
      vertex -0.229610 1.716374 0.218084
      vertex 0.000000 1.885094 0.111589
    endloop
  endfacet
  facet normal -0.098573 -0.431771 -0.896581
    outer loop
      vertex -0.229610 1.716374 0.218084
      vertex -0.229610 1.893118 0.132969
      vertex 0.000000 1.885094 0.111589
    endloop
  endfacet
  facet normal -0.257223 -0.419284 -0.870653
    outer loop
      vertex -0.229610 1.716374 0.218084
      vertex -0.295088 1.716374 0.237429
      vertex -0.229610 1.893118 0.132969
    endloop
  endfacet
  facet normal -0.257223 -0.419284 -0.870653
    outer loop
      vertex -0.333342 1.716374 0.248731
      vertex -0.333342 1.902859 0.158924
      vertex -0.229610 1.893118 0.132969
    endloop
  endfacet
  facet normal -0.257223 -0.419284 -0.870653
    outer loop
      vertex -0.295088 1.716374 0.237429
      vertex -0.333342 1.716374 0.248731
      vertex -0.229610 1.893118 0.132969
    endloop
  endfacet
  facet normal -0.378313 -0.401637 -0.834007
    outer loop
      vertex -0.333342 1.716374 0.248731
      vertex -0.341408 1.716374 0.252389
      vertex -0.333342 1.902859 0.158924
    endloop
  endfacet
  facet normal -0.378313 -0.401637 -0.834007
    outer loop
      vertex -0.424264 1.682054 0.306501
      vertex -0.424264 1.915969 0.193854
      vertex -0.333342 1.902859 0.158924
    endloop
  endfacet
  facet normal -0.378313 -0.401637 -0.834007
    outer loop
      vertex -0.341408 1.716374 0.252389
      vertex -0.424264 1.682054 0.306501
      vertex -0.333342 1.902859 0.158924
    endloop
  endfacet
  facet normal -0.518763 -0.370935 -0.770254
    outer loop
      vertex -0.498882 1.670811 0.362171
      vertex -0.424264 1.682054 0.306501
      vertex -0.471822 1.662355 0.348018
    endloop
  endfacet
  facet normal -0.518763 -0.370935 -0.770254
    outer loop
      vertex -0.498882 1.931942 0.236416
      vertex -0.424264 1.915969 0.193854
      vertex -0.424264 1.682054 0.306501
    endloop
  endfacet
  facet normal -0.518763 -0.370935 -0.770254
    outer loop
      vertex -0.498882 1.670811 0.362171
      vertex -0.498882 1.931942 0.236416
      vertex -0.424264 1.682054 0.306501
    endloop
  endfacet
  facet normal -0.681667 -0.317457 -0.659205
    outer loop
      vertex -0.554328 1.950167 0.284975
      vertex -0.498882 1.670811 0.362171
      vertex -0.554328 1.697413 0.406695
    endloop
  endfacet
  facet normal -0.681667 -0.317457 -0.659205
    outer loop
      vertex -0.554328 1.950167 0.284975
      vertex -0.498882 1.931942 0.236416
      vertex -0.498882 1.670811 0.362171
    endloop
  endfacet
  facet normal -0.854028 -0.225718 -0.468709
    outer loop
      vertex -0.588471 1.969942 0.337664
      vertex -0.554328 1.697413 0.406695
      vertex -0.588471 1.726278 0.455007
    endloop
  endfacet
  facet normal -0.854028 -0.225718 -0.468709
    outer loop
      vertex -0.588471 1.969942 0.337664
      vertex -0.554328 1.950167 0.284975
      vertex -0.554328 1.697413 0.406695
    endloop
  endfacet
  facet normal -0.980997 -0.084182 -0.174807
    outer loop
      vertex -0.600000 1.990507 0.392459
      vertex -0.588471 1.726278 0.455007
      vertex -0.600000 1.756296 0.505249
    endloop
  endfacet
  facet normal -0.980997 -0.084182 -0.174807
    outer loop
      vertex -0.600000 1.990507 0.392459
      vertex -0.588471 1.969942 0.337664
      vertex -0.588471 1.726278 0.455007
    endloop
  endfacet
  facet normal -0.980997 0.084182 0.174807
    outer loop
      vertex -0.588471 2.011071 0.447255
      vertex -0.600000 1.756296 0.505249
      vertex -0.588471 1.786315 0.555492
    endloop
  endfacet
  facet normal -0.980997 0.084182 0.174807
    outer loop
      vertex -0.588471 2.011071 0.447255
      vertex -0.600000 1.990507 0.392459
      vertex -0.600000 1.756296 0.505249
    endloop
  endfacet
  facet normal -0.854028 0.225718 0.468709
    outer loop
      vertex -0.554328 2.030846 0.499944
      vertex -0.588471 1.786315 0.555492
      vertex -0.554328 1.815179 0.603803
    endloop
  endfacet
  facet normal -0.854028 0.225718 0.468709
    outer loop
      vertex -0.554328 2.030846 0.499944
      vertex -0.588471 2.011071 0.447255
      vertex -0.588471 1.786315 0.555492
    endloop
  endfacet
  facet normal -0.681667 0.317457 0.659205
    outer loop
      vertex -0.498882 2.049071 0.548503
      vertex -0.554328 1.815179 0.603803
      vertex -0.498882 1.841782 0.648328
    endloop
  endfacet
  facet normal -0.681667 0.317457 0.659205
    outer loop
      vertex -0.498882 2.049071 0.548503
      vertex -0.554328 2.030846 0.499944
      vertex -0.554328 1.815179 0.603803
    endloop
  endfacet
  facet normal -0.518763 0.370935 0.770254
    outer loop
      vertex -0.424264 2.065044 0.591065
      vertex -0.498882 1.841782 0.648328
      vertex -0.424264 1.865098 0.687354
    endloop
  endfacet
  facet normal -0.518763 0.370935 0.770254
    outer loop
      vertex -0.424264 2.065044 0.591065
      vertex -0.498882 2.049071 0.548503
      vertex -0.498882 1.841782 0.648328
    endloop
  endfacet
  facet normal -0.378313 0.401637 0.834007
    outer loop
      vertex -0.333342 2.078154 0.625995
      vertex -0.424264 1.865098 0.687354
      vertex -0.333342 1.884234 0.719381
    endloop
  endfacet
  facet normal -0.378313 0.401637 0.834007
    outer loop
      vertex -0.333342 2.078154 0.625995
      vertex -0.424264 2.065044 0.591065
      vertex -0.424264 1.865098 0.687354
    endloop
  endfacet
  facet normal -0.257223 0.419284 0.870653
    outer loop
      vertex -0.229610 2.087895 0.651950
      vertex -0.333342 1.884234 0.719381
      vertex -0.229610 1.898453 0.743180
    endloop
  endfacet
  facet normal -0.257223 0.419284 0.870653
    outer loop
      vertex -0.229610 2.087895 0.651950
      vertex -0.333342 2.078154 0.625995
      vertex -0.333342 1.884234 0.719381
    endloop
  endfacet
  facet normal -0.098573 0.431771 0.896581
    outer loop
      vertex 0.000000 2.095919 0.673330
      vertex -0.229610 1.898453 0.743180
      vertex 0.000000 1.910166 0.762784
    endloop
  endfacet
  facet normal -0.098573 0.431771 0.896581
    outer loop
      vertex 0.000000 2.095919 0.673330
      vertex -0.229610 2.087895 0.651950
      vertex -0.229610 1.898453 0.743180
    endloop
  endfacet
  facet normal 0.098573 0.264741 0.959268
    outer loop
      vertex 0.000000 2.294660 0.618481
      vertex 0.229610 2.087895 0.651950
      vertex 0.229610 2.290582 0.596012
    endloop
  endfacet
  facet normal 0.098573 0.264741 0.959268
    outer loop
      vertex 0.000000 2.294660 0.618481
      vertex 0.000000 2.095919 0.673330
      vertex 0.229610 2.087895 0.651950
    endloop
  endfacet
  facet normal 0.257223 0.257085 0.931527
    outer loop
      vertex 0.229610 2.290582 0.596012
      vertex 0.333342 2.078154 0.625995
      vertex 0.333342 2.285632 0.568734
    endloop
  endfacet
  facet normal 0.257223 0.257085 0.931527
    outer loop
      vertex 0.229610 2.290582 0.596012
      vertex 0.229610 2.087895 0.651950
      vertex 0.333342 2.078154 0.625995
    endloop
  endfacet
  facet normal 0.378313 0.246264 0.892319
    outer loop
      vertex 0.333342 2.285632 0.568734
      vertex 0.424264 2.065044 0.591065
      vertex 0.424264 2.278970 0.532025
    endloop
  endfacet
  facet normal 0.378313 0.246264 0.892319
    outer loop
      vertex 0.333342 2.285632 0.568734
      vertex 0.333342 2.078154 0.625995
      vertex 0.424264 2.065044 0.591065
    endloop
  endfacet
  facet normal 0.518763 0.227440 0.824109
    outer loop
      vertex 0.424264 2.278970 0.532025
      vertex 0.498882 2.049071 0.548503
      vertex 0.498882 2.270853 0.487295
    endloop
  endfacet
  facet normal 0.518763 0.227440 0.824109
    outer loop
      vertex 0.424264 2.278970 0.532025
      vertex 0.424264 2.065044 0.591065
      vertex 0.498882 2.049071 0.548503
    endloop
  endfacet
  facet normal 0.681667 0.194649 0.705296
    outer loop
      vertex 0.498882 2.270853 0.487295
      vertex 0.554328 2.030846 0.499944
      vertex 0.554328 2.261592 0.436262
    endloop
  endfacet
  facet normal 0.681667 0.194649 0.705296
    outer loop
      vertex 0.498882 2.270853 0.487295
      vertex 0.498882 2.049071 0.548503
      vertex 0.554328 2.030846 0.499944
    endloop
  endfacet
  facet normal 0.854028 0.138400 0.501480
    outer loop
      vertex 0.554328 2.261592 0.436262
      vertex 0.588471 2.011071 0.447255
      vertex 0.588471 2.251543 0.380889
    endloop
  endfacet
  facet normal 0.854028 0.138400 0.501480
    outer loop
      vertex 0.554328 2.261592 0.436262
      vertex 0.554328 2.030846 0.499944
      vertex 0.588471 2.011071 0.447255
    endloop
  endfacet
  facet normal 0.980997 0.051617 0.187029
    outer loop
      vertex 0.588471 2.251543 0.380889
      vertex 0.600000 1.990507 0.392459
      vertex 0.600000 2.241093 0.323302
    endloop
  endfacet
  facet normal 0.980997 0.051617 0.187029
    outer loop
      vertex 0.588471 2.251543 0.380889
      vertex 0.588471 2.011071 0.447255
      vertex 0.600000 1.990507 0.392459
    endloop
  endfacet
  facet normal 0.980997 -0.051617 -0.187029
    outer loop
      vertex 0.600000 2.241093 0.323302
      vertex 0.588471 1.969942 0.337664
      vertex 0.588471 2.230642 0.265716
    endloop
  endfacet
  facet normal 0.980997 -0.051617 -0.187029
    outer loop
      vertex 0.600000 2.241093 0.323302
      vertex 0.600000 1.990507 0.392459
      vertex 0.588471 1.969942 0.337664
    endloop
  endfacet
  facet normal 0.854028 -0.138400 -0.501480
    outer loop
      vertex 0.588471 2.230642 0.265716
      vertex 0.554328 1.950167 0.284975
      vertex 0.554328 2.220593 0.210342
    endloop
  endfacet
  facet normal 0.854028 -0.138400 -0.501480
    outer loop
      vertex 0.588471 2.230642 0.265716
      vertex 0.588471 1.969942 0.337664
      vertex 0.554328 1.950167 0.284975
    endloop
  endfacet
  facet normal 0.681667 -0.194649 -0.705296
    outer loop
      vertex 0.554328 2.220593 0.210342
      vertex 0.498882 1.931942 0.236416
      vertex 0.498882 2.211332 0.159309
    endloop
  endfacet
  facet normal 0.681667 -0.194649 -0.705296
    outer loop
      vertex 0.554328 2.220593 0.210342
      vertex 0.554328 1.950167 0.284975
      vertex 0.498882 1.931942 0.236416
    endloop
  endfacet
  facet normal 0.518763 -0.227440 -0.824109
    outer loop
      vertex 0.498882 2.211332 0.159309
      vertex 0.424264 1.915969 0.193854
      vertex 0.424264 2.203215 0.114579
    endloop
  endfacet
  facet normal 0.518763 -0.227440 -0.824109
    outer loop
      vertex 0.498882 2.211332 0.159309
      vertex 0.498882 1.931942 0.236416
      vertex 0.424264 1.915969 0.193854
    endloop
  endfacet
  facet normal 0.378313 -0.246264 -0.892319
    outer loop
      vertex 0.424264 2.203215 0.114579
      vertex 0.333342 1.902859 0.158924
      vertex 0.333342 2.196553 0.077870
    endloop
  endfacet
  facet normal 0.378313 -0.246264 -0.892319
    outer loop
      vertex 0.424264 2.203215 0.114579
      vertex 0.424264 1.915969 0.193854
      vertex 0.333342 1.902859 0.158924
    endloop
  endfacet
  facet normal 0.257223 -0.257085 -0.931527
    outer loop
      vertex 0.333342 1.902859 0.158924
      vertex 0.229610 2.191603 0.050592
      vertex 0.333342 2.196553 0.077870
    endloop
  endfacet
  facet normal 0.257223 -0.257085 -0.931527
    outer loop
      vertex 0.333342 1.902859 0.158924
      vertex 0.229610 1.893118 0.132969
      vertex 0.229610 2.191603 0.050592
    endloop
  endfacet
  facet normal 0.098573 -0.264741 -0.959268
    outer loop
      vertex 0.229610 1.893118 0.132969
      vertex 0.000000 2.187525 0.028123
      vertex 0.229610 2.191603 0.050592
    endloop
  endfacet
  facet normal 0.098573 -0.264741 -0.959268
    outer loop
      vertex 0.229610 1.893118 0.132969
      vertex 0.000000 1.885094 0.111589
      vertex 0.000000 2.187525 0.028123
    endloop
  endfacet
  facet normal -0.098573 -0.264741 -0.959268
    outer loop
      vertex 0.000000 1.885094 0.111589
      vertex -0.229610 1.893118 0.132969
      vertex 0.000000 2.187525 0.028123
    endloop
  endfacet
  facet normal -0.098573 -0.264741 -0.959268
    outer loop
      vertex -0.229610 1.893118 0.132969
      vertex -0.229610 2.191603 0.050592
      vertex 0.000000 2.187525 0.028123
    endloop
  endfacet
  facet normal -0.257223 -0.257085 -0.931527
    outer loop
      vertex -0.229610 1.893118 0.132969
      vertex -0.333342 1.902859 0.158924
      vertex -0.229610 2.191603 0.050592
    endloop
  endfacet
  facet normal -0.257223 -0.257085 -0.931527
    outer loop
      vertex -0.333342 1.902859 0.158924
      vertex -0.333342 2.196553 0.077870
      vertex -0.229610 2.191603 0.050592
    endloop
  endfacet
  facet normal -0.378313 -0.246264 -0.892319
    outer loop
      vertex -0.424264 2.203215 0.114579
      vertex -0.333342 1.902859 0.158924
      vertex -0.424264 1.915969 0.193854
    endloop
  endfacet
  facet normal -0.378313 -0.246264 -0.892319
    outer loop
      vertex -0.424264 2.203215 0.114579
      vertex -0.333342 2.196553 0.077870
      vertex -0.333342 1.902859 0.158924
    endloop
  endfacet
  facet normal -0.518763 -0.227440 -0.824109
    outer loop
      vertex -0.498882 2.211332 0.159309
      vertex -0.424264 1.915969 0.193854
      vertex -0.498882 1.931942 0.236416
    endloop
  endfacet
  facet normal -0.518763 -0.227440 -0.824109
    outer loop
      vertex -0.498882 2.211332 0.159309
      vertex -0.424264 2.203215 0.114579
      vertex -0.424264 1.915969 0.193854
    endloop
  endfacet
  facet normal -0.681667 -0.194649 -0.705296
    outer loop
      vertex -0.554328 2.220593 0.210342
      vertex -0.498882 1.931942 0.236416
      vertex -0.554328 1.950167 0.284975
    endloop
  endfacet
  facet normal -0.681667 -0.194649 -0.705296
    outer loop
      vertex -0.554328 2.220593 0.210342
      vertex -0.498882 2.211332 0.159309
      vertex -0.498882 1.931942 0.236416
    endloop
  endfacet
  facet normal -0.854028 -0.138400 -0.501480
    outer loop
      vertex -0.588471 2.230642 0.265716
      vertex -0.554328 1.950167 0.284975
      vertex -0.588471 1.969942 0.337664
    endloop
  endfacet
  facet normal -0.854028 -0.138400 -0.501480
    outer loop
      vertex -0.588471 2.230642 0.265716
      vertex -0.554328 2.220593 0.210342
      vertex -0.554328 1.950167 0.284975
    endloop
  endfacet
  facet normal -0.980997 -0.051617 -0.187029
    outer loop
      vertex -0.600000 2.241093 0.323302
      vertex -0.588471 1.969942 0.337664
      vertex -0.600000 1.990507 0.392459
    endloop
  endfacet
  facet normal -0.980997 -0.051617 -0.187029
    outer loop
      vertex -0.600000 2.241093 0.323302
      vertex -0.588471 2.230642 0.265716
      vertex -0.588471 1.969942 0.337664
    endloop
  endfacet
  facet normal -0.980997 0.051617 0.187029
    outer loop
      vertex -0.588471 2.251543 0.380889
      vertex -0.600000 1.990507 0.392459
      vertex -0.588471 2.011071 0.447255
    endloop
  endfacet
  facet normal -0.980997 0.051617 0.187029
    outer loop
      vertex -0.588471 2.251543 0.380889
      vertex -0.600000 2.241093 0.323302
      vertex -0.600000 1.990507 0.392459
    endloop
  endfacet
  facet normal -0.854028 0.138400 0.501480
    outer loop
      vertex -0.554328 2.261592 0.436262
      vertex -0.588471 2.011071 0.447255
      vertex -0.554328 2.030846 0.499944
    endloop
  endfacet
  facet normal -0.854028 0.138400 0.501480
    outer loop
      vertex -0.554328 2.261592 0.436262
      vertex -0.588471 2.251543 0.380889
      vertex -0.588471 2.011071 0.447255
    endloop
  endfacet
  facet normal -0.681667 0.194649 0.705296
    outer loop
      vertex -0.498882 2.270853 0.487295
      vertex -0.554328 2.030846 0.499944
      vertex -0.498882 2.049071 0.548503
    endloop
  endfacet
  facet normal -0.681667 0.194649 0.705296
    outer loop
      vertex -0.498882 2.270853 0.487295
      vertex -0.554328 2.261592 0.436262
      vertex -0.554328 2.030846 0.499944
    endloop
  endfacet
  facet normal -0.518763 0.227440 0.824109
    outer loop
      vertex -0.424264 2.278970 0.532025
      vertex -0.498882 2.049071 0.548503
      vertex -0.424264 2.065044 0.591065
    endloop
  endfacet
  facet normal -0.518763 0.227440 0.824109
    outer loop
      vertex -0.424264 2.278970 0.532025
      vertex -0.498882 2.270853 0.487295
      vertex -0.498882 2.049071 0.548503
    endloop
  endfacet
  facet normal -0.378313 0.246264 0.892319
    outer loop
      vertex -0.333342 2.285632 0.568734
      vertex -0.424264 2.065044 0.591065
      vertex -0.333342 2.078154 0.625995
    endloop
  endfacet
  facet normal -0.378313 0.246264 0.892319
    outer loop
      vertex -0.333342 2.285632 0.568734
      vertex -0.424264 2.278970 0.532025
      vertex -0.424264 2.065044 0.591065
    endloop
  endfacet
  facet normal -0.257223 0.257085 0.931527
    outer loop
      vertex -0.229610 2.290582 0.596012
      vertex -0.333342 2.078154 0.625995
      vertex -0.229610 2.087895 0.651950
    endloop
  endfacet
  facet normal -0.257223 0.257085 0.931527
    outer loop
      vertex -0.229610 2.290582 0.596012
      vertex -0.333342 2.285632 0.568734
      vertex -0.333342 2.078154 0.625995
    endloop
  endfacet
  facet normal -0.098573 0.264741 0.959268
    outer loop
      vertex 0.000000 2.294660 0.618481
      vertex -0.229610 2.087895 0.651950
      vertex 0.000000 2.095919 0.673330
    endloop
  endfacet
  facet normal -0.098573 0.264741 0.959268
    outer loop
      vertex 0.000000 2.294660 0.618481
      vertex -0.229610 2.290582 0.596012
      vertex -0.229610 2.087895 0.651950
    endloop
  endfacet
  facet normal 0.098573 0.089203 0.991124
    outer loop
      vertex 0.229610 2.500000 0.577164
      vertex 0.000000 2.294660 0.618481
      vertex 0.229610 2.290582 0.596012
    endloop
  endfacet
  facet normal 0.098573 0.089203 0.991124
    outer loop
      vertex 0.229610 2.500000 0.577164
      vertex 0.000000 2.500000 0.600000
      vertex 0.000000 2.294660 0.618481
    endloop
  endfacet
  facet normal 0.257223 0.086623 0.962462
    outer loop
      vertex 0.333342 2.500000 0.549441
      vertex 0.229610 2.290582 0.596012
      vertex 0.333342 2.285632 0.568734
    endloop
  endfacet
  facet normal 0.257223 0.086623 0.962462
    outer loop
      vertex 0.333342 2.500000 0.549441
      vertex 0.229610 2.500000 0.577164
      vertex 0.229610 2.290582 0.596012
    endloop
  endfacet
  facet normal 0.378313 0.082977 0.921951
    outer loop
      vertex 0.424264 2.500000 0.512132
      vertex 0.333342 2.285632 0.568734
      vertex 0.424264 2.278970 0.532025
    endloop
  endfacet
  facet normal 0.378313 0.082977 0.921951
    outer loop
      vertex 0.424264 2.500000 0.512132
      vertex 0.333342 2.500000 0.549441
      vertex 0.333342 2.285632 0.568734
    endloop
  endfacet
  facet normal 0.518763 0.076634 0.851476
    outer loop
      vertex 0.498882 2.500000 0.466671
      vertex 0.424264 2.278970 0.532025
      vertex 0.498882 2.270853 0.487295
    endloop
  endfacet
  facet normal 0.518763 0.076634 0.851476
    outer loop
      vertex 0.498882 2.500000 0.466671
      vertex 0.424264 2.500000 0.512132
      vertex 0.424264 2.278970 0.532025
    endloop
  endfacet
  facet normal 0.681667 0.065586 0.728717
    outer loop
      vertex 0.554328 2.500000 0.414805
      vertex 0.498882 2.270853 0.487295
      vertex 0.554328 2.261592 0.436262
    endloop
  endfacet
  facet normal 0.681667 0.065586 0.728717
    outer loop
      vertex 0.554328 2.500000 0.414805
      vertex 0.498882 2.500000 0.466671
      vertex 0.498882 2.270853 0.487295
    endloop
  endfacet
  facet normal 0.854028 0.046633 0.518133
    outer loop
      vertex 0.588471 2.500000 0.358527
      vertex 0.554328 2.261592 0.436262
      vertex 0.588471 2.251543 0.380889
    endloop
  endfacet
  facet normal 0.854028 0.046633 0.518133
    outer loop
      vertex 0.588471 2.500000 0.358527
      vertex 0.554328 2.500000 0.414805
      vertex 0.554328 2.261592 0.436262
    endloop
  endfacet
  facet normal 0.980997 0.017392 0.193240
    outer loop
      vertex 0.600000 2.500000 0.300000
      vertex 0.588471 2.251543 0.380889
      vertex 0.600000 2.241093 0.323302
    endloop
  endfacet
  facet normal 0.980997 0.017392 0.193240
    outer loop
      vertex 0.600000 2.500000 0.300000
      vertex 0.588471 2.500000 0.358527
      vertex 0.588471 2.251543 0.380889
    endloop
  endfacet
  facet normal 0.980997 -0.017392 -0.193240
    outer loop
      vertex 0.600000 2.500000 0.300000
      vertex 0.588471 2.230642 0.265716
      vertex 0.588471 2.500000 0.241473
    endloop
  endfacet
  facet normal 0.980997 -0.017392 -0.193240
    outer loop
      vertex 0.600000 2.500000 0.300000
      vertex 0.600000 2.241093 0.323302
      vertex 0.588471 2.230642 0.265716
    endloop
  endfacet
  facet normal 0.854028 -0.046633 -0.518133
    outer loop
      vertex 0.588471 2.500000 0.241473
      vertex 0.554328 2.220593 0.210342
      vertex 0.554328 2.500000 0.185195
    endloop
  endfacet
  facet normal 0.854028 -0.046633 -0.518133
    outer loop
      vertex 0.588471 2.500000 0.241473
      vertex 0.588471 2.230642 0.265716
      vertex 0.554328 2.220593 0.210342
    endloop
  endfacet
  facet normal 0.681667 -0.065586 -0.728717
    outer loop
      vertex 0.554328 2.500000 0.185195
      vertex 0.498882 2.211332 0.159309
      vertex 0.498882 2.500000 0.133329
    endloop
  endfacet
  facet normal 0.681667 -0.065586 -0.728717
    outer loop
      vertex 0.554328 2.500000 0.185195
      vertex 0.554328 2.220593 0.210342
      vertex 0.498882 2.211332 0.159309
    endloop
  endfacet
  facet normal 0.518763 -0.076634 -0.851476
    outer loop
      vertex 0.498882 2.500000 0.133329
      vertex 0.424264 2.203215 0.114579
      vertex 0.424264 2.500000 0.087868
    endloop
  endfacet
  facet normal 0.518763 -0.076634 -0.851476
    outer loop
      vertex 0.498882 2.500000 0.133329
      vertex 0.498882 2.211332 0.159309
      vertex 0.424264 2.203215 0.114579
    endloop
  endfacet
  facet normal 0.378313 -0.082977 -0.921951
    outer loop
      vertex 0.424264 2.500000 0.087868
      vertex 0.333342 2.196553 0.077870
      vertex 0.333342 2.500000 0.050559
    endloop
  endfacet
  facet normal 0.378313 -0.082977 -0.921951
    outer loop
      vertex 0.424264 2.500000 0.087868
      vertex 0.424264 2.203215 0.114579
      vertex 0.333342 2.196553 0.077870
    endloop
  endfacet
  facet normal 0.257223 -0.086623 -0.962462
    outer loop
      vertex 0.333342 2.500000 0.050559
      vertex 0.229610 2.191603 0.050592
      vertex 0.229610 2.500000 0.022836
    endloop
  endfacet
  facet normal 0.257223 -0.086623 -0.962462
    outer loop
      vertex 0.333342 2.500000 0.050559
      vertex 0.333342 2.196553 0.077870
      vertex 0.229610 2.191603 0.050592
    endloop
  endfacet
  facet normal 0.098573 -0.089203 -0.991124
    outer loop
      vertex 0.229610 2.500000 0.022836
      vertex 0.000000 2.187525 0.028123
      vertex 0.000000 2.500000 0.000000
    endloop
  endfacet
  facet normal 0.098573 -0.089203 -0.991124
    outer loop
      vertex 0.229610 2.500000 0.022836
      vertex 0.229610 2.191603 0.050592
      vertex 0.000000 2.187525 0.028123
    endloop
  endfacet
  facet normal -0.098573 -0.089203 -0.991124
    outer loop
      vertex -0.229610 2.500000 0.022836
      vertex 0.000000 2.187525 0.028123
      vertex -0.229610 2.191603 0.050592
    endloop
  endfacet
  facet normal -0.098573 -0.089203 -0.991124
    outer loop
      vertex -0.229610 2.500000 0.022836
      vertex 0.000000 2.500000 0.000000
      vertex 0.000000 2.187525 0.028123
    endloop
  endfacet
  facet normal -0.257223 -0.086623 -0.962462
    outer loop
      vertex -0.333342 2.500000 0.050559
      vertex -0.229610 2.191603 0.050592
      vertex -0.333342 2.196553 0.077870
    endloop
  endfacet
  facet normal -0.257223 -0.086623 -0.962462
    outer loop
      vertex -0.333342 2.500000 0.050559
      vertex -0.229610 2.500000 0.022836
      vertex -0.229610 2.191603 0.050592
    endloop
  endfacet
  facet normal -0.378313 -0.082977 -0.921951
    outer loop
      vertex -0.424264 2.500000 0.087868
      vertex -0.333342 2.196553 0.077870
      vertex -0.424264 2.203215 0.114579
    endloop
  endfacet
  facet normal -0.378313 -0.082977 -0.921951
    outer loop
      vertex -0.424264 2.500000 0.087868
      vertex -0.333342 2.500000 0.050559
      vertex -0.333342 2.196553 0.077870
    endloop
  endfacet
  facet normal -0.518763 -0.076634 -0.851476
    outer loop
      vertex -0.498882 2.500000 0.133329
      vertex -0.424264 2.203215 0.114579
      vertex -0.498882 2.211332 0.159309
    endloop
  endfacet
  facet normal -0.518763 -0.076634 -0.851476
    outer loop
      vertex -0.498882 2.500000 0.133329
      vertex -0.424264 2.500000 0.087868
      vertex -0.424264 2.203215 0.114579
    endloop
  endfacet
  facet normal -0.681667 -0.065586 -0.728717
    outer loop
      vertex -0.554328 2.500000 0.185195
      vertex -0.498882 2.211332 0.159309
      vertex -0.554328 2.220593 0.210342
    endloop
  endfacet
  facet normal -0.681667 -0.065586 -0.728717
    outer loop
      vertex -0.554328 2.500000 0.185195
      vertex -0.498882 2.500000 0.133329
      vertex -0.498882 2.211332 0.159309
    endloop
  endfacet
  facet normal -0.854028 -0.046633 -0.518133
    outer loop
      vertex -0.588471 2.500000 0.241473
      vertex -0.554328 2.220593 0.210342
      vertex -0.588471 2.230642 0.265716
    endloop
  endfacet
  facet normal -0.854028 -0.046633 -0.518133
    outer loop
      vertex -0.588471 2.500000 0.241473
      vertex -0.554328 2.500000 0.185195
      vertex -0.554328 2.220593 0.210342
    endloop
  endfacet
  facet normal -0.980997 -0.017392 -0.193240
    outer loop
      vertex -0.600000 2.500000 0.300000
      vertex -0.588471 2.230642 0.265716
      vertex -0.600000 2.241093 0.323302
    endloop
  endfacet
  facet normal -0.980997 -0.017392 -0.193240
    outer loop
      vertex -0.600000 2.500000 0.300000
      vertex -0.588471 2.500000 0.241473
      vertex -0.588471 2.230642 0.265716
    endloop
  endfacet
  facet normal -0.980997 0.017392 0.193240
    outer loop
      vertex -0.600000 2.500000 0.300000
      vertex -0.588471 2.251543 0.380889
      vertex -0.588471 2.500000 0.358527
    endloop
  endfacet
  facet normal -0.980997 0.017392 0.193240
    outer loop
      vertex -0.600000 2.500000 0.300000
      vertex -0.600000 2.241093 0.323302
      vertex -0.588471 2.251543 0.380889
    endloop
  endfacet
  facet normal -0.854028 0.046633 0.518133
    outer loop
      vertex -0.588471 2.500000 0.358527
      vertex -0.554328 2.261592 0.436262
      vertex -0.554328 2.500000 0.414805
    endloop
  endfacet
  facet normal -0.854028 0.046633 0.518133
    outer loop
      vertex -0.588471 2.500000 0.358527
      vertex -0.588471 2.251543 0.380889
      vertex -0.554328 2.261592 0.436262
    endloop
  endfacet
  facet normal -0.681667 0.065586 0.728717
    outer loop
      vertex -0.554328 2.500000 0.414805
      vertex -0.498882 2.270853 0.487295
      vertex -0.498882 2.500000 0.466671
    endloop
  endfacet
  facet normal -0.681667 0.065586 0.728717
    outer loop
      vertex -0.554328 2.500000 0.414805
      vertex -0.554328 2.261592 0.436262
      vertex -0.498882 2.270853 0.487295
    endloop
  endfacet
  facet normal -0.518763 0.076634 0.851476
    outer loop
      vertex -0.498882 2.500000 0.466671
      vertex -0.424264 2.278970 0.532025
      vertex -0.424264 2.500000 0.512132
    endloop
  endfacet
  facet normal -0.518763 0.076634 0.851476
    outer loop
      vertex -0.498882 2.500000 0.466671
      vertex -0.498882 2.270853 0.487295
      vertex -0.424264 2.278970 0.532025
    endloop
  endfacet
  facet normal -0.378313 0.082977 0.921951
    outer loop
      vertex -0.424264 2.500000 0.512132
      vertex -0.333342 2.285632 0.568734
      vertex -0.333342 2.500000 0.549441
    endloop
  endfacet
  facet normal -0.378313 0.082977 0.921951
    outer loop
      vertex -0.424264 2.500000 0.512132
      vertex -0.424264 2.278970 0.532025
      vertex -0.333342 2.285632 0.568734
    endloop
  endfacet
  facet normal -0.257223 0.086623 0.962462
    outer loop
      vertex -0.333342 2.500000 0.549441
      vertex -0.229610 2.290582 0.596012
      vertex -0.229610 2.500000 0.577164
    endloop
  endfacet
  facet normal -0.257223 0.086623 0.962462
    outer loop
      vertex -0.333342 2.500000 0.549441
      vertex -0.333342 2.285632 0.568734
      vertex -0.229610 2.290582 0.596012
    endloop
  endfacet
  facet normal -0.098573 0.089203 0.991124
    outer loop
      vertex -0.229610 2.500000 0.577164
      vertex 0.000000 2.294660 0.618481
      vertex 0.000000 2.500000 0.600000
    endloop
  endfacet
  facet normal -0.098573 0.089203 0.991124
    outer loop
      vertex -0.229610 2.500000 0.577164
      vertex -0.229610 2.290582 0.596012
      vertex 0.000000 2.294660 0.618481
    endloop
  endfacet
  facet normal 0.169763 -0.853455 0.492742
    outer loop
      vertex 0.000000 -1.750000 0.000000
      vertex 0.169048 -1.716374 0.000000
      vertex 0.000000 -1.716374 0.058242
    endloop
  endfacet
  facet normal 0.169763 -0.853455 0.492742
    outer loop
      vertex 0.656828 -1.585723 0.058242
      vertex 0.500648 -1.650415 0.000000
      vertex 0.669696 -1.616789 0.000000
    endloop
  endfacet
  facet normal 0.483443 -0.723524 0.492742
    outer loop
      vertex 1.213660 -1.213660 0.058242
      vertex 1.094125 -1.333195 0.000000
      vertex 1.237437 -1.237437 0.000000
    endloop
  endfacet
  facet normal 0.483443 -0.723524 0.492742
    outer loop
      vertex 0.813008 -1.521031 0.000000
      vertex 0.656828 -1.585723 0.058242
      vertex 0.669696 -1.616789 0.000000
    endloop
  endfacet
  facet normal 0.723524 -0.483443 0.492742
    outer loop
      vertex 1.585723 -0.656828 0.058242
      vertex 1.521031 -0.813008 0.000000
      vertex 1.616789 -0.669696 0.000000
    endloop
  endfacet
  facet normal 0.723524 -0.483443 0.492742
    outer loop
      vertex 1.333195 -1.094125 0.000000
      vertex 1.213660 -1.213660 0.058242
      vertex 1.237437 -1.237437 0.000000
    endloop
  endfacet
  facet normal 0.853455 -0.169763 0.492742
    outer loop
      vertex 1.716374 -0.000000 0.058242
      vertex 1.716374 -0.169048 0.000000
      vertex 1.750000 -0.000000 0.000000
    endloop
  endfacet
  facet normal 0.853455 -0.169763 0.492742
    outer loop
      vertex 1.650415 -0.500648 0.000000
      vertex 1.585723 -0.656828 0.058242
      vertex 1.616789 -0.669696 0.000000
    endloop
  endfacet
  facet normal 0.853455 0.169763 0.492742
    outer loop
      vertex 1.585723 0.656828 0.058242
      vertex 1.650415 0.500648 0.000000
      vertex 1.616789 0.669696 0.000000
    endloop
  endfacet
  facet normal 0.853455 0.169763 0.492742
    outer loop
      vertex 1.716374 0.169048 0.000000
      vertex 1.716374 -0.000000 0.058242
      vertex 1.750000 -0.000000 0.000000
    endloop
  endfacet
  facet normal 0.723524 0.483443 0.492742
    outer loop
      vertex 1.213660 1.213660 0.058242
      vertex 1.333195 1.094125 0.000000
      vertex 1.237437 1.237437 0.000000
    endloop
  endfacet
  facet normal 0.723524 0.483443 0.492742
    outer loop
      vertex 1.521031 0.813008 0.000000
      vertex 1.585723 0.656828 0.058242
      vertex 1.616789 0.669696 0.000000
    endloop
  endfacet
  facet normal 0.483443 0.723524 0.492742
    outer loop
      vertex 1.237437 1.237437 0.000000
      vertex 1.094125 1.333195 0.000000
      vertex 1.213660 1.213660 0.058242
    endloop
  endfacet
  facet normal 0.483443 0.723524 0.492742
    outer loop
      vertex 0.813008 1.521031 0.000000
      vertex 0.669696 1.616789 0.000000
      vertex 0.656828 1.585723 0.058242
    endloop
  endfacet
  facet normal 0.169763 0.853455 0.492742
    outer loop
      vertex 0.169048 1.716374 0.000000
      vertex 0.000000 1.750000 0.000000
      vertex 0.000000 1.716374 0.058242
    endloop
  endfacet
  facet normal 0.169763 0.853455 0.492742
    outer loop
      vertex 0.656828 1.585723 0.058242
      vertex 0.669696 1.616789 0.000000
      vertex 0.500648 1.650415 0.000000
    endloop
  endfacet
  facet normal -0.169763 0.853455 0.492742
    outer loop
      vertex -0.500648 1.650415 0.000000
      vertex -0.669696 1.616789 0.000000
      vertex -0.656828 1.585723 0.058242
    endloop
  endfacet
  facet normal -0.169763 0.853455 0.492742
    outer loop
      vertex 0.000000 1.716374 0.058242
      vertex 0.000000 1.750000 0.000000
      vertex -0.169048 1.716374 0.000000
    endloop
  endfacet
  facet normal -0.483443 0.723524 0.492742
    outer loop
      vertex -1.094125 1.333195 0.000000
      vertex -1.237437 1.237437 0.000000
      vertex -1.213660 1.213660 0.058242
    endloop
  endfacet
  facet normal -0.483443 0.723524 0.492742
    outer loop
      vertex -0.656828 1.585723 0.058242
      vertex -0.669696 1.616789 0.000000
      vertex -0.813008 1.521031 0.000000
    endloop
  endfacet
  facet normal -0.723524 0.483443 0.492742
    outer loop
      vertex -1.521031 0.813008 0.000000
      vertex -1.616789 0.669696 0.000000
      vertex -1.585723 0.656828 0.058242
    endloop
  endfacet
  facet normal -0.723524 0.483443 0.492742
    outer loop
      vertex -1.213660 1.213660 0.058242
      vertex -1.237437 1.237437 0.000000
      vertex -1.333195 1.094125 0.000000
    endloop
  endfacet
  facet normal -0.853455 0.169763 0.492742
    outer loop
      vertex -1.716374 0.169048 0.000000
      vertex -1.750000 0.000000 0.000000
      vertex -1.716374 0.000000 0.058242
    endloop
  endfacet
  facet normal -0.853455 0.169763 0.492742
    outer loop
      vertex -1.585723 0.656828 0.058242
      vertex -1.616789 0.669696 0.000000
      vertex -1.650415 0.500648 0.000000
    endloop
  endfacet
  facet normal -0.853455 -0.169763 0.492742
    outer loop
      vertex -1.650415 -0.500648 0.000000
      vertex -1.616789 -0.669696 0.000000
      vertex -1.585723 -0.656828 0.058242
    endloop
  endfacet
  facet normal -0.853455 -0.169763 0.492742
    outer loop
      vertex -1.716374 0.000000 0.058242
      vertex -1.750000 0.000000 0.000000
      vertex -1.716374 -0.169048 0.000000
    endloop
  endfacet
  facet normal -0.723524 -0.483443 0.492742
    outer loop
      vertex -1.333195 -1.094125 0.000000
      vertex -1.237437 -1.237437 0.000000
      vertex -1.213660 -1.213660 0.058242
    endloop
  endfacet
  facet normal -0.723524 -0.483443 0.492742
    outer loop
      vertex -1.585723 -0.656828 0.058242
      vertex -1.616789 -0.669696 0.000000
      vertex -1.521031 -0.813008 0.000000
    endloop
  endfacet
  facet normal -0.483443 -0.723524 0.492742
    outer loop
      vertex -0.656828 -1.585723 0.058242
      vertex -0.813008 -1.521031 0.000000
      vertex -0.669696 -1.616789 0.000000
    endloop
  endfacet
  facet normal -0.483443 -0.723524 0.492742
    outer loop
      vertex -1.213660 -1.213660 0.058242
      vertex -1.237437 -1.237437 0.000000
      vertex -1.094125 -1.333195 0.000000
    endloop
  endfacet
  facet normal -0.169763 -0.853455 0.492742
    outer loop
      vertex 0.000000 -1.716374 0.058242
      vertex -0.169048 -1.716374 0.000000
      vertex 0.000000 -1.750000 0.000000
    endloop
  endfacet
  facet normal -0.169763 -0.853455 0.492742
    outer loop
      vertex -0.500648 -1.650415 0.000000
      vertex -0.656828 -1.585723 0.058242
      vertex -0.669696 -1.616789 0.000000
    endloop
  endfacet
  facet normal -0.169763 0.853455 -0.492742
    outer loop
      vertex 0.597943 -1.443562 -0.108253
      vertex 0.000000 -1.500000 0.000000
      vertex 0.574025 -1.385819 0.000000
    endloop
  endfacet
  facet normal -0.169763 0.853455 -0.492742
    outer loop
      vertex 0.597943 -1.443562 -0.108253
      vertex 0.000000 -1.562500 -0.108253
      vertex 0.000000 -1.500000 0.000000
    endloop
  endfacet
  facet normal -0.483443 0.723524 -0.492742
    outer loop
      vertex 1.104854 -1.104854 -0.108253
      vertex 0.574025 -1.385819 0.000000
      vertex 1.060660 -1.060660 0.000000
    endloop
  endfacet
  facet normal -0.483443 0.723524 -0.492742
    outer loop
      vertex 1.104854 -1.104854 -0.108253
      vertex 0.597943 -1.443562 -0.108253
      vertex 0.574025 -1.385819 0.000000
    endloop
  endfacet
  facet normal -0.723524 0.483443 -0.492742
    outer loop
      vertex 1.443562 -0.597943 -0.108253
      vertex 1.060660 -1.060660 0.000000
      vertex 1.385819 -0.574025 0.000000
    endloop
  endfacet
  facet normal -0.723524 0.483443 -0.492742
    outer loop
      vertex 1.443562 -0.597943 -0.108253
      vertex 1.104854 -1.104854 -0.108253
      vertex 1.060660 -1.060660 0.000000
    endloop
  endfacet
  facet normal -0.853455 0.169763 -0.492742
    outer loop
      vertex 1.562500 -0.000000 -0.108253
      vertex 1.385819 -0.574025 0.000000
      vertex 1.500000 -0.000000 0.000000
    endloop
  endfacet
  facet normal -0.853455 0.169763 -0.492742
    outer loop
      vertex 1.562500 -0.000000 -0.108253
      vertex 1.443562 -0.597943 -0.108253
      vertex 1.385819 -0.574025 0.000000
    endloop
  endfacet
  facet normal -0.853455 -0.169763 -0.492742
    outer loop
      vertex 1.500000 -0.000000 0.000000
      vertex 1.385819 0.574025 0.000000
      vertex 1.562500 -0.000000 -0.108253
    endloop
  endfacet
  facet normal -0.853455 -0.169763 -0.492742
    outer loop
      vertex 1.385819 0.574025 0.000000
      vertex 1.443562 0.597943 -0.108253
      vertex 1.562500 -0.000000 -0.108253
    endloop
  endfacet
  facet normal -0.723524 -0.483443 -0.492742
    outer loop
      vertex 1.385819 0.574025 0.000000
      vertex 1.060660 1.060660 0.000000
      vertex 1.443562 0.597943 -0.108253
    endloop
  endfacet
  facet normal -0.723524 -0.483443 -0.492742
    outer loop
      vertex 1.060660 1.060660 0.000000
      vertex 1.104854 1.104854 -0.108253
      vertex 1.443562 0.597943 -0.108253
    endloop
  endfacet
  facet normal -0.483443 -0.723524 -0.492742
    outer loop
      vertex 1.060660 1.060660 0.000000
      vertex 0.574025 1.385819 0.000000
      vertex 1.104854 1.104854 -0.108253
    endloop
  endfacet
  facet normal -0.483443 -0.723524 -0.492742
    outer loop
      vertex 0.574025 1.385819 0.000000
      vertex 0.597943 1.443562 -0.108253
      vertex 1.104854 1.104854 -0.108253
    endloop
  endfacet
  facet normal -0.169763 -0.853455 -0.492742
    outer loop
      vertex 0.574025 1.385819 0.000000
      vertex 0.000000 1.500000 0.000000
      vertex 0.597943 1.443562 -0.108253
    endloop
  endfacet
  facet normal -0.169763 -0.853455 -0.492742
    outer loop
      vertex 0.000000 1.500000 0.000000
      vertex 0.000000 1.562500 -0.108253
      vertex 0.597943 1.443562 -0.108253
    endloop
  endfacet
  facet normal 0.169763 -0.853455 -0.492742
    outer loop
      vertex 0.000000 1.500000 0.000000
      vertex -0.597943 1.443562 -0.108253
      vertex 0.000000 1.562500 -0.108253
    endloop
  endfacet
  facet normal 0.169763 -0.853455 -0.492742
    outer loop
      vertex 0.000000 1.500000 0.000000
      vertex -0.574025 1.385819 0.000000
      vertex -0.597943 1.443562 -0.108253
    endloop
  endfacet
  facet normal 0.483443 -0.723524 -0.492742
    outer loop
      vertex -0.574025 1.385819 0.000000
      vertex -1.104854 1.104854 -0.108253
      vertex -0.597943 1.443562 -0.108253
    endloop
  endfacet
  facet normal 0.483443 -0.723524 -0.492742
    outer loop
      vertex -0.574025 1.385819 0.000000
      vertex -1.060660 1.060660 0.000000
      vertex -1.104854 1.104854 -0.108253
    endloop
  endfacet
  facet normal 0.723524 -0.483443 -0.492742
    outer loop
      vertex -1.060660 1.060660 0.000000
      vertex -1.443562 0.597943 -0.108253
      vertex -1.104854 1.104854 -0.108253
    endloop
  endfacet
  facet normal 0.723524 -0.483443 -0.492742
    outer loop
      vertex -1.060660 1.060660 0.000000
      vertex -1.385819 0.574025 0.000000
      vertex -1.443562 0.597943 -0.108253
    endloop
  endfacet
  facet normal 0.853455 -0.169763 -0.492742
    outer loop
      vertex -1.385819 0.574025 0.000000
      vertex -1.562500 0.000000 -0.108253
      vertex -1.443562 0.597943 -0.108253
    endloop
  endfacet
  facet normal 0.853455 -0.169763 -0.492742
    outer loop
      vertex -1.385819 0.574025 0.000000
      vertex -1.500000 0.000000 0.000000
      vertex -1.562500 0.000000 -0.108253
    endloop
  endfacet
  facet normal 0.853455 0.169763 -0.492742
    outer loop
      vertex -1.562500 0.000000 -0.108253
      vertex -1.385819 -0.574025 0.000000
      vertex -1.443562 -0.597943 -0.108253
    endloop
  endfacet
  facet normal 0.853455 0.169763 -0.492742
    outer loop
      vertex -1.562500 0.000000 -0.108253
      vertex -1.500000 0.000000 0.000000
      vertex -1.385819 -0.574025 0.000000
    endloop
  endfacet
  facet normal 0.723524 0.483443 -0.492742
    outer loop
      vertex -1.443562 -0.597943 -0.108253
      vertex -1.060660 -1.060660 0.000000
      vertex -1.104854 -1.104854 -0.108253
    endloop
  endfacet
  facet normal 0.723524 0.483443 -0.492742
    outer loop
      vertex -1.443562 -0.597943 -0.108253
      vertex -1.385819 -0.574025 0.000000
      vertex -1.060660 -1.060660 0.000000
    endloop
  endfacet
  facet normal 0.483443 0.723524 -0.492742
    outer loop
      vertex -1.104854 -1.104854 -0.108253
      vertex -0.574025 -1.385819 0.000000
      vertex -0.597943 -1.443562 -0.108253
    endloop
  endfacet
  facet normal 0.483443 0.723524 -0.492742
    outer loop
      vertex -1.104854 -1.104854 -0.108253
      vertex -1.060660 -1.060660 0.000000
      vertex -0.574025 -1.385819 0.000000
    endloop
  endfacet
  facet normal 0.169763 0.853455 -0.492742
    outer loop
      vertex -0.597943 -1.443562 -0.108253
      vertex 0.000000 -1.500000 0.000000
      vertex 0.000000 -1.562500 -0.108253
    endloop
  endfacet
  facet normal 0.169763 0.853455 -0.492742
    outer loop
      vertex -0.597943 -1.443562 -0.108253
      vertex -0.574025 -1.385819 0.000000
      vertex 0.000000 -1.500000 0.000000
    endloop
  endfacet
  facet normal -0.000000 0.000000 -1.000000
    outer loop
      vertex -0.645778 -1.559047 -0.108253
      vertex -1.104854 -1.104854 -0.108253
      vertex -0.597943 -1.443562 -0.108253
    endloop
  endfacet
  facet normal -0.000000 0.000000 -1.000000
    outer loop
      vertex 0.000000 -1.687500 -0.108253
      vertex -0.645778 -1.559047 -0.108253
      vertex -0.597943 -1.443562 -0.108253
    endloop
  endfacet
  facet normal -0.000000 0.000000 -1.000000
    outer loop
      vertex 0.000000 -1.687500 -0.108253
      vertex -0.597943 -1.443562 -0.108253
      vertex 0.000000 -1.562500 -0.108253
    endloop
  endfacet
  facet normal -0.000000 0.000000 -1.000000
    outer loop
      vertex 0.645778 -1.559047 -0.108253
      vertex 0.000000 -1.687500 -0.108253
      vertex 0.000000 -1.562500 -0.108253
    endloop
  endfacet
  facet normal -0.000000 0.000000 -1.000000
    outer loop
      vertex 0.645778 -1.559047 -0.108253
      vertex 0.000000 -1.562500 -0.108253
      vertex 0.597943 -1.443562 -0.108253
    endloop
  endfacet
  facet normal -0.000000 0.000000 -1.000000
    outer loop
      vertex 1.193243 -1.193243 -0.108253
      vertex 0.645778 -1.559047 -0.108253
      vertex 0.597943 -1.443562 -0.108253
    endloop
  endfacet
  facet normal -0.000000 0.000000 -1.000000
    outer loop
      vertex 1.193243 -1.193243 -0.108253
      vertex 0.597943 -1.443562 -0.108253
      vertex 1.104854 -1.104854 -0.108253
    endloop
  endfacet
  facet normal -0.000000 0.000000 -1.000000
    outer loop
      vertex 1.559047 -0.645778 -0.108253
      vertex 1.193243 -1.193243 -0.108253
      vertex 1.104854 -1.104854 -0.108253
    endloop
  endfacet
  facet normal -0.000000 0.000000 -1.000000
    outer loop
      vertex 1.559047 -0.645778 -0.108253
      vertex 1.104854 -1.104854 -0.108253
      vertex 1.443562 -0.597943 -0.108253
    endloop
  endfacet
  facet normal -0.000000 0.000000 -1.000000
    outer loop
      vertex 1.687500 -0.000000 -0.108253
      vertex 1.559047 -0.645778 -0.108253
      vertex 1.443562 -0.597943 -0.108253
    endloop
  endfacet
  facet normal -0.000000 0.000000 -1.000000
    outer loop
      vertex 1.687500 -0.000000 -0.108253
      vertex 1.443562 -0.597943 -0.108253
      vertex 1.562500 -0.000000 -0.108253
    endloop
  endfacet
  facet normal -0.000000 0.000000 -1.000000
    outer loop
      vertex 1.559047 0.645778 -0.108253
      vertex 1.687500 -0.000000 -0.108253
      vertex 1.562500 -0.000000 -0.108253
    endloop
  endfacet
  facet normal -0.000000 0.000000 -1.000000
    outer loop
      vertex 1.559047 0.645778 -0.108253
      vertex 1.562500 -0.000000 -0.108253
      vertex 1.443562 0.597943 -0.108253
    endloop
  endfacet
  facet normal -0.000000 0.000000 -1.000000
    outer loop
      vertex 1.193243 1.193243 -0.108253
      vertex 1.559047 0.645778 -0.108253
      vertex 1.443562 0.597943 -0.108253
    endloop
  endfacet
  facet normal -0.000000 0.000000 -1.000000
    outer loop
      vertex 1.193243 1.193243 -0.108253
      vertex 1.443562 0.597943 -0.108253
      vertex 1.104854 1.104854 -0.108253
    endloop
  endfacet
  facet normal -0.000000 0.000000 -1.000000
    outer loop
      vertex 0.645778 1.559047 -0.108253
      vertex 1.193243 1.193243 -0.108253
      vertex 1.104854 1.104854 -0.108253
    endloop
  endfacet
  facet normal -0.000000 0.000000 -1.000000
    outer loop
      vertex 0.645778 1.559047 -0.108253
      vertex 1.104854 1.104854 -0.108253
      vertex 0.597943 1.443562 -0.108253
    endloop
  endfacet
  facet normal -0.000000 0.000000 -1.000000
    outer loop
      vertex 0.000000 1.687500 -0.108253
      vertex 0.645778 1.559047 -0.108253
      vertex 0.597943 1.443562 -0.108253
    endloop
  endfacet
  facet normal -0.000000 0.000000 -1.000000
    outer loop
      vertex 0.000000 1.687500 -0.108253
      vertex 0.597943 1.443562 -0.108253
      vertex 0.000000 1.562500 -0.108253
    endloop
  endfacet
  facet normal -0.000000 0.000000 -1.000000
    outer loop
      vertex -0.645778 1.559047 -0.108253
      vertex 0.000000 1.687500 -0.108253
      vertex 0.000000 1.562500 -0.108253
    endloop
  endfacet
  facet normal -0.000000 0.000000 -1.000000
    outer loop
      vertex -0.645778 1.559047 -0.108253
      vertex 0.000000 1.562500 -0.108253
      vertex -0.597943 1.443562 -0.108253
    endloop
  endfacet
  facet normal -0.000000 0.000000 -1.000000
    outer loop
      vertex -1.193243 1.193243 -0.108253
      vertex -0.645778 1.559047 -0.108253
      vertex -0.597943 1.443562 -0.108253
    endloop
  endfacet
  facet normal -0.000000 0.000000 -1.000000
    outer loop
      vertex -1.193243 1.193243 -0.108253
      vertex -0.597943 1.443562 -0.108253
      vertex -1.104854 1.104854 -0.108253
    endloop
  endfacet
  facet normal -0.000000 0.000000 -1.000000
    outer loop
      vertex -1.559047 0.645778 -0.108253
      vertex -1.193243 1.193243 -0.108253
      vertex -1.104854 1.104854 -0.108253
    endloop
  endfacet
  facet normal -0.000000 0.000000 -1.000000
    outer loop
      vertex -1.559047 0.645778 -0.108253
      vertex -1.104854 1.104854 -0.108253
      vertex -1.443562 0.597943 -0.108253
    endloop
  endfacet
  facet normal -0.000000 0.000000 -1.000000
    outer loop
      vertex -1.687500 0.000000 -0.108253
      vertex -1.559047 0.645778 -0.108253
      vertex -1.443562 0.597943 -0.108253
    endloop
  endfacet
  facet normal -0.000000 0.000000 -1.000000
    outer loop
      vertex -1.687500 0.000000 -0.108253
      vertex -1.443562 0.597943 -0.108253
      vertex -1.562500 0.000000 -0.108253
    endloop
  endfacet
  facet normal -0.000000 0.000000 -1.000000
    outer loop
      vertex -1.559047 -0.645778 -0.108253
      vertex -1.687500 0.000000 -0.108253
      vertex -1.562500 0.000000 -0.108253
    endloop
  endfacet
  facet normal -0.000000 0.000000 -1.000000
    outer loop
      vertex -1.559047 -0.645778 -0.108253
      vertex -1.562500 0.000000 -0.108253
      vertex -1.443562 -0.597943 -0.108253
    endloop
  endfacet
  facet normal -0.000000 0.000000 -1.000000
    outer loop
      vertex -1.193243 -1.193243 -0.108253
      vertex -1.559047 -0.645778 -0.108253
      vertex -1.443562 -0.597943 -0.108253
    endloop
  endfacet
  facet normal -0.000000 0.000000 -1.000000
    outer loop
      vertex -1.193243 -1.193243 -0.108253
      vertex -1.443562 -0.597943 -0.108253
      vertex -1.104854 -1.104854 -0.108253
    endloop
  endfacet
  facet normal -0.000000 0.000000 -1.000000
    outer loop
      vertex -0.645778 -1.559047 -0.108253
      vertex -1.193243 -1.193243 -0.108253
      vertex -1.104854 -1.104854 -0.108253
    endloop
  endfacet
  facet normal 0.169763 -0.853455 -0.492742
    outer loop
      vertex 0.000000 -1.687500 -0.108253
      vertex 0.169048 -1.716374 0.000000
      vertex 0.000000 -1.750000 0.000000
    endloop
  endfacet
  facet normal 0.169763 -0.853455 -0.492742
    outer loop
      vertex 0.669696 -1.616789 0.000000
      vertex 0.500648 -1.650415 0.000000
      vertex 0.169048 -1.716374 0.000000
    endloop
  endfacet
  facet normal 0.169763 -0.853455 -0.492742
    outer loop
      vertex 0.645778 -1.559047 -0.108253
      vertex 0.669696 -1.616789 0.000000
      vertex 0.169048 -1.716374 0.000000
    endloop
  endfacet
  facet normal 0.169763 -0.853455 -0.492742
    outer loop
      vertex 0.000000 -1.687500 -0.108253
      vertex 0.645778 -1.559047 -0.108253
      vertex 0.169048 -1.716374 0.000000
    endloop
  endfacet
  facet normal 0.483443 -0.723524 -0.492742
    outer loop
      vertex 0.645778 -1.559047 -0.108253
      vertex 0.813008 -1.521031 0.000000
      vertex 0.669696 -1.616789 0.000000
    endloop
  endfacet
  facet normal 0.483443 -0.723524 -0.492742
    outer loop
      vertex 1.237437 -1.237437 0.000000
      vertex 1.094125 -1.333195 0.000000
      vertex 0.813008 -1.521031 0.000000
    endloop
  endfacet
  facet normal 0.483443 -0.723524 -0.492742
    outer loop
      vertex 1.193243 -1.193243 -0.108253
      vertex 1.237437 -1.237437 0.000000
      vertex 0.813008 -1.521031 0.000000
    endloop
  endfacet
  facet normal 0.483443 -0.723524 -0.492742
    outer loop
      vertex 0.645778 -1.559047 -0.108253
      vertex 1.193243 -1.193243 -0.108253
      vertex 0.813008 -1.521031 0.000000
    endloop
  endfacet
  facet normal 0.723524 -0.483443 -0.492742
    outer loop
      vertex 1.193243 -1.193243 -0.108253
      vertex 1.333195 -1.094125 0.000000
      vertex 1.237437 -1.237437 0.000000
    endloop
  endfacet
  facet normal 0.723524 -0.483443 -0.492742
    outer loop
      vertex 1.616789 -0.669696 0.000000
      vertex 1.521031 -0.813008 0.000000
      vertex 1.333195 -1.094125 0.000000
    endloop
  endfacet
  facet normal 0.723524 -0.483443 -0.492742
    outer loop
      vertex 1.559047 -0.645778 -0.108253
      vertex 1.616789 -0.669696 0.000000
      vertex 1.333195 -1.094125 0.000000
    endloop
  endfacet
  facet normal 0.723524 -0.483443 -0.492742
    outer loop
      vertex 1.193243 -1.193243 -0.108253
      vertex 1.559047 -0.645778 -0.108253
      vertex 1.333195 -1.094125 0.000000
    endloop
  endfacet
  facet normal 0.853455 -0.169763 -0.492742
    outer loop
      vertex 1.559047 -0.645778 -0.108253
      vertex 1.650415 -0.500648 0.000000
      vertex 1.616789 -0.669696 0.000000
    endloop
  endfacet
  facet normal 0.853455 -0.169763 -0.492742
    outer loop
      vertex 1.750000 -0.000000 0.000000
      vertex 1.716374 -0.169048 0.000000
      vertex 1.650415 -0.500648 0.000000
    endloop
  endfacet
  facet normal 0.853455 -0.169763 -0.492742
    outer loop
      vertex 1.687500 -0.000000 -0.108253
      vertex 1.750000 -0.000000 0.000000
      vertex 1.650415 -0.500648 0.000000
    endloop
  endfacet
  facet normal 0.853455 -0.169763 -0.492742
    outer loop
      vertex 1.559047 -0.645778 -0.108253
      vertex 1.687500 -0.000000 -0.108253
      vertex 1.650415 -0.500648 0.000000
    endloop
  endfacet
  facet normal 0.853455 0.169763 -0.492742
    outer loop
      vertex 1.687500 -0.000000 -0.108253
      vertex 1.716374 0.169048 0.000000
      vertex 1.750000 -0.000000 0.000000
    endloop
  endfacet
  facet normal 0.853455 0.169763 -0.492742
    outer loop
      vertex 1.559047 0.645778 -0.108253
      vertex 1.616789 0.669696 0.000000
      vertex 1.650415 0.500648 0.000000
    endloop
  endfacet
  facet normal 0.853455 0.169763 -0.492742
    outer loop
      vertex 1.687500 -0.000000 -0.108253
      vertex 1.559047 0.645778 -0.108253
      vertex 1.650415 0.500648 0.000000
    endloop
  endfacet
  facet normal 0.853455 0.169763 -0.492742
    outer loop
      vertex 1.687500 -0.000000 -0.108253
      vertex 1.650415 0.500648 0.000000
      vertex 1.716374 0.169048 0.000000
    endloop
  endfacet
  facet normal 0.723524 0.483443 -0.492742
    outer loop
      vertex 1.559047 0.645778 -0.108253
      vertex 1.521031 0.813008 0.000000
      vertex 1.616789 0.669696 0.000000
    endloop
  endfacet
  facet normal 0.723524 0.483443 -0.492742
    outer loop
      vertex 1.193243 1.193243 -0.108253
      vertex 1.237437 1.237437 0.000000
      vertex 1.333195 1.094125 0.000000
    endloop
  endfacet
  facet normal 0.723524 0.483443 -0.492742
    outer loop
      vertex 1.559047 0.645778 -0.108253
      vertex 1.193243 1.193243 -0.108253
      vertex 1.333195 1.094125 0.000000
    endloop
  endfacet
  facet normal 0.723524 0.483443 -0.492742
    outer loop
      vertex 1.559047 0.645778 -0.108253
      vertex 1.333195 1.094125 0.000000
      vertex 1.521031 0.813008 0.000000
    endloop
  endfacet
  facet normal 0.483443 0.723524 -0.492742
    outer loop
      vertex 1.193243 1.193243 -0.108253
      vertex 1.094125 1.333195 0.000000
      vertex 1.237437 1.237437 0.000000
    endloop
  endfacet
  facet normal 0.483443 0.723524 -0.492742
    outer loop
      vertex 0.645778 1.559047 -0.108253
      vertex 0.669696 1.616789 0.000000
      vertex 0.813008 1.521031 0.000000
    endloop
  endfacet
  facet normal 0.483443 0.723524 -0.492742
    outer loop
      vertex 1.193243 1.193243 -0.108253
      vertex 0.645778 1.559047 -0.108253
      vertex 0.813008 1.521031 0.000000
    endloop
  endfacet
  facet normal 0.483443 0.723524 -0.492742
    outer loop
      vertex 1.193243 1.193243 -0.108253
      vertex 0.813008 1.521031 0.000000
      vertex 1.094125 1.333195 0.000000
    endloop
  endfacet
  facet normal 0.169763 0.853455 -0.492742
    outer loop
      vertex 0.645778 1.559047 -0.108253
      vertex 0.500648 1.650415 0.000000
      vertex 0.669696 1.616789 0.000000
    endloop
  endfacet
  facet normal 0.169763 0.853455 -0.492742
    outer loop
      vertex 0.000000 1.687500 -0.108253
      vertex 0.000000 1.750000 0.000000
      vertex 0.169048 1.716374 0.000000
    endloop
  endfacet
  facet normal 0.169763 0.853455 -0.492742
    outer loop
      vertex 0.645778 1.559047 -0.108253
      vertex 0.000000 1.687500 -0.108253
      vertex 0.169048 1.716374 0.000000
    endloop
  endfacet
  facet normal 0.169763 0.853455 -0.492742
    outer loop
      vertex 0.645778 1.559047 -0.108253
      vertex 0.169048 1.716374 0.000000
      vertex 0.500648 1.650415 0.000000
    endloop
  endfacet
  facet normal -0.169763 0.853455 -0.492742
    outer loop
      vertex 0.000000 1.687500 -0.108253
      vertex -0.169048 1.716374 0.000000
      vertex 0.000000 1.750000 0.000000
    endloop
  endfacet
  facet normal -0.169763 0.853455 -0.492742
    outer loop
      vertex 0.000000 1.687500 -0.108253
      vertex -0.645778 1.559047 -0.108253
      vertex -0.669696 1.616789 0.000000
    endloop
  endfacet
  facet normal -0.169763 0.853455 -0.492742
    outer loop
      vertex 0.000000 1.687500 -0.108253
      vertex -0.669696 1.616789 0.000000
      vertex -0.500648 1.650415 0.000000
    endloop
  endfacet
  facet normal -0.169763 0.853455 -0.492742
    outer loop
      vertex 0.000000 1.687500 -0.108253
      vertex -0.500648 1.650415 0.000000
      vertex -0.169048 1.716374 0.000000
    endloop
  endfacet
  facet normal -0.483443 0.723524 -0.492742
    outer loop
      vertex -0.645778 1.559047 -0.108253
      vertex -0.813008 1.521031 0.000000
      vertex -0.669696 1.616789 0.000000
    endloop
  endfacet
  facet normal -0.483443 0.723524 -0.492742
    outer loop
      vertex -0.645778 1.559047 -0.108253
      vertex -1.193243 1.193243 -0.108253
      vertex -1.237437 1.237437 0.000000
    endloop
  endfacet
  facet normal -0.483443 0.723524 -0.492742
    outer loop
      vertex -0.645778 1.559047 -0.108253
      vertex -1.237437 1.237437 0.000000
      vertex -1.094125 1.333195 0.000000
    endloop
  endfacet
  facet normal -0.483443 0.723524 -0.492742
    outer loop
      vertex -0.645778 1.559047 -0.108253
      vertex -1.094125 1.333195 0.000000
      vertex -0.813008 1.521031 0.000000
    endloop
  endfacet
  facet normal -0.723524 0.483443 -0.492742
    outer loop
      vertex -1.193243 1.193243 -0.108253
      vertex -1.333195 1.094125 0.000000
      vertex -1.237437 1.237437 0.000000
    endloop
  endfacet
  facet normal -0.723524 0.483443 -0.492742
    outer loop
      vertex -1.193243 1.193243 -0.108253
      vertex -1.559047 0.645778 -0.108253
      vertex -1.616789 0.669696 0.000000
    endloop
  endfacet
  facet normal -0.723524 0.483443 -0.492742
    outer loop
      vertex -1.193243 1.193243 -0.108253
      vertex -1.616789 0.669696 0.000000
      vertex -1.521031 0.813008 0.000000
    endloop
  endfacet
  facet normal -0.723524 0.483443 -0.492742
    outer loop
      vertex -1.193243 1.193243 -0.108253
      vertex -1.521031 0.813008 0.000000
      vertex -1.333195 1.094125 0.000000
    endloop
  endfacet
  facet normal -0.853455 0.169763 -0.492742
    outer loop
      vertex -1.559047 0.645778 -0.108253
      vertex -1.650415 0.500648 0.000000
      vertex -1.616789 0.669696 0.000000
    endloop
  endfacet
  facet normal -0.853455 0.169763 -0.492742
    outer loop
      vertex -1.559047 0.645778 -0.108253
      vertex -1.687500 0.000000 -0.108253
      vertex -1.750000 0.000000 0.000000
    endloop
  endfacet
  facet normal -0.853455 0.169763 -0.492742
    outer loop
      vertex -1.559047 0.645778 -0.108253
      vertex -1.750000 0.000000 0.000000
      vertex -1.716374 0.169048 0.000000
    endloop
  endfacet
  facet normal -0.853455 0.169763 -0.492742
    outer loop
      vertex -1.559047 0.645778 -0.108253
      vertex -1.716374 0.169048 0.000000
      vertex -1.650415 0.500648 0.000000
    endloop
  endfacet
  facet normal -0.853455 -0.169763 -0.492742
    outer loop
      vertex -1.650415 -0.500648 0.000000
      vertex -1.559047 -0.645778 -0.108253
      vertex -1.616789 -0.669696 0.000000
    endloop
  endfacet
  facet normal -0.853455 -0.169763 -0.492742
    outer loop
      vertex -1.750000 0.000000 0.000000
      vertex -1.687500 0.000000 -0.108253
      vertex -1.559047 -0.645778 -0.108253
    endloop
  endfacet
  facet normal -0.853455 -0.169763 -0.492742
    outer loop
      vertex -1.716374 -0.169048 0.000000
      vertex -1.750000 0.000000 0.000000
      vertex -1.559047 -0.645778 -0.108253
    endloop
  endfacet
  facet normal -0.853455 -0.169763 -0.492742
    outer loop
      vertex -1.650415 -0.500648 0.000000
      vertex -1.716374 -0.169048 0.000000
      vertex -1.559047 -0.645778 -0.108253
    endloop
  endfacet
  facet normal -0.723524 -0.483443 -0.492742
    outer loop
      vertex -1.333195 -1.094125 0.000000
      vertex -1.193243 -1.193243 -0.108253
      vertex -1.237437 -1.237437 0.000000
    endloop
  endfacet
  facet normal -0.723524 -0.483443 -0.492742
    outer loop
      vertex -1.616789 -0.669696 0.000000
      vertex -1.559047 -0.645778 -0.108253
      vertex -1.193243 -1.193243 -0.108253
    endloop
  endfacet
  facet normal -0.723524 -0.483443 -0.492742
    outer loop
      vertex -1.521031 -0.813008 0.000000
      vertex -1.616789 -0.669696 0.000000
      vertex -1.193243 -1.193243 -0.108253
    endloop
  endfacet
  facet normal -0.723524 -0.483443 -0.492742
    outer loop
      vertex -1.333195 -1.094125 0.000000
      vertex -1.521031 -0.813008 0.000000
      vertex -1.193243 -1.193243 -0.108253
    endloop
  endfacet
  facet normal -0.483443 -0.723524 -0.492742
    outer loop
      vertex -0.813008 -1.521031 0.000000
      vertex -0.645778 -1.559047 -0.108253
      vertex -0.669696 -1.616789 0.000000
    endloop
  endfacet
  facet normal -0.483443 -0.723524 -0.492742
    outer loop
      vertex -1.237437 -1.237437 0.000000
      vertex -1.193243 -1.193243 -0.108253
      vertex -0.645778 -1.559047 -0.108253
    endloop
  endfacet
  facet normal -0.483443 -0.723524 -0.492742
    outer loop
      vertex -1.094125 -1.333195 0.000000
      vertex -1.237437 -1.237437 0.000000
      vertex -0.645778 -1.559047 -0.108253
    endloop
  endfacet
  facet normal -0.483443 -0.723524 -0.492742
    outer loop
      vertex -0.813008 -1.521031 0.000000
      vertex -1.094125 -1.333195 0.000000
      vertex -0.645778 -1.559047 -0.108253
    endloop
  endfacet
  facet normal -0.169763 -0.853455 -0.492742
    outer loop
      vertex -0.169048 -1.716374 0.000000
      vertex 0.000000 -1.687500 -0.108253
      vertex 0.000000 -1.750000 0.000000
    endloop
  endfacet
  facet normal -0.169763 -0.853455 -0.492742
    outer loop
      vertex -0.669696 -1.616789 0.000000
      vertex -0.645778 -1.559047 -0.108253
      vertex 0.000000 -1.687500 -0.108253
    endloop
  endfacet
  facet normal -0.169763 -0.853455 -0.492742
    outer loop
      vertex -0.500648 -1.650415 0.000000
      vertex -0.669696 -1.616789 0.000000
      vertex 0.000000 -1.687500 -0.108253
    endloop
  endfacet
  facet normal -0.169763 -0.853455 -0.492742
    outer loop
      vertex -0.169048 -1.716374 0.000000
      vertex -0.500648 -1.650415 0.000000
      vertex 0.000000 -1.687500 -0.108253
    endloop
  endfacet
  facet normal 0.169763 -0.853455 0.492742
    outer loop
      vertex 0.645778 -1.559047 3.608253
      vertex 0.500648 -1.650415 3.500000
      vertex 0.669696 -1.616789 3.500000
    endloop
  endfacet
  facet normal 0.169763 -0.853455 0.492742
    outer loop
      vertex 0.645778 -1.559047 3.608253
      vertex 0.000000 -1.687500 3.608253
      vertex 0.000000 -1.750000 3.500000
    endloop
  endfacet
  facet normal 0.169763 -0.853455 0.492742
    outer loop
      vertex 0.645778 -1.559047 3.608253
      vertex 0.000000 -1.750000 3.500000
      vertex 0.169048 -1.716374 3.500000
    endloop
  endfacet
  facet normal 0.169763 -0.853455 0.492742
    outer loop
      vertex 0.645778 -1.559047 3.608253
      vertex 0.169048 -1.716374 3.500000
      vertex 0.500648 -1.650415 3.500000
    endloop
  endfacet
  facet normal 0.483443 -0.723524 0.492742
    outer loop
      vertex 1.193243 -1.193243 3.608253
      vertex 1.094125 -1.333195 3.500000
      vertex 1.237437 -1.237437 3.500000
    endloop
  endfacet
  facet normal 0.483443 -0.723524 0.492742
    outer loop
      vertex 1.193243 -1.193243 3.608253
      vertex 0.645778 -1.559047 3.608253
      vertex 0.669696 -1.616789 3.500000
    endloop
  endfacet
  facet normal 0.483443 -0.723524 0.492742
    outer loop
      vertex 1.193243 -1.193243 3.608253
      vertex 0.669696 -1.616789 3.500000
      vertex 0.813008 -1.521031 3.500000
    endloop
  endfacet
  facet normal 0.483443 -0.723524 0.492742
    outer loop
      vertex 1.193243 -1.193243 3.608253
      vertex 0.813008 -1.521031 3.500000
      vertex 1.094125 -1.333195 3.500000
    endloop
  endfacet
  facet normal 0.723524 -0.483443 0.492742
    outer loop
      vertex 1.559047 -0.645778 3.608253
      vertex 1.521031 -0.813008 3.500000
      vertex 1.616789 -0.669696 3.500000
    endloop
  endfacet
  facet normal 0.723524 -0.483443 0.492742
    outer loop
      vertex 1.559047 -0.645778 3.608253
      vertex 1.193243 -1.193243 3.608253
      vertex 1.237437 -1.237437 3.500000
    endloop
  endfacet
  facet normal 0.723524 -0.483443 0.492742
    outer loop
      vertex 1.559047 -0.645778 3.608253
      vertex 1.237437 -1.237437 3.500000
      vertex 1.333195 -1.094125 3.500000
    endloop
  endfacet
  facet normal 0.723524 -0.483443 0.492742
    outer loop
      vertex 1.559047 -0.645778 3.608253
      vertex 1.333195 -1.094125 3.500000
      vertex 1.521031 -0.813008 3.500000
    endloop
  endfacet
  facet normal 0.853455 -0.169763 0.492742
    outer loop
      vertex 1.687500 -0.000000 3.608253
      vertex 1.716374 -0.169048 3.500000
      vertex 1.750000 -0.000000 3.500000
    endloop
  endfacet
  facet normal 0.853455 -0.169763 0.492742
    outer loop
      vertex 1.687500 -0.000000 3.608253
      vertex 1.559047 -0.645778 3.608253
      vertex 1.616789 -0.669696 3.500000
    endloop
  endfacet
  facet normal 0.853455 -0.169763 0.492742
    outer loop
      vertex 1.687500 -0.000000 3.608253
      vertex 1.616789 -0.669696 3.500000
      vertex 1.650415 -0.500648 3.500000
    endloop
  endfacet
  facet normal 0.853455 -0.169763 0.492742
    outer loop
      vertex 1.687500 -0.000000 3.608253
      vertex 1.650415 -0.500648 3.500000
      vertex 1.716374 -0.169048 3.500000
    endloop
  endfacet
  facet normal 0.853455 0.169763 0.492742
    outer loop
      vertex 1.750000 -0.000000 3.500000
      vertex 1.716374 0.169048 3.500000
      vertex 1.687500 -0.000000 3.608253
    endloop
  endfacet
  facet normal 0.853455 0.169763 0.492742
    outer loop
      vertex 1.616789 0.669696 3.500000
      vertex 1.559047 0.645778 3.608253
      vertex 1.687500 -0.000000 3.608253
    endloop
  endfacet
  facet normal 0.853455 0.169763 0.492742
    outer loop
      vertex 1.650415 0.500648 3.500000
      vertex 1.616789 0.669696 3.500000
      vertex 1.687500 -0.000000 3.608253
    endloop
  endfacet
  facet normal 0.853455 0.169763 0.492742
    outer loop
      vertex 1.716374 0.169048 3.500000
      vertex 1.650415 0.500648 3.500000
      vertex 1.687500 -0.000000 3.608253
    endloop
  endfacet
  facet normal 0.723524 0.483443 0.492742
    outer loop
      vertex 1.616789 0.669696 3.500000
      vertex 1.521031 0.813008 3.500000
      vertex 1.559047 0.645778 3.608253
    endloop
  endfacet
  facet normal 0.723524 0.483443 0.492742
    outer loop
      vertex 1.237437 1.237437 3.500000
      vertex 1.193243 1.193243 3.608253
      vertex 1.559047 0.645778 3.608253
    endloop
  endfacet
  facet normal 0.723524 0.483443 0.492742
    outer loop
      vertex 1.333195 1.094125 3.500000
      vertex 1.237437 1.237437 3.500000
      vertex 1.559047 0.645778 3.608253
    endloop
  endfacet
  facet normal 0.723524 0.483443 0.492742
    outer loop
      vertex 1.521031 0.813008 3.500000
      vertex 1.333195 1.094125 3.500000
      vertex 1.559047 0.645778 3.608253
    endloop
  endfacet
  facet normal 0.483443 0.723524 0.492742
    outer loop
      vertex 1.237437 1.237437 3.500000
      vertex 1.094125 1.333195 3.500000
      vertex 1.193243 1.193243 3.608253
    endloop
  endfacet
  facet normal 0.483443 0.723524 0.492742
    outer loop
      vertex 0.669696 1.616789 3.500000
      vertex 0.645778 1.559047 3.608253
      vertex 1.193243 1.193243 3.608253
    endloop
  endfacet
  facet normal 0.483443 0.723524 0.492742
    outer loop
      vertex 0.813008 1.521031 3.500000
      vertex 0.669696 1.616789 3.500000
      vertex 1.193243 1.193243 3.608253
    endloop
  endfacet
  facet normal 0.483443 0.723524 0.492742
    outer loop
      vertex 1.094125 1.333195 3.500000
      vertex 0.813008 1.521031 3.500000
      vertex 1.193243 1.193243 3.608253
    endloop
  endfacet
  facet normal 0.169763 0.853455 0.492742
    outer loop
      vertex 0.669696 1.616789 3.500000
      vertex 0.500648 1.650415 3.500000
      vertex 0.645778 1.559047 3.608253
    endloop
  endfacet
  facet normal 0.169763 0.853455 0.492742
    outer loop
      vertex 0.000000 1.750000 3.500000
      vertex 0.000000 1.687500 3.608253
      vertex 0.645778 1.559047 3.608253
    endloop
  endfacet
  facet normal 0.169763 0.853455 0.492742
    outer loop
      vertex 0.169048 1.716374 3.500000
      vertex 0.000000 1.750000 3.500000
      vertex 0.645778 1.559047 3.608253
    endloop
  endfacet
  facet normal 0.169763 0.853455 0.492742
    outer loop
      vertex 0.500648 1.650415 3.500000
      vertex 0.169048 1.716374 3.500000
      vertex 0.645778 1.559047 3.608253
    endloop
  endfacet
  facet normal -0.169763 0.853455 0.492742
    outer loop
      vertex -0.645778 1.559047 3.608253
      vertex -0.500648 1.650415 3.500000
      vertex -0.669696 1.616789 3.500000
    endloop
  endfacet
  facet normal -0.169763 0.853455 0.492742
    outer loop
      vertex 0.000000 1.750000 3.500000
      vertex -0.169048 1.716374 3.500000
      vertex -0.500648 1.650415 3.500000
    endloop
  endfacet
  facet normal -0.169763 0.853455 0.492742
    outer loop
      vertex 0.000000 1.687500 3.608253
      vertex 0.000000 1.750000 3.500000
      vertex -0.500648 1.650415 3.500000
    endloop
  endfacet
  facet normal -0.169763 0.853455 0.492742
    outer loop
      vertex -0.645778 1.559047 3.608253
      vertex 0.000000 1.687500 3.608253
      vertex -0.500648 1.650415 3.500000
    endloop
  endfacet
  facet normal -0.483443 0.723524 0.492742
    outer loop
      vertex -1.193243 1.193243 3.608253
      vertex -1.094125 1.333195 3.500000
      vertex -1.237437 1.237437 3.500000
    endloop
  endfacet
  facet normal -0.483443 0.723524 0.492742
    outer loop
      vertex -0.669696 1.616789 3.500000
      vertex -0.813008 1.521031 3.500000
      vertex -1.094125 1.333195 3.500000
    endloop
  endfacet
  facet normal -0.483443 0.723524 0.492742
    outer loop
      vertex -0.645778 1.559047 3.608253
      vertex -0.669696 1.616789 3.500000
      vertex -1.094125 1.333195 3.500000
    endloop
  endfacet
  facet normal -0.483443 0.723524 0.492742
    outer loop
      vertex -1.193243 1.193243 3.608253
      vertex -0.645778 1.559047 3.608253
      vertex -1.094125 1.333195 3.500000
    endloop
  endfacet
  facet normal -0.723524 0.483443 0.492742
    outer loop
      vertex -1.237437 1.237437 3.500000
      vertex -1.559047 0.645778 3.608253
      vertex -1.193243 1.193243 3.608253
    endloop
  endfacet
  facet normal -0.723524 0.483443 0.492742
    outer loop
      vertex -1.521031 0.813008 3.500000
      vertex -1.616789 0.669696 3.500000
      vertex -1.559047 0.645778 3.608253
    endloop
  endfacet
  facet normal -0.723524 0.483443 0.492742
    outer loop
      vertex -1.333195 1.094125 3.500000
      vertex -1.521031 0.813008 3.500000
      vertex -1.559047 0.645778 3.608253
    endloop
  endfacet
  facet normal -0.723524 0.483443 0.492742
    outer loop
      vertex -1.237437 1.237437 3.500000
      vertex -1.333195 1.094125 3.500000
      vertex -1.559047 0.645778 3.608253
    endloop
  endfacet
  facet normal -0.853455 0.169763 0.492742
    outer loop
      vertex -1.616789 0.669696 3.500000
      vertex -1.687500 0.000000 3.608253
      vertex -1.559047 0.645778 3.608253
    endloop
  endfacet
  facet normal -0.853455 0.169763 0.492742
    outer loop
      vertex -1.650415 0.500648 3.500000
      vertex -1.716374 0.169048 3.500000
      vertex -1.750000 0.000000 3.500000
    endloop
  endfacet
  facet normal -0.853455 0.169763 0.492742
    outer loop
      vertex -1.650415 0.500648 3.500000
      vertex -1.750000 0.000000 3.500000
      vertex -1.687500 0.000000 3.608253
    endloop
  endfacet
  facet normal -0.853455 0.169763 0.492742
    outer loop
      vertex -1.616789 0.669696 3.500000
      vertex -1.650415 0.500648 3.500000
      vertex -1.687500 0.000000 3.608253
    endloop
  endfacet
  facet normal -0.853455 -0.169763 0.492742
    outer loop
      vertex -1.559047 -0.645778 3.608253
      vertex -1.650415 -0.500648 3.500000
      vertex -1.616789 -0.669696 3.500000
    endloop
  endfacet
  facet normal -0.853455 -0.169763 0.492742
    outer loop
      vertex -1.687500 0.000000 3.608253
      vertex -1.750000 0.000000 3.500000
      vertex -1.716374 -0.169048 3.500000
    endloop
  endfacet
  facet normal -0.853455 -0.169763 0.492742
    outer loop
      vertex -1.559047 -0.645778 3.608253
      vertex -1.687500 0.000000 3.608253
      vertex -1.716374 -0.169048 3.500000
    endloop
  endfacet
  facet normal -0.853455 -0.169763 0.492742
    outer loop
      vertex -1.559047 -0.645778 3.608253
      vertex -1.716374 -0.169048 3.500000
      vertex -1.650415 -0.500648 3.500000
    endloop
  endfacet
  facet normal -0.723524 -0.483443 0.492742
    outer loop
      vertex -1.193243 -1.193243 3.608253
      vertex -1.333195 -1.094125 3.500000
      vertex -1.237437 -1.237437 3.500000
    endloop
  endfacet
  facet normal -0.723524 -0.483443 0.492742
    outer loop
      vertex -1.559047 -0.645778 3.608253
      vertex -1.616789 -0.669696 3.500000
      vertex -1.521031 -0.813008 3.500000
    endloop
  endfacet
  facet normal -0.723524 -0.483443 0.492742
    outer loop
      vertex -1.193243 -1.193243 3.608253
      vertex -1.559047 -0.645778 3.608253
      vertex -1.521031 -0.813008 3.500000
    endloop
  endfacet
  facet normal -0.723524 -0.483443 0.492742
    outer loop
      vertex -1.193243 -1.193243 3.608253
      vertex -1.521031 -0.813008 3.500000
      vertex -1.333195 -1.094125 3.500000
    endloop
  endfacet
  facet normal -0.483443 -0.723524 0.492742
    outer loop
      vertex -0.645778 -1.559047 3.608253
      vertex -0.813008 -1.521031 3.500000
      vertex -0.669696 -1.616789 3.500000
    endloop
  endfacet
  facet normal -0.483443 -0.723524 0.492742
    outer loop
      vertex -1.193243 -1.193243 3.608253
      vertex -1.237437 -1.237437 3.500000
      vertex -1.094125 -1.333195 3.500000
    endloop
  endfacet
  facet normal -0.483443 -0.723524 0.492742
    outer loop
      vertex -0.645778 -1.559047 3.608253
      vertex -1.193243 -1.193243 3.608253
      vertex -1.094125 -1.333195 3.500000
    endloop
  endfacet
  facet normal -0.483443 -0.723524 0.492742
    outer loop
      vertex -0.645778 -1.559047 3.608253
      vertex -1.094125 -1.333195 3.500000
      vertex -0.813008 -1.521031 3.500000
    endloop
  endfacet
  facet normal -0.169763 -0.853455 0.492742
    outer loop
      vertex 0.000000 -1.687500 3.608253
      vertex -0.169048 -1.716374 3.500000
      vertex 0.000000 -1.750000 3.500000
    endloop
  endfacet
  facet normal -0.169763 -0.853455 0.492742
    outer loop
      vertex -0.645778 -1.559047 3.608253
      vertex -0.669696 -1.616789 3.500000
      vertex -0.500648 -1.650415 3.500000
    endloop
  endfacet
  facet normal -0.169763 -0.853455 0.492742
    outer loop
      vertex 0.000000 -1.687500 3.608253
      vertex -0.645778 -1.559047 3.608253
      vertex -0.500648 -1.650415 3.500000
    endloop
  endfacet
  facet normal -0.169763 -0.853455 0.492742
    outer loop
      vertex 0.000000 -1.687500 3.608253
      vertex -0.500648 -1.650415 3.500000
      vertex -0.169048 -1.716374 3.500000
    endloop
  endfacet
  facet normal 0.000000 0.000000 1.000000
    outer loop
      vertex -0.645778 -1.559047 3.608253
      vertex 0.000000 -1.562500 3.608253
      vertex -0.597943 -1.443562 3.608253
    endloop
  endfacet
  facet normal 0.000000 0.000000 1.000000
    outer loop
      vertex -1.193243 -1.193243 3.608253
      vertex -0.645778 -1.559047 3.608253
      vertex -0.597943 -1.443562 3.608253
    endloop
  endfacet
  facet normal 0.000000 0.000000 1.000000
    outer loop
      vertex -1.193243 -1.193243 3.608253
      vertex -0.597943 -1.443562 3.608253
      vertex -1.104854 -1.104854 3.608253
    endloop
  endfacet
  facet normal 0.000000 0.000000 1.000000
    outer loop
      vertex -1.559047 -0.645778 3.608253
      vertex -1.193243 -1.193243 3.608253
      vertex -1.104854 -1.104854 3.608253
    endloop
  endfacet
  facet normal 0.000000 0.000000 1.000000
    outer loop
      vertex -1.559047 -0.645778 3.608253
      vertex -1.104854 -1.104854 3.608253
      vertex -1.443562 -0.597943 3.608253
    endloop
  endfacet
  facet normal 0.000000 0.000000 1.000000
    outer loop
      vertex -1.687500 0.000000 3.608253
      vertex -1.559047 -0.645778 3.608253
      vertex -1.443562 -0.597943 3.608253
    endloop
  endfacet
  facet normal 0.000000 0.000000 1.000000
    outer loop
      vertex -1.687500 0.000000 3.608253
      vertex -1.443562 -0.597943 3.608253
      vertex -1.562500 0.000000 3.608253
    endloop
  endfacet
  facet normal 0.000000 0.000000 1.000000
    outer loop
      vertex -1.559047 0.645778 3.608253
      vertex -1.687500 0.000000 3.608253
      vertex -1.562500 0.000000 3.608253
    endloop
  endfacet
  facet normal 0.000000 0.000000 1.000000
    outer loop
      vertex -1.559047 0.645778 3.608253
      vertex -1.562500 0.000000 3.608253
      vertex -1.443562 0.597943 3.608253
    endloop
  endfacet
  facet normal 0.000000 0.000000 1.000000
    outer loop
      vertex -1.193243 1.193243 3.608253
      vertex -1.559047 0.645778 3.608253
      vertex -1.443562 0.597943 3.608253
    endloop
  endfacet
  facet normal 0.000000 0.000000 1.000000
    outer loop
      vertex -1.193243 1.193243 3.608253
      vertex -1.443562 0.597943 3.608253
      vertex -1.104854 1.104854 3.608253
    endloop
  endfacet
  facet normal 0.000000 0.000000 1.000000
    outer loop
      vertex -0.645778 1.559047 3.608253
      vertex -1.193243 1.193243 3.608253
      vertex -1.104854 1.104854 3.608253
    endloop
  endfacet
  facet normal 0.000000 0.000000 1.000000
    outer loop
      vertex -0.645778 1.559047 3.608253
      vertex -1.104854 1.104854 3.608253
      vertex -0.597943 1.443562 3.608253
    endloop
  endfacet
  facet normal 0.000000 0.000000 1.000000
    outer loop
      vertex 0.000000 1.687500 3.608253
      vertex -0.645778 1.559047 3.608253
      vertex -0.597943 1.443562 3.608253
    endloop
  endfacet
  facet normal 0.000000 0.000000 1.000000
    outer loop
      vertex 0.000000 1.687500 3.608253
      vertex -0.597943 1.443562 3.608253
      vertex 0.000000 1.562500 3.608253
    endloop
  endfacet
  facet normal 0.000000 0.000000 1.000000
    outer loop
      vertex 0.645778 1.559047 3.608253
      vertex 0.000000 1.687500 3.608253
      vertex 0.000000 1.562500 3.608253
    endloop
  endfacet
  facet normal 0.000000 0.000000 1.000000
    outer loop
      vertex 0.645778 1.559047 3.608253
      vertex 0.000000 1.562500 3.608253
      vertex 0.597943 1.443562 3.608253
    endloop
  endfacet
  facet normal 0.000000 0.000000 1.000000
    outer loop
      vertex 1.193243 1.193243 3.608253
      vertex 0.645778 1.559047 3.608253
      vertex 0.597943 1.443562 3.608253
    endloop
  endfacet
  facet normal 0.000000 0.000000 1.000000
    outer loop
      vertex 1.193243 1.193243 3.608253
      vertex 0.597943 1.443562 3.608253
      vertex 1.104854 1.104854 3.608253
    endloop
  endfacet
  facet normal 0.000000 0.000000 1.000000
    outer loop
      vertex 1.559047 0.645778 3.608253
      vertex 1.193243 1.193243 3.608253
      vertex 1.104854 1.104854 3.608253
    endloop
  endfacet
  facet normal 0.000000 0.000000 1.000000
    outer loop
      vertex 1.559047 0.645778 3.608253
      vertex 1.104854 1.104854 3.608253
      vertex 1.443562 0.597943 3.608253
    endloop
  endfacet
  facet normal 0.000000 0.000000 1.000000
    outer loop
      vertex 1.687500 -0.000000 3.608253
      vertex 1.559047 0.645778 3.608253
      vertex 1.443562 0.597943 3.608253
    endloop
  endfacet
  facet normal 0.000000 0.000000 1.000000
    outer loop
      vertex 1.687500 -0.000000 3.608253
      vertex 1.443562 0.597943 3.608253
      vertex 1.562500 -0.000000 3.608253
    endloop
  endfacet
  facet normal 0.000000 0.000000 1.000000
    outer loop
      vertex 1.559047 -0.645778 3.608253
      vertex 1.687500 -0.000000 3.608253
      vertex 1.562500 -0.000000 3.608253
    endloop
  endfacet
  facet normal 0.000000 0.000000 1.000000
    outer loop
      vertex 1.559047 -0.645778 3.608253
      vertex 1.562500 -0.000000 3.608253
      vertex 1.443562 -0.597943 3.608253
    endloop
  endfacet
  facet normal 0.000000 0.000000 1.000000
    outer loop
      vertex 1.193243 -1.193243 3.608253
      vertex 1.559047 -0.645778 3.608253
      vertex 1.443562 -0.597943 3.608253
    endloop
  endfacet
  facet normal 0.000000 0.000000 1.000000
    outer loop
      vertex 1.193243 -1.193243 3.608253
      vertex 1.443562 -0.597943 3.608253
      vertex 1.104854 -1.104854 3.608253
    endloop
  endfacet
  facet normal 0.000000 0.000000 1.000000
    outer loop
      vertex 0.645778 -1.559047 3.608253
      vertex 1.193243 -1.193243 3.608253
      vertex 1.104854 -1.104854 3.608253
    endloop
  endfacet
  facet normal 0.000000 0.000000 1.000000
    outer loop
      vertex 0.645778 -1.559047 3.608253
      vertex 1.104854 -1.104854 3.608253
      vertex 0.597943 -1.443562 3.608253
    endloop
  endfacet
  facet normal 0.000000 0.000000 1.000000
    outer loop
      vertex 0.000000 -1.687500 3.608253
      vertex 0.645778 -1.559047 3.608253
      vertex 0.597943 -1.443562 3.608253
    endloop
  endfacet
  facet normal 0.000000 0.000000 1.000000
    outer loop
      vertex 0.000000 -1.687500 3.608253
      vertex 0.597943 -1.443562 3.608253
      vertex 0.000000 -1.562500 3.608253
    endloop
  endfacet
  facet normal 0.000000 0.000000 1.000000
    outer loop
      vertex -0.645778 -1.559047 3.608253
      vertex 0.000000 -1.687500 3.608253
      vertex 0.000000 -1.562500 3.608253
    endloop
  endfacet
  facet normal -0.169763 0.853455 0.492742
    outer loop
      vertex 0.574025 -1.385819 3.500000
      vertex 0.000000 -1.562500 3.608253
      vertex 0.597943 -1.443562 3.608253
    endloop
  endfacet
  facet normal -0.169763 0.853455 0.492742
    outer loop
      vertex 0.144898 -1.471178 3.500000
      vertex 0.000000 -1.500000 3.500000
      vertex 0.000000 -1.562500 3.608253
    endloop
  endfacet
  facet normal -0.169763 0.853455 0.492742
    outer loop
      vertex 0.429127 -1.414641 3.500000
      vertex 0.144898 -1.471178 3.500000
      vertex 0.000000 -1.562500 3.608253
    endloop
  endfacet
  facet normal -0.169763 0.853455 0.492742
    outer loop
      vertex 0.574025 -1.385819 3.500000
      vertex 0.429127 -1.414641 3.500000
      vertex 0.000000 -1.562500 3.608253
    endloop
  endfacet
  facet normal -0.483443 0.723524 0.492742
    outer loop
      vertex 0.597943 -1.443562 3.608253
      vertex 0.696864 -1.303741 3.500000
      vertex 0.574025 -1.385819 3.500000
    endloop
  endfacet
  facet normal -0.483443 0.723524 0.492742
    outer loop
      vertex 1.060660 -1.060660 3.500000
      vertex 0.937821 -1.142739 3.500000
      vertex 0.696864 -1.303741 3.500000
    endloop
  endfacet
  facet normal -0.483443 0.723524 0.492742
    outer loop
      vertex 1.104854 -1.104854 3.608253
      vertex 1.060660 -1.060660 3.500000
      vertex 0.696864 -1.303741 3.500000
    endloop
  endfacet
  facet normal -0.483443 0.723524 0.492742
    outer loop
      vertex 0.597943 -1.443562 3.608253
      vertex 1.104854 -1.104854 3.608253
      vertex 0.696864 -1.303741 3.500000
    endloop
  endfacet
  facet normal -0.723524 0.483443 0.492742
    outer loop
      vertex 1.104854 -1.104854 3.608253
      vertex 1.142739 -0.937821 3.500000
      vertex 1.060660 -1.060660 3.500000
    endloop
  endfacet
  facet normal -0.723524 0.483443 0.492742
    outer loop
      vertex 1.385819 -0.574025 3.500000
      vertex 1.303741 -0.696864 3.500000
      vertex 1.142739 -0.937821 3.500000
    endloop
  endfacet
  facet normal -0.723524 0.483443 0.492742
    outer loop
      vertex 1.443562 -0.597943 3.608253
      vertex 1.385819 -0.574025 3.500000
      vertex 1.142739 -0.937821 3.500000
    endloop
  endfacet
  facet normal -0.723524 0.483443 0.492742
    outer loop
      vertex 1.104854 -1.104854 3.608253
      vertex 1.443562 -0.597943 3.608253
      vertex 1.142739 -0.937821 3.500000
    endloop
  endfacet
  facet normal -0.853455 0.169763 0.492742
    outer loop
      vertex 1.443562 -0.597943 3.608253
      vertex 1.414641 -0.429127 3.500000
      vertex 1.385819 -0.574025 3.500000
    endloop
  endfacet
  facet normal -0.853455 0.169763 0.492742
    outer loop
      vertex 1.500000 -0.000000 3.500000
      vertex 1.471178 -0.144898 3.500000
      vertex 1.414641 -0.429127 3.500000
    endloop
  endfacet
  facet normal -0.853455 0.169763 0.492742
    outer loop
      vertex 1.562500 -0.000000 3.608253
      vertex 1.500000 -0.000000 3.500000
      vertex 1.414641 -0.429127 3.500000
    endloop
  endfacet
  facet normal -0.853455 0.169763 0.492742
    outer loop
      vertex 1.443562 -0.597943 3.608253
      vertex 1.562500 -0.000000 3.608253
      vertex 1.414641 -0.429127 3.500000
    endloop
  endfacet
  facet normal -0.853455 -0.169763 0.492742
    outer loop
      vertex 1.562500 -0.000000 3.608253
      vertex 1.471178 0.144898 3.500000
      vertex 1.500000 -0.000000 3.500000
    endloop
  endfacet
  facet normal -0.853455 -0.169763 0.492742
    outer loop
      vertex 1.443562 0.597943 3.608253
      vertex 1.385819 0.574025 3.500000
      vertex 1.414641 0.429127 3.500000
    endloop
  endfacet
  facet normal -0.853455 -0.169763 0.492742
    outer loop
      vertex 1.562500 -0.000000 3.608253
      vertex 1.443562 0.597943 3.608253
      vertex 1.414641 0.429127 3.500000
    endloop
  endfacet
  facet normal -0.853455 -0.169763 0.492742
    outer loop
      vertex 1.562500 -0.000000 3.608253
      vertex 1.414641 0.429127 3.500000
      vertex 1.471178 0.144898 3.500000
    endloop
  endfacet
  facet normal -0.723524 -0.483443 0.492742
    outer loop
      vertex 1.443562 0.597943 3.608253
      vertex 1.303741 0.696864 3.500000
      vertex 1.385819 0.574025 3.500000
    endloop
  endfacet
  facet normal -0.723524 -0.483443 0.492742
    outer loop
      vertex 1.104854 1.104854 3.608253
      vertex 1.060660 1.060660 3.500000
      vertex 1.142739 0.937821 3.500000
    endloop
  endfacet
  facet normal -0.723524 -0.483443 0.492742
    outer loop
      vertex 1.443562 0.597943 3.608253
      vertex 1.104854 1.104854 3.608253
      vertex 1.142739 0.937821 3.500000
    endloop
  endfacet
  facet normal -0.723524 -0.483443 0.492742
    outer loop
      vertex 1.443562 0.597943 3.608253
      vertex 1.142739 0.937821 3.500000
      vertex 1.303741 0.696864 3.500000
    endloop
  endfacet
  facet normal -0.483443 -0.723524 0.492742
    outer loop
      vertex 1.104854 1.104854 3.608253
      vertex 0.937821 1.142739 3.500000
      vertex 1.060660 1.060660 3.500000
    endloop
  endfacet
  facet normal -0.483443 -0.723524 0.492742
    outer loop
      vertex 0.597943 1.443562 3.608253
      vertex 0.574025 1.385819 3.500000
      vertex 0.696864 1.303741 3.500000
    endloop
  endfacet
  facet normal -0.483443 -0.723524 0.492742
    outer loop
      vertex 1.104854 1.104854 3.608253
      vertex 0.597943 1.443562 3.608253
      vertex 0.696864 1.303741 3.500000
    endloop
  endfacet
  facet normal -0.483443 -0.723524 0.492742
    outer loop
      vertex 1.104854 1.104854 3.608253
      vertex 0.696864 1.303741 3.500000
      vertex 0.937821 1.142739 3.500000
    endloop
  endfacet
  facet normal -0.169763 -0.853455 0.492742
    outer loop
      vertex 0.597943 1.443562 3.608253
      vertex 0.429127 1.414641 3.500000
      vertex 0.574025 1.385819 3.500000
    endloop
  endfacet
  facet normal -0.169763 -0.853455 0.492742
    outer loop
      vertex 0.000000 1.562500 3.608253
      vertex 0.000000 1.500000 3.500000
      vertex 0.144898 1.471178 3.500000
    endloop
  endfacet
  facet normal -0.169763 -0.853455 0.492742
    outer loop
      vertex 0.597943 1.443562 3.608253
      vertex 0.000000 1.562500 3.608253
      vertex 0.144898 1.471178 3.500000
    endloop
  endfacet
  facet normal -0.169763 -0.853455 0.492742
    outer loop
      vertex 0.597943 1.443562 3.608253
      vertex 0.144898 1.471178 3.500000
      vertex 0.429127 1.414641 3.500000
    endloop
  endfacet
  facet normal 0.169763 -0.853455 0.492742
    outer loop
      vertex 0.000000 1.562500 3.608253
      vertex -0.144898 1.471178 3.500000
      vertex 0.000000 1.500000 3.500000
    endloop
  endfacet
  facet normal 0.169763 -0.853455 0.492742
    outer loop
      vertex 0.000000 1.562500 3.608253
      vertex -0.597943 1.443562 3.608253
      vertex -0.574025 1.385819 3.500000
    endloop
  endfacet
  facet normal 0.169763 -0.853455 0.492742
    outer loop
      vertex 0.000000 1.562500 3.608253
      vertex -0.574025 1.385819 3.500000
      vertex -0.429127 1.414641 3.500000
    endloop
  endfacet
  facet normal 0.169763 -0.853455 0.492742
    outer loop
      vertex 0.000000 1.562500 3.608253
      vertex -0.429127 1.414641 3.500000
      vertex -0.144898 1.471178 3.500000
    endloop
  endfacet
  facet normal 0.483443 -0.723524 0.492742
    outer loop
      vertex -0.597943 1.443562 3.608253
      vertex -0.696864 1.303741 3.500000
      vertex -0.574025 1.385819 3.500000
    endloop
  endfacet
  facet normal 0.483443 -0.723524 0.492742
    outer loop
      vertex -0.597943 1.443562 3.608253
      vertex -1.104854 1.104854 3.608253
      vertex -1.060660 1.060660 3.500000
    endloop
  endfacet
  facet normal 0.483443 -0.723524 0.492742
    outer loop
      vertex -0.597943 1.443562 3.608253
      vertex -1.060660 1.060660 3.500000
      vertex -0.937821 1.142739 3.500000
    endloop
  endfacet
  facet normal 0.483443 -0.723524 0.492742
    outer loop
      vertex -0.597943 1.443562 3.608253
      vertex -0.937821 1.142739 3.500000
      vertex -0.696864 1.303741 3.500000
    endloop
  endfacet
  facet normal 0.723524 -0.483443 0.492742
    outer loop
      vertex -1.104854 1.104854 3.608253
      vertex -1.142739 0.937821 3.500000
      vertex -1.060660 1.060660 3.500000
    endloop
  endfacet
  facet normal 0.723524 -0.483443 0.492742
    outer loop
      vertex -1.104854 1.104854 3.608253
      vertex -1.443562 0.597943 3.608253
      vertex -1.385819 0.574025 3.500000
    endloop
  endfacet
  facet normal 0.723524 -0.483443 0.492742
    outer loop
      vertex -1.104854 1.104854 3.608253
      vertex -1.385819 0.574025 3.500000
      vertex -1.303741 0.696864 3.500000
    endloop
  endfacet
  facet normal 0.723524 -0.483443 0.492742
    outer loop
      vertex -1.104854 1.104854 3.608253
      vertex -1.303741 0.696864 3.500000
      vertex -1.142739 0.937821 3.500000
    endloop
  endfacet
  facet normal 0.853455 -0.169763 0.492742
    outer loop
      vertex -1.443562 0.597943 3.608253
      vertex -1.414641 0.429127 3.500000
      vertex -1.385819 0.574025 3.500000
    endloop
  endfacet
  facet normal 0.853455 -0.169763 0.492742
    outer loop
      vertex -1.443562 0.597943 3.608253
      vertex -1.562500 0.000000 3.608253
      vertex -1.500000 0.000000 3.500000
    endloop
  endfacet
  facet normal 0.853455 -0.169763 0.492742
    outer loop
      vertex -1.443562 0.597943 3.608253
      vertex -1.500000 0.000000 3.500000
      vertex -1.471178 0.144898 3.500000
    endloop
  endfacet
  facet normal 0.853455 -0.169763 0.492742
    outer loop
      vertex -1.443562 0.597943 3.608253
      vertex -1.471178 0.144898 3.500000
      vertex -1.414641 0.429127 3.500000
    endloop
  endfacet
  facet normal 0.853455 0.169763 0.492742
    outer loop
      vertex -1.414641 -0.429127 3.500000
      vertex -1.443562 -0.597943 3.608253
      vertex -1.385819 -0.574025 3.500000
    endloop
  endfacet
  facet normal 0.853455 0.169763 0.492742
    outer loop
      vertex -1.500000 0.000000 3.500000
      vertex -1.562500 0.000000 3.608253
      vertex -1.443562 -0.597943 3.608253
    endloop
  endfacet
  facet normal 0.853455 0.169763 0.492742
    outer loop
      vertex -1.471178 -0.144898 3.500000
      vertex -1.500000 0.000000 3.500000
      vertex -1.443562 -0.597943 3.608253
    endloop
  endfacet
  facet normal 0.853455 0.169763 0.492742
    outer loop
      vertex -1.414641 -0.429127 3.500000
      vertex -1.471178 -0.144898 3.500000
      vertex -1.443562 -0.597943 3.608253
    endloop
  endfacet
  facet normal 0.723524 0.483443 0.492742
    outer loop
      vertex -1.142739 -0.937821 3.500000
      vertex -1.104854 -1.104854 3.608253
      vertex -1.060660 -1.060660 3.500000
    endloop
  endfacet
  facet normal 0.723524 0.483443 0.492742
    outer loop
      vertex -1.385819 -0.574025 3.500000
      vertex -1.443562 -0.597943 3.608253
      vertex -1.104854 -1.104854 3.608253
    endloop
  endfacet
  facet normal 0.723524 0.483443 0.492742
    outer loop
      vertex -1.303741 -0.696864 3.500000
      vertex -1.385819 -0.574025 3.500000
      vertex -1.104854 -1.104854 3.608253
    endloop
  endfacet
  facet normal 0.723524 0.483443 0.492742
    outer loop
      vertex -1.142739 -0.937821 3.500000
      vertex -1.303741 -0.696864 3.500000
      vertex -1.104854 -1.104854 3.608253
    endloop
  endfacet
  facet normal 0.483443 0.723524 0.492742
    outer loop
      vertex -0.696864 -1.303741 3.500000
      vertex -0.597943 -1.443562 3.608253
      vertex -0.574025 -1.385819 3.500000
    endloop
  endfacet
  facet normal 0.483443 0.723524 0.492742
    outer loop
      vertex -1.060660 -1.060660 3.500000
      vertex -1.104854 -1.104854 3.608253
      vertex -0.597943 -1.443562 3.608253
    endloop
  endfacet
  facet normal 0.483443 0.723524 0.492742
    outer loop
      vertex -0.937821 -1.142739 3.500000
      vertex -1.060660 -1.060660 3.500000
      vertex -0.597943 -1.443562 3.608253
    endloop
  endfacet
  facet normal 0.483443 0.723524 0.492742
    outer loop
      vertex -0.696864 -1.303741 3.500000
      vertex -0.937821 -1.142739 3.500000
      vertex -0.597943 -1.443562 3.608253
    endloop
  endfacet
  facet normal 0.169763 0.853455 0.492742
    outer loop
      vertex -0.144898 -1.471178 3.500000
      vertex 0.000000 -1.562500 3.608253
      vertex 0.000000 -1.500000 3.500000
    endloop
  endfacet
  facet normal 0.169763 0.853455 0.492742
    outer loop
      vertex -0.574025 -1.385819 3.500000
      vertex -0.597943 -1.443562 3.608253
      vertex 0.000000 -1.562500 3.608253
    endloop
  endfacet
  facet normal 0.169763 0.853455 0.492742
    outer loop
      vertex -0.429127 -1.414641 3.500000
      vertex -0.574025 -1.385819 3.500000
      vertex 0.000000 -1.562500 3.608253
    endloop
  endfacet
  facet normal 0.169763 0.853455 0.492742
    outer loop
      vertex -0.144898 -1.471178 3.500000
      vertex -0.429127 -1.414641 3.500000
      vertex 0.000000 -1.562500 3.608253
    endloop
  endfacet
  facet normal -0.169763 0.853455 -0.492742
    outer loop
      vertex 0.292635 -1.471178 3.449101
      vertex 0.144898 -1.471178 3.500000
      vertex 0.429127 -1.414641 3.500000
    endloop
  endfacet
  facet normal -0.483443 0.723524 -0.492742
    outer loop
      vertex 0.937821 -1.142739 3.500000
      vertex 0.833355 -1.247204 3.449101
      vertex 0.696864 -1.303741 3.500000
    endloop
  endfacet
  facet normal -0.723524 0.483443 -0.492742
    outer loop
      vertex 1.303741 -0.696864 3.500000
      vertex 1.247204 -0.833355 3.449101
      vertex 1.142739 -0.937821 3.500000
    endloop
  endfacet
  facet normal -0.853455 0.169763 -0.492742
    outer loop
      vertex 1.471178 -0.144898 3.500000
      vertex 1.471178 -0.292635 3.449101
      vertex 1.414641 -0.429127 3.500000
    endloop
  endfacet
  facet normal -0.853455 -0.169763 -0.492742
    outer loop
      vertex 1.414641 0.429127 3.500000
      vertex 1.471178 0.292635 3.449101
      vertex 1.471178 0.144898 3.500000
    endloop
  endfacet
  facet normal -0.723524 -0.483443 -0.492742
    outer loop
      vertex 1.142739 0.937821 3.500000
      vertex 1.247204 0.833355 3.449101
      vertex 1.303741 0.696864 3.500000
    endloop
  endfacet
  facet normal -0.483443 -0.723524 -0.492742
    outer loop
      vertex 0.833355 1.247204 3.449101
      vertex 0.937821 1.142739 3.500000
      vertex 0.696864 1.303741 3.500000
    endloop
  endfacet
  facet normal -0.169763 -0.853455 -0.492742
    outer loop
      vertex 0.292635 1.471178 3.449101
      vertex 0.429127 1.414641 3.500000
      vertex 0.144898 1.471178 3.500000
    endloop
  endfacet
  facet normal 0.169763 -0.853455 -0.492742
    outer loop
      vertex -0.292635 1.471178 3.449101
      vertex -0.144898 1.471178 3.500000
      vertex -0.429127 1.414641 3.500000
    endloop
  endfacet
  facet normal 0.483443 -0.723524 -0.492742
    outer loop
      vertex -0.833355 1.247204 3.449101
      vertex -0.696864 1.303741 3.500000
      vertex -0.937821 1.142739 3.500000
    endloop
  endfacet
  facet normal 0.723524 -0.483443 -0.492742
    outer loop
      vertex -1.247204 0.833355 3.449101
      vertex -1.142739 0.937821 3.500000
      vertex -1.303741 0.696864 3.500000
    endloop
  endfacet
  facet normal 0.853455 -0.169763 -0.492742
    outer loop
      vertex -1.471178 0.292635 3.449101
      vertex -1.414641 0.429127 3.500000
      vertex -1.471178 0.144898 3.500000
    endloop
  endfacet
  facet normal 0.853455 0.169763 -0.492742
    outer loop
      vertex -1.471178 -0.292635 3.449101
      vertex -1.471178 -0.144898 3.500000
      vertex -1.414641 -0.429127 3.500000
    endloop
  endfacet
  facet normal 0.723524 0.483443 -0.492742
    outer loop
      vertex -1.247204 -0.833355 3.449101
      vertex -1.303741 -0.696864 3.500000
      vertex -1.142739 -0.937821 3.500000
    endloop
  endfacet
  facet normal 0.483443 0.723524 -0.492742
    outer loop
      vertex -0.696864 -1.303741 3.500000
      vertex -0.833355 -1.247204 3.449101
      vertex -0.937821 -1.142739 3.500000
    endloop
  endfacet
  facet normal 0.169763 0.853455 -0.492742
    outer loop
      vertex -0.144898 -1.471178 3.500000
      vertex -0.292635 -1.471178 3.449101
      vertex -0.429127 -1.414641 3.500000
    endloop
  endfacet
  facet normal 0.169763 -0.853455 -0.492742
    outer loop
      vertex 0.169048 -1.716374 3.500000
      vertex 0.000000 -1.750000 3.500000
      vertex 0.000000 -1.716374 3.441758
    endloop
  endfacet
  facet normal 0.169763 -0.853455 -0.492742
    outer loop
      vertex 0.656828 -1.585723 3.441758
      vertex 0.669696 -1.616789 3.500000
      vertex 0.500648 -1.650415 3.500000
    endloop
  endfacet
  facet normal 0.483443 -0.723524 -0.492742
    outer loop
      vertex 1.213660 -1.213660 3.441758
      vertex 1.237437 -1.237437 3.500000
      vertex 1.094125 -1.333195 3.500000
    endloop
  endfacet
  facet normal 0.483443 -0.723524 -0.492742
    outer loop
      vertex 0.813008 -1.521031 3.500000
      vertex 0.669696 -1.616789 3.500000
      vertex 0.656828 -1.585723 3.441758
    endloop
  endfacet
  facet normal 0.723524 -0.483443 -0.492742
    outer loop
      vertex 1.585723 -0.656828 3.441758
      vertex 1.616789 -0.669696 3.500000
      vertex 1.521031 -0.813008 3.500000
    endloop
  endfacet
  facet normal 0.723524 -0.483443 -0.492742
    outer loop
      vertex 1.333195 -1.094125 3.500000
      vertex 1.237437 -1.237437 3.500000
      vertex 1.213660 -1.213660 3.441758
    endloop
  endfacet
  facet normal 0.853455 -0.169763 -0.492742
    outer loop
      vertex 1.716374 -0.000000 3.441758
      vertex 1.750000 -0.000000 3.500000
      vertex 1.716374 -0.169048 3.500000
    endloop
  endfacet
  facet normal 0.853455 -0.169763 -0.492742
    outer loop
      vertex 1.650415 -0.500648 3.500000
      vertex 1.616789 -0.669696 3.500000
      vertex 1.585723 -0.656828 3.441758
    endloop
  endfacet
  facet normal 0.853455 0.169763 -0.492742
    outer loop
      vertex 1.585723 0.656828 3.441758
      vertex 1.616789 0.669696 3.500000
      vertex 1.650415 0.500648 3.500000
    endloop
  endfacet
  facet normal 0.853455 0.169763 -0.492742
    outer loop
      vertex 1.716374 0.169048 3.500000
      vertex 1.750000 -0.000000 3.500000
      vertex 1.716374 -0.000000 3.441758
    endloop
  endfacet
  facet normal 0.723524 0.483443 -0.492742
    outer loop
      vertex 1.213660 1.213660 3.441758
      vertex 1.237437 1.237437 3.500000
      vertex 1.333195 1.094125 3.500000
    endloop
  endfacet
  facet normal 0.723524 0.483443 -0.492742
    outer loop
      vertex 1.521031 0.813008 3.500000
      vertex 1.616789 0.669696 3.500000
      vertex 1.585723 0.656828 3.441758
    endloop
  endfacet
  facet normal 0.483443 0.723524 -0.492742
    outer loop
      vertex 0.813008 1.521031 3.500000
      vertex 0.656828 1.585723 3.441758
      vertex 0.669696 1.616789 3.500000
    endloop
  endfacet
  facet normal 0.483443 0.723524 -0.492742
    outer loop
      vertex 1.094125 1.333195 3.500000
      vertex 1.237437 1.237437 3.500000
      vertex 1.213660 1.213660 3.441758
    endloop
  endfacet
  facet normal 0.169763 0.853455 -0.492742
    outer loop
      vertex 0.169048 1.716374 3.500000
      vertex 0.000000 1.716374 3.441758
      vertex 0.000000 1.750000 3.500000
    endloop
  endfacet
  facet normal 0.169763 0.853455 -0.492742
    outer loop
      vertex 0.656828 1.585723 3.441758
      vertex 0.500648 1.650415 3.500000
      vertex 0.669696 1.616789 3.500000
    endloop
  endfacet
  facet normal -0.169763 0.853455 -0.492742
    outer loop
      vertex -0.500648 1.650415 3.500000
      vertex -0.656828 1.585723 3.441758
      vertex -0.669696 1.616789 3.500000
    endloop
  endfacet
  facet normal -0.169763 0.853455 -0.492742
    outer loop
      vertex 0.000000 1.716374 3.441758
      vertex -0.169048 1.716374 3.500000
      vertex 0.000000 1.750000 3.500000
    endloop
  endfacet
  facet normal -0.483443 0.723524 -0.492742
    outer loop
      vertex -1.094125 1.333195 3.500000
      vertex -1.213660 1.213660 3.441758
      vertex -1.237437 1.237437 3.500000
    endloop
  endfacet
  facet normal -0.483443 0.723524 -0.492742
    outer loop
      vertex -0.656828 1.585723 3.441758
      vertex -0.813008 1.521031 3.500000
      vertex -0.669696 1.616789 3.500000
    endloop
  endfacet
  facet normal -0.723524 0.483443 -0.492742
    outer loop
      vertex -1.521031 0.813008 3.500000
      vertex -1.585723 0.656828 3.441758
      vertex -1.616789 0.669696 3.500000
    endloop
  endfacet
  facet normal -0.723524 0.483443 -0.492742
    outer loop
      vertex -1.213660 1.213660 3.441758
      vertex -1.333195 1.094125 3.500000
      vertex -1.237437 1.237437 3.500000
    endloop
  endfacet
  facet normal -0.853455 0.169763 -0.492742
    outer loop
      vertex -1.716374 0.169048 3.500000
      vertex -1.716374 0.000000 3.441758
      vertex -1.750000 0.000000 3.500000
    endloop
  endfacet
  facet normal -0.853455 0.169763 -0.492742
    outer loop
      vertex -1.585723 0.656828 3.441758
      vertex -1.650415 0.500648 3.500000
      vertex -1.616789 0.669696 3.500000
    endloop
  endfacet
  facet normal -0.853455 -0.169763 -0.492742
    outer loop
      vertex -1.650415 -0.500648 3.500000
      vertex -1.585723 -0.656828 3.441758
      vertex -1.616789 -0.669696 3.500000
    endloop
  endfacet
  facet normal -0.853455 -0.169763 -0.492742
    outer loop
      vertex -1.716374 0.000000 3.441758
      vertex -1.716374 -0.169048 3.500000
      vertex -1.750000 0.000000 3.500000
    endloop
  endfacet
  facet normal -0.723524 -0.483443 -0.492742
    outer loop
      vertex -1.333195 -1.094125 3.500000
      vertex -1.213660 -1.213660 3.441758
      vertex -1.237437 -1.237437 3.500000
    endloop
  endfacet
  facet normal -0.723524 -0.483443 -0.492742
    outer loop
      vertex -1.585723 -0.656828 3.441758
      vertex -1.521031 -0.813008 3.500000
      vertex -1.616789 -0.669696 3.500000
    endloop
  endfacet
  facet normal -0.483443 -0.723524 -0.492742
    outer loop
      vertex -1.213660 -1.213660 3.441758
      vertex -1.094125 -1.333195 3.500000
      vertex -1.237437 -1.237437 3.500000
    endloop
  endfacet
  facet normal -0.483443 -0.723524 -0.492742
    outer loop
      vertex -0.656828 -1.585723 3.441758
      vertex -0.669696 -1.616789 3.500000
      vertex -0.813008 -1.521031 3.500000
    endloop
  endfacet
  facet normal -0.169763 -0.853455 -0.492742
    outer loop
      vertex 0.000000 -1.716374 3.441758
      vertex 0.000000 -1.750000 3.500000
      vertex -0.169048 -1.716374 3.500000
    endloop
  endfacet
  facet normal -0.169763 -0.853455 -0.492742
    outer loop
      vertex -0.500648 -1.650415 3.500000
      vertex -0.669696 -1.616789 3.500000
      vertex -0.656828 -1.585723 3.441758
    endloop
  endfacet
  facet normal -0.000000 -0.000000 1.000000
    outer loop
      vertex -1.471178 -0.292635 0.250000
      vertex -1.247204 0.833355 0.250000
      vertex -1.471178 0.292635 0.250000
    endloop
  endfacet
  facet normal -0.000000 -0.000000 1.000000
    outer loop
      vertex -0.292635 1.471178 0.250000
      vertex -0.833355 1.247204 0.250000
      vertex -1.247204 0.833355 0.250000
    endloop
  endfacet
  facet normal -0.000000 -0.000000 1.000000
    outer loop
      vertex 0.292635 1.471178 0.250000
      vertex -0.292635 1.471178 0.250000
      vertex -1.247204 0.833355 0.250000
    endloop
  endfacet
  facet normal -0.000000 -0.000000 1.000000
    outer loop
      vertex 0.833355 1.247204 0.250000
      vertex 0.292635 1.471178 0.250000
      vertex -1.247204 0.833355 0.250000
    endloop
  endfacet
  facet normal -0.000000 -0.000000 1.000000
    outer loop
      vertex 1.247204 0.833355 0.250000
      vertex 0.833355 1.247204 0.250000
      vertex -1.247204 0.833355 0.250000
    endloop
  endfacet
  facet normal -0.000000 -0.000000 1.000000
    outer loop
      vertex 1.471178 0.292635 0.250000
      vertex 1.247204 0.833355 0.250000
      vertex -1.247204 0.833355 0.250000
    endloop
  endfacet
  facet normal -0.000000 -0.000000 1.000000
    outer loop
      vertex 1.471178 -0.292635 0.250000
      vertex 1.471178 0.292635 0.250000
      vertex -1.247204 0.833355 0.250000
    endloop
  endfacet
  facet normal -0.000000 -0.000000 1.000000
    outer loop
      vertex 1.247204 -0.833355 0.250000
      vertex 1.471178 -0.292635 0.250000
      vertex -1.247204 0.833355 0.250000
    endloop
  endfacet
  facet normal -0.000000 -0.000000 1.000000
    outer loop
      vertex 0.833355 -1.247204 0.250000
      vertex 1.247204 -0.833355 0.250000
      vertex -1.247204 0.833355 0.250000
    endloop
  endfacet
  facet normal -0.000000 -0.000000 1.000000
    outer loop
      vertex 0.292635 -1.471178 0.250000
      vertex 0.833355 -1.247204 0.250000
      vertex -1.247204 0.833355 0.250000
    endloop
  endfacet
  facet normal -0.000000 -0.000000 1.000000
    outer loop
      vertex -0.292635 -1.471178 0.250000
      vertex 0.292635 -1.471178 0.250000
      vertex -1.247204 0.833355 0.250000
    endloop
  endfacet
  facet normal -0.000000 -0.000000 1.000000
    outer loop
      vertex -0.833355 -1.247204 0.250000
      vertex -0.292635 -1.471178 0.250000
      vertex -1.247204 0.833355 0.250000
    endloop
  endfacet
  facet normal -0.000000 -0.000000 1.000000
    outer loop
      vertex -1.247204 -0.833355 0.250000
      vertex -0.833355 -1.247204 0.250000
      vertex -1.247204 0.833355 0.250000
    endloop
  endfacet
  facet normal -0.000000 -0.000000 1.000000
    outer loop
      vertex -1.471178 -0.292635 0.250000
      vertex -1.247204 -0.833355 0.250000
      vertex -1.247204 0.833355 0.250000
    endloop
  endfacet
  facet normal -0.382683 0.923880 -0.000000
    outer loop
      vertex 0.429127 -1.414641 3.500000
      vertex 0.696864 -1.303741 3.500000
      vertex 0.292635 -1.471178 3.449101
    endloop
  endfacet
  facet normal -0.382683 0.923880 -0.000000
    outer loop
      vertex 0.833355 -1.247204 0.250000
      vertex 0.292635 -1.471178 0.250000
      vertex 0.292635 -1.471178 3.449101
    endloop
  endfacet
  facet normal -0.382683 0.923880 -0.000000
    outer loop
      vertex 0.833355 -1.247204 3.449101
      vertex 0.833355 -1.247204 0.250000
      vertex 0.292635 -1.471178 3.449101
    endloop
  endfacet
  facet normal -0.382683 0.923880 -0.000000
    outer loop
      vertex 0.696864 -1.303741 3.500000
      vertex 0.833355 -1.247204 3.449101
      vertex 0.292635 -1.471178 3.449101
    endloop
  endfacet
  facet normal -0.707107 0.707107 -0.000000
    outer loop
      vertex 0.937821 -1.142739 3.500000
      vertex 1.142739 -0.937821 3.500000
      vertex 0.833355 -1.247204 3.449101
    endloop
  endfacet
  facet normal -0.707107 0.707107 -0.000000
    outer loop
      vertex 1.247204 -0.833355 0.250000
      vertex 0.833355 -1.247204 0.250000
      vertex 0.833355 -1.247204 3.449101
    endloop
  endfacet
  facet normal -0.707107 0.707107 -0.000000
    outer loop
      vertex 1.247204 -0.833355 3.449101
      vertex 1.247204 -0.833355 0.250000
      vertex 0.833355 -1.247204 3.449101
    endloop
  endfacet
  facet normal -0.707107 0.707107 -0.000000
    outer loop
      vertex 1.142739 -0.937821 3.500000
      vertex 1.247204 -0.833355 3.449101
      vertex 0.833355 -1.247204 3.449101
    endloop
  endfacet
  facet normal -0.923880 0.382683 -0.000000
    outer loop
      vertex 1.303741 -0.696864 3.500000
      vertex 1.414641 -0.429127 3.500000
      vertex 1.247204 -0.833355 3.449101
    endloop
  endfacet
  facet normal -0.923880 0.382683 -0.000000
    outer loop
      vertex 1.471178 -0.292635 0.250000
      vertex 1.247204 -0.833355 0.250000
      vertex 1.247204 -0.833355 3.449101
    endloop
  endfacet
  facet normal -0.923880 0.382683 -0.000000
    outer loop
      vertex 1.471178 -0.292635 3.449101
      vertex 1.471178 -0.292635 0.250000
      vertex 1.247204 -0.833355 3.449101
    endloop
  endfacet
  facet normal -0.923880 0.382683 -0.000000
    outer loop
      vertex 1.414641 -0.429127 3.500000
      vertex 1.471178 -0.292635 3.449101
      vertex 1.247204 -0.833355 3.449101
    endloop
  endfacet
  facet normal -1.000000 -0.000000 -0.000000
    outer loop
      vertex 1.471178 -0.144898 3.500000
      vertex 1.471178 0.144898 3.500000
      vertex 1.471178 -0.292635 3.449101
    endloop
  endfacet
  facet normal -1.000000 -0.000000 -0.000000
    outer loop
      vertex 1.471178 0.292635 0.250000
      vertex 1.471178 -0.292635 0.250000
      vertex 1.471178 -0.292635 3.449101
    endloop
  endfacet
  facet normal -1.000000 -0.000000 -0.000000
    outer loop
      vertex 1.471178 0.292635 3.449101
      vertex 1.471178 0.292635 0.250000
      vertex 1.471178 -0.292635 3.449101
    endloop
  endfacet
  facet normal -1.000000 -0.000000 -0.000000
    outer loop
      vertex 1.471178 0.144898 3.500000
      vertex 1.471178 0.292635 3.449101
      vertex 1.471178 -0.292635 3.449101
    endloop
  endfacet
  facet normal -0.923880 -0.382683 -0.000000
    outer loop
      vertex 1.414641 0.429127 3.500000
      vertex 1.471178 0.292635 0.250000
      vertex 1.471178 0.292635 3.449101
    endloop
  endfacet
  facet normal -0.923880 -0.382683 -0.000000
    outer loop
      vertex 1.247204 0.833355 3.449101
      vertex 1.247204 0.833355 0.250000
      vertex 1.471178 0.292635 0.250000
    endloop
  endfacet
  facet normal -0.923880 -0.382683 -0.000000
    outer loop
      vertex 1.303741 0.696864 3.500000
      vertex 1.247204 0.833355 3.449101
      vertex 1.471178 0.292635 0.250000
    endloop
  endfacet
  facet normal -0.923880 -0.382683 -0.000000
    outer loop
      vertex 1.414641 0.429127 3.500000
      vertex 1.303741 0.696864 3.500000
      vertex 1.471178 0.292635 0.250000
    endloop
  endfacet
  facet normal -0.707107 -0.707107 -0.000000
    outer loop
      vertex 1.142739 0.937821 3.500000
      vertex 1.247204 0.833355 0.250000
      vertex 1.247204 0.833355 3.449101
    endloop
  endfacet
  facet normal -0.707107 -0.707107 -0.000000
    outer loop
      vertex 0.833355 1.247204 3.449101
      vertex 0.833355 1.247204 0.250000
      vertex 1.247204 0.833355 0.250000
    endloop
  endfacet
  facet normal -0.707107 -0.707107 -0.000000
    outer loop
      vertex 0.937821 1.142739 3.500000
      vertex 0.833355 1.247204 3.449101
      vertex 1.247204 0.833355 0.250000
    endloop
  endfacet
  facet normal -0.707107 -0.707107 -0.000000
    outer loop
      vertex 1.142739 0.937821 3.500000
      vertex 0.937821 1.142739 3.500000
      vertex 1.247204 0.833355 0.250000
    endloop
  endfacet
  facet normal -0.382683 -0.923880 -0.000000
    outer loop
      vertex 0.696864 1.303741 3.500000
      vertex 0.833355 1.247204 0.250000
      vertex 0.833355 1.247204 3.449101
    endloop
  endfacet
  facet normal -0.382683 -0.923880 -0.000000
    outer loop
      vertex 0.292635 1.471178 3.449101
      vertex 0.292635 1.471178 0.250000
      vertex 0.833355 1.247204 0.250000
    endloop
  endfacet
  facet normal -0.382683 -0.923880 -0.000000
    outer loop
      vertex 0.429127 1.414641 3.500000
      vertex 0.292635 1.471178 3.449101
      vertex 0.833355 1.247204 0.250000
    endloop
  endfacet
  facet normal -0.382683 -0.923880 -0.000000
    outer loop
      vertex 0.696864 1.303741 3.500000
      vertex 0.429127 1.414641 3.500000
      vertex 0.833355 1.247204 0.250000
    endloop
  endfacet
  facet normal -0.000000 -1.000000 -0.000000
    outer loop
      vertex 0.292635 1.471178 3.449101
      vertex -0.292635 1.471178 0.250000
      vertex 0.292635 1.471178 0.250000
    endloop
  endfacet
  facet normal -0.000000 -1.000000 -0.000000
    outer loop
      vertex -0.144898 1.471178 3.500000
      vertex -0.292635 1.471178 3.449101
      vertex -0.292635 1.471178 0.250000
    endloop
  endfacet
  facet normal -0.000000 -1.000000 -0.000000
    outer loop
      vertex 0.144898 1.471178 3.500000
      vertex -0.144898 1.471178 3.500000
      vertex -0.292635 1.471178 0.250000
    endloop
  endfacet
  facet normal -0.000000 -1.000000 -0.000000
    outer loop
      vertex 0.292635 1.471178 3.449101
      vertex 0.144898 1.471178 3.500000
      vertex -0.292635 1.471178 0.250000
    endloop
  endfacet
  facet normal 0.382683 -0.923880 -0.000000
    outer loop
      vertex -0.833355 1.247204 0.250000
      vertex -0.696864 1.303741 3.500000
      vertex -0.833355 1.247204 3.449101
    endloop
  endfacet
  facet normal 0.382683 -0.923880 -0.000000
    outer loop
      vertex -0.292635 1.471178 3.449101
      vertex -0.429127 1.414641 3.500000
      vertex -0.696864 1.303741 3.500000
    endloop
  endfacet
  facet normal 0.382683 -0.923880 -0.000000
    outer loop
      vertex -0.292635 1.471178 0.250000
      vertex -0.292635 1.471178 3.449101
      vertex -0.696864 1.303741 3.500000
    endloop
  endfacet
  facet normal 0.382683 -0.923880 -0.000000
    outer loop
      vertex -0.833355 1.247204 0.250000
      vertex -0.292635 1.471178 0.250000
      vertex -0.696864 1.303741 3.500000
    endloop
  endfacet
  facet normal 0.707107 -0.707107 -0.000000
    outer loop
      vertex -1.247204 0.833355 0.250000
      vertex -1.142739 0.937821 3.500000
      vertex -1.247204 0.833355 3.449101
    endloop
  endfacet
  facet normal 0.707107 -0.707107 -0.000000
    outer loop
      vertex -0.833355 1.247204 3.449101
      vertex -0.937821 1.142739 3.500000
      vertex -1.142739 0.937821 3.500000
    endloop
  endfacet
  facet normal 0.707107 -0.707107 -0.000000
    outer loop
      vertex -0.833355 1.247204 0.250000
      vertex -0.833355 1.247204 3.449101
      vertex -1.142739 0.937821 3.500000
    endloop
  endfacet
  facet normal 0.707107 -0.707107 -0.000000
    outer loop
      vertex -1.247204 0.833355 0.250000
      vertex -0.833355 1.247204 0.250000
      vertex -1.142739 0.937821 3.500000
    endloop
  endfacet
  facet normal 0.923880 -0.382683 -0.000000
    outer loop
      vertex -1.471178 0.292635 0.250000
      vertex -1.414641 0.429127 3.500000
      vertex -1.471178 0.292635 3.449101
    endloop
  endfacet
  facet normal 0.923880 -0.382683 -0.000000
    outer loop
      vertex -1.247204 0.833355 3.449101
      vertex -1.303741 0.696864 3.500000
      vertex -1.414641 0.429127 3.500000
    endloop
  endfacet
  facet normal 0.923880 -0.382683 -0.000000
    outer loop
      vertex -1.247204 0.833355 0.250000
      vertex -1.247204 0.833355 3.449101
      vertex -1.414641 0.429127 3.500000
    endloop
  endfacet
  facet normal 0.923880 -0.382683 -0.000000
    outer loop
      vertex -1.471178 0.292635 0.250000
      vertex -1.247204 0.833355 0.250000
      vertex -1.414641 0.429127 3.500000
    endloop
  endfacet
  facet normal 1.000000 -0.000000 -0.000000
    outer loop
      vertex -1.471178 -0.292635 0.250000
      vertex -1.471178 -0.144898 3.500000
      vertex -1.471178 -0.292635 3.449101
    endloop
  endfacet
  facet normal 1.000000 -0.000000 -0.000000
    outer loop
      vertex -1.471178 0.292635 3.449101
      vertex -1.471178 0.144898 3.500000
      vertex -1.471178 -0.144898 3.500000
    endloop
  endfacet
  facet normal 1.000000 -0.000000 -0.000000
    outer loop
      vertex -1.471178 0.292635 0.250000
      vertex -1.471178 0.292635 3.449101
      vertex -1.471178 -0.144898 3.500000
    endloop
  endfacet
  facet normal 1.000000 -0.000000 -0.000000
    outer loop
      vertex -1.471178 -0.292635 0.250000
      vertex -1.471178 0.292635 0.250000
      vertex -1.471178 -0.144898 3.500000
    endloop
  endfacet
  facet normal 0.923880 0.382683 -0.000000
    outer loop
      vertex -1.303741 -0.696864 3.500000
      vertex -1.247204 -0.833355 3.449101
      vertex -1.414641 -0.429127 3.500000
    endloop
  endfacet
  facet normal 0.923880 0.382683 -0.000000
    outer loop
      vertex -1.471178 -0.292635 0.250000
      vertex -1.471178 -0.292635 3.449101
      vertex -1.414641 -0.429127 3.500000
    endloop
  endfacet
  facet normal 0.923880 0.382683 -0.000000
    outer loop
      vertex -1.247204 -0.833355 0.250000
      vertex -1.471178 -0.292635 0.250000
      vertex -1.414641 -0.429127 3.500000
    endloop
  endfacet
  facet normal 0.923880 0.382683 -0.000000
    outer loop
      vertex -1.247204 -0.833355 3.449101
      vertex -1.247204 -0.833355 0.250000
      vertex -1.414641 -0.429127 3.500000
    endloop
  endfacet
  facet normal 0.707107 0.707107 -0.000000
    outer loop
      vertex -0.937821 -1.142739 3.500000
      vertex -0.833355 -1.247204 3.449101
      vertex -1.142739 -0.937821 3.500000
    endloop
  endfacet
  facet normal 0.707107 0.707107 -0.000000
    outer loop
      vertex -1.247204 -0.833355 0.250000
      vertex -1.247204 -0.833355 3.449101
      vertex -1.142739 -0.937821 3.500000
    endloop
  endfacet
  facet normal 0.707107 0.707107 -0.000000
    outer loop
      vertex -0.833355 -1.247204 0.250000
      vertex -1.247204 -0.833355 0.250000
      vertex -1.142739 -0.937821 3.500000
    endloop
  endfacet
  facet normal 0.707107 0.707107 -0.000000
    outer loop
      vertex -0.833355 -1.247204 3.449101
      vertex -0.833355 -1.247204 0.250000
      vertex -1.142739 -0.937821 3.500000
    endloop
  endfacet
  facet normal 0.382683 0.923880 -0.000000
    outer loop
      vertex -0.292635 -1.471178 3.449101
      vertex -0.696864 -1.303741 3.500000
      vertex -0.429127 -1.414641 3.500000
    endloop
  endfacet
  facet normal 0.382683 0.923880 -0.000000
    outer loop
      vertex -0.833355 -1.247204 0.250000
      vertex -0.833355 -1.247204 3.449101
      vertex -0.696864 -1.303741 3.500000
    endloop
  endfacet
  facet normal 0.382683 0.923880 -0.000000
    outer loop
      vertex -0.292635 -1.471178 0.250000
      vertex -0.833355 -1.247204 0.250000
      vertex -0.696864 -1.303741 3.500000
    endloop
  endfacet
  facet normal 0.382683 0.923880 -0.000000
    outer loop
      vertex -0.292635 -1.471178 3.449101
      vertex -0.292635 -1.471178 0.250000
      vertex -0.696864 -1.303741 3.500000
    endloop
  endfacet
  facet normal 0.000000 1.000000 -0.000000
    outer loop
      vertex 0.292635 -1.471178 3.449101
      vertex -0.144898 -1.471178 3.500000
      vertex 0.144898 -1.471178 3.500000
    endloop
  endfacet
  facet normal 0.000000 1.000000 -0.000000
    outer loop
      vertex -0.292635 -1.471178 0.250000
      vertex -0.292635 -1.471178 3.449101
      vertex -0.144898 -1.471178 3.500000
    endloop
  endfacet
  facet normal 0.000000 1.000000 -0.000000
    outer loop
      vertex 0.292635 -1.471178 0.250000
      vertex -0.292635 -1.471178 0.250000
      vertex -0.144898 -1.471178 3.500000
    endloop
  endfacet
  facet normal 0.000000 1.000000 -0.000000
    outer loop
      vertex 0.292635 -1.471178 3.449101
      vertex 0.292635 -1.471178 0.250000
      vertex -0.144898 -1.471178 3.500000
    endloop
  endfacet
  facet normal -0.000000 -1.000000 0.000000
    outer loop
      vertex 0.169048 -1.716374 0.000000
      vertex 0.341408 -1.716374 0.000000
      vertex 0.000000 -1.716374 0.058242
    endloop
  endfacet
  facet normal -0.000000 -1.000000 0.000000
    outer loop
      vertex -0.341408 -1.716374 3.500000
      vertex -0.341408 -1.716374 0.000000
      vertex -0.169048 -1.716374 0.000000
    endloop
  endfacet
  facet normal -0.000000 -1.000000 0.000000
    outer loop
      vertex -0.169048 -1.716374 3.500000
      vertex -0.341408 -1.716374 3.500000
      vertex -0.169048 -1.716374 0.000000
    endloop
  endfacet
  facet normal -0.000000 -1.000000 0.000000
    outer loop
      vertex 0.000000 -1.716374 3.441758
      vertex -0.169048 -1.716374 3.500000
      vertex -0.169048 -1.716374 0.000000
    endloop
  endfacet
  facet normal -0.000000 -1.000000 0.000000
    outer loop
      vertex 0.169048 -1.716374 3.500000
      vertex 0.000000 -1.716374 3.441758
      vertex -0.169048 -1.716374 0.000000
    endloop
  endfacet
  facet normal -0.000000 -1.000000 0.000000
    outer loop
      vertex 0.341408 -1.716374 3.500000
      vertex 0.169048 -1.716374 3.500000
      vertex -0.169048 -1.716374 0.000000
    endloop
  endfacet
  facet normal -0.000000 -1.000000 0.000000
    outer loop
      vertex 0.341408 -1.716374 3.500000
      vertex -0.169048 -1.716374 0.000000
      vertex 0.000000 -1.716374 0.058242
    endloop
  endfacet
  facet normal -0.000000 -1.000000 0.000000
    outer loop
      vertex 0.341408 -1.716374 0.000000
      vertex 0.341408 -1.716374 3.500000
      vertex 0.000000 -1.716374 0.058242
    endloop
  endfacet
  facet normal -0.382683 -0.923880 0.000000
    outer loop
      vertex -0.972248 -1.455072 3.500000
      vertex -0.656828 -1.585723 3.441758
      vertex -0.813008 -1.521031 3.500000
    endloop
  endfacet
  facet normal -0.382683 -0.923880 0.000000
    outer loop
      vertex -0.341408 -1.716374 0.000000
      vertex -0.341408 -1.716374 3.500000
      vertex -0.500648 -1.650415 3.500000
    endloop
  endfacet
  facet normal -0.382683 -0.923880 0.000000
    outer loop
      vertex -0.341408 -1.716374 0.000000
      vertex -0.500648 -1.650415 3.500000
      vertex -0.656828 -1.585723 3.441758
    endloop
  endfacet
  facet normal -0.382683 -0.923880 0.000000
    outer loop
      vertex -0.972248 -1.455072 3.500000
      vertex -0.341408 -1.716374 0.000000
      vertex -0.656828 -1.585723 3.441758
    endloop
  endfacet
  facet normal -0.382683 -0.923880 0.000000
    outer loop
      vertex -0.341408 -1.716374 0.000000
      vertex -0.656828 -1.585723 0.058242
      vertex -0.500648 -1.650415 0.000000
    endloop
  endfacet
  facet normal -0.382683 -0.923880 0.000000
    outer loop
      vertex -0.972248 -1.455072 3.500000
      vertex -0.972248 -1.455072 0.000000
      vertex -0.813008 -1.521031 0.000000
    endloop
  endfacet
  facet normal -0.382683 -0.923880 0.000000
    outer loop
      vertex -0.972248 -1.455072 3.500000
      vertex -0.813008 -1.521031 0.000000
      vertex -0.656828 -1.585723 0.058242
    endloop
  endfacet
  facet normal -0.382683 -0.923880 0.000000
    outer loop
      vertex -0.341408 -1.716374 0.000000
      vertex -0.972248 -1.455072 3.500000
      vertex -0.656828 -1.585723 0.058242
    endloop
  endfacet
  facet normal -0.707107 -0.707107 0.000000
    outer loop
      vertex -1.333195 -1.094125 3.500000
      vertex -1.455072 -0.972248 3.500000
      vertex -1.213660 -1.213660 3.441758
    endloop
  endfacet
  facet normal -0.707107 -0.707107 0.000000
    outer loop
      vertex -0.972248 -1.455072 0.000000
      vertex -0.972248 -1.455072 3.500000
      vertex -1.094125 -1.333195 3.500000
    endloop
  endfacet
  facet normal -0.707107 -0.707107 0.000000
    outer loop
      vertex -0.972248 -1.455072 0.000000
      vertex -1.094125 -1.333195 3.500000
      vertex -1.213660 -1.213660 3.441758
    endloop
  endfacet
  facet normal -0.707107 -0.707107 0.000000
    outer loop
      vertex -1.455072 -0.972248 3.500000
      vertex -0.972248 -1.455072 0.000000
      vertex -1.213660 -1.213660 3.441758
    endloop
  endfacet
  facet normal -0.707107 -0.707107 0.000000
    outer loop
      vertex -0.972248 -1.455072 0.000000
      vertex -1.213660 -1.213660 0.058242
      vertex -1.094125 -1.333195 0.000000
    endloop
  endfacet
  facet normal -0.707107 -0.707107 0.000000
    outer loop
      vertex -1.455072 -0.972248 3.500000
      vertex -1.455072 -0.972248 0.000000
      vertex -1.333195 -1.094125 0.000000
    endloop
  endfacet
  facet normal -0.707107 -0.707107 0.000000
    outer loop
      vertex -1.455072 -0.972248 3.500000
      vertex -1.333195 -1.094125 0.000000
      vertex -1.213660 -1.213660 0.058242
    endloop
  endfacet
  facet normal -0.707107 -0.707107 0.000000
    outer loop
      vertex -0.972248 -1.455072 0.000000
      vertex -1.455072 -0.972248 3.500000
      vertex -1.213660 -1.213660 0.058242
    endloop
  endfacet
  facet normal -0.923880 -0.382683 0.000000
    outer loop
      vertex -1.650415 -0.500648 3.500000
      vertex -1.716374 -0.341408 3.500000
      vertex -1.585723 -0.656828 3.441758
    endloop
  endfacet
  facet normal -0.923880 -0.382683 0.000000
    outer loop
      vertex -1.455072 -0.972248 0.000000
      vertex -1.455072 -0.972248 3.500000
      vertex -1.521031 -0.813008 3.500000
    endloop
  endfacet
  facet normal -0.923880 -0.382683 0.000000
    outer loop
      vertex -1.455072 -0.972248 0.000000
      vertex -1.521031 -0.813008 3.500000
      vertex -1.585723 -0.656828 3.441758
    endloop
  endfacet
  facet normal -0.923880 -0.382683 0.000000
    outer loop
      vertex -1.716374 -0.341408 3.500000
      vertex -1.455072 -0.972248 0.000000
      vertex -1.585723 -0.656828 3.441758
    endloop
  endfacet
  facet normal -0.923880 -0.382683 0.000000
    outer loop
      vertex -1.455072 -0.972248 0.000000
      vertex -1.585723 -0.656828 0.058242
      vertex -1.521031 -0.813008 0.000000
    endloop
  endfacet
  facet normal -0.923880 -0.382683 0.000000
    outer loop
      vertex -1.716374 -0.341408 3.500000
      vertex -1.716374 -0.341408 0.000000
      vertex -1.650415 -0.500648 0.000000
    endloop
  endfacet
  facet normal -0.923880 -0.382683 0.000000
    outer loop
      vertex -1.716374 -0.341408 3.500000
      vertex -1.650415 -0.500648 0.000000
      vertex -1.585723 -0.656828 0.058242
    endloop
  endfacet
  facet normal -0.923880 -0.382683 0.000000
    outer loop
      vertex -1.455072 -0.972248 0.000000
      vertex -1.716374 -0.341408 3.500000
      vertex -1.585723 -0.656828 0.058242
    endloop
  endfacet
  facet normal -1.000000 0.000000 0.000000
    outer loop
      vertex -1.716374 0.169048 3.500000
      vertex -1.716374 0.341408 3.500000
      vertex -1.716374 0.000000 3.441758
    endloop
  endfacet
  facet normal -1.000000 0.000000 0.000000
    outer loop
      vertex -1.716374 -0.341408 0.000000
      vertex -1.716374 -0.341408 3.500000
      vertex -1.716374 -0.169048 3.500000
    endloop
  endfacet
  facet normal -1.000000 0.000000 0.000000
    outer loop
      vertex -1.716374 -0.341408 0.000000
      vertex -1.716374 -0.169048 3.500000
      vertex -1.716374 0.000000 3.441758
    endloop
  endfacet
  facet normal -1.000000 0.000000 0.000000
    outer loop
      vertex -1.716374 0.341408 3.500000
      vertex -1.716374 -0.341408 0.000000
      vertex -1.716374 0.000000 3.441758
    endloop
  endfacet
  facet normal -1.000000 0.000000 0.000000
    outer loop
      vertex -1.716374 -0.341408 0.000000
      vertex -1.716374 0.000000 0.058242
      vertex -1.716374 -0.169048 0.000000
    endloop
  endfacet
  facet normal -1.000000 0.000000 0.000000
    outer loop
      vertex -1.716374 0.341408 0.000000
      vertex -1.716374 0.169048 0.000000
      vertex -1.716374 0.000000 0.058242
    endloop
  endfacet
  facet normal -1.000000 0.000000 0.000000
    outer loop
      vertex -1.716374 0.341408 3.500000
      vertex -1.716374 0.341408 0.000000
      vertex -1.716374 0.000000 0.058242
    endloop
  endfacet
  facet normal -1.000000 0.000000 0.000000
    outer loop
      vertex -1.716374 -0.341408 0.000000
      vertex -1.716374 0.341408 3.500000
      vertex -1.716374 0.000000 0.058242
    endloop
  endfacet
  facet normal -0.923880 0.382683 0.000000
    outer loop
      vertex -1.521031 0.813008 3.500000
      vertex -1.455072 0.972248 3.500000
      vertex -1.585723 0.656828 3.441758
    endloop
  endfacet
  facet normal -0.923880 0.382683 0.000000
    outer loop
      vertex -1.716374 0.341408 0.000000
      vertex -1.716374 0.341408 3.500000
      vertex -1.650415 0.500648 3.500000
    endloop
  endfacet
  facet normal -0.923880 0.382683 0.000000
    outer loop
      vertex -1.716374 0.341408 0.000000
      vertex -1.650415 0.500648 3.500000
      vertex -1.585723 0.656828 3.441758
    endloop
  endfacet
  facet normal -0.923880 0.382683 0.000000
    outer loop
      vertex -1.455072 0.972248 3.500000
      vertex -1.716374 0.341408 0.000000
      vertex -1.585723 0.656828 3.441758
    endloop
  endfacet
  facet normal -0.923880 0.382683 0.000000
    outer loop
      vertex -1.716374 0.341408 0.000000
      vertex -1.585723 0.656828 0.058242
      vertex -1.650415 0.500648 0.000000
    endloop
  endfacet
  facet normal -0.923880 0.382683 0.000000
    outer loop
      vertex -1.455072 0.972248 0.000000
      vertex -1.521031 0.813008 0.000000
      vertex -1.585723 0.656828 0.058242
    endloop
  endfacet
  facet normal -0.923880 0.382683 0.000000
    outer loop
      vertex -1.455072 0.972248 3.500000
      vertex -1.455072 0.972248 0.000000
      vertex -1.585723 0.656828 0.058242
    endloop
  endfacet
  facet normal -0.923880 0.382683 0.000000
    outer loop
      vertex -1.716374 0.341408 0.000000
      vertex -1.455072 0.972248 3.500000
      vertex -1.585723 0.656828 0.058242
    endloop
  endfacet
  facet normal -0.707107 0.707107 0.000000
    outer loop
      vertex -1.094125 1.333195 3.500000
      vertex -0.972248 1.455072 3.500000
      vertex -1.213660 1.213660 3.441758
    endloop
  endfacet
  facet normal -0.707107 0.707107 0.000000
    outer loop
      vertex -1.455072 0.972248 0.000000
      vertex -1.455072 0.972248 3.500000
      vertex -1.333195 1.094125 3.500000
    endloop
  endfacet
  facet normal -0.707107 0.707107 0.000000
    outer loop
      vertex -1.455072 0.972248 0.000000
      vertex -1.333195 1.094125 3.500000
      vertex -1.213660 1.213660 3.441758
    endloop
  endfacet
  facet normal -0.707107 0.707107 0.000000
    outer loop
      vertex -0.972248 1.455072 3.500000
      vertex -1.455072 0.972248 0.000000
      vertex -1.213660 1.213660 3.441758
    endloop
  endfacet
  facet normal -0.707107 0.707107 0.000000
    outer loop
      vertex -1.455072 0.972248 0.000000
      vertex -1.213660 1.213660 0.058242
      vertex -1.333195 1.094125 0.000000
    endloop
  endfacet
  facet normal -0.707107 0.707107 0.000000
    outer loop
      vertex -0.972248 1.455072 0.000000
      vertex -1.094125 1.333195 0.000000
      vertex -1.213660 1.213660 0.058242
    endloop
  endfacet
  facet normal -0.707107 0.707107 0.000000
    outer loop
      vertex -0.972248 1.455072 3.500000
      vertex -0.972248 1.455072 0.000000
      vertex -1.213660 1.213660 0.058242
    endloop
  endfacet
  facet normal -0.707107 0.707107 0.000000
    outer loop
      vertex -1.455072 0.972248 0.000000
      vertex -0.972248 1.455072 3.500000
      vertex -1.213660 1.213660 0.058242
    endloop
  endfacet
  facet normal -0.382683 0.923880 0.000000
    outer loop
      vertex -0.485642 1.656631 2.699768
      vertex -0.972248 1.455072 0.000000
      vertex -0.498882 1.651146 2.705645
    endloop
  endfacet
  facet normal -0.382683 0.923880 0.000000
    outer loop
      vertex -0.972248 1.455072 0.000000
      vertex -0.972248 1.455072 3.500000
      vertex -0.813008 1.521031 3.500000
    endloop
  endfacet
  facet normal -0.382683 0.923880 0.000000
    outer loop
      vertex -0.972248 1.455072 0.000000
      vertex -0.813008 1.521031 3.500000
      vertex -0.656828 1.585723 3.441758
    endloop
  endfacet
  facet normal -0.382683 0.923880 0.000000
    outer loop
      vertex -0.656828 1.585723 3.441758
      vertex -0.500648 1.650415 3.500000
      vertex -0.341408 1.716374 3.500000
    endloop
  endfacet
  facet normal -0.382683 0.923880 0.000000
    outer loop
      vertex -0.656828 1.585723 3.441758
      vertex -0.341408 1.716374 3.500000
      vertex -0.393296 1.694881 3.212117
    endloop
  endfacet
  facet normal -0.382683 0.923880 0.000000
    outer loop
      vertex -0.656828 1.585723 3.441758
      vertex -0.393296 1.694881 3.212117
      vertex -0.424264 1.682054 3.189710
    endloop
  endfacet
  facet normal -0.382683 0.923880 0.000000
    outer loop
      vertex -0.656828 1.585723 3.441758
      vertex -0.424264 1.682054 3.189710
      vertex -0.498882 1.651146 3.118499
    endloop
  endfacet
  facet normal -0.382683 0.923880 0.000000
    outer loop
      vertex -0.656828 1.585723 3.441758
      vertex -0.498882 1.651146 3.118499
      vertex -0.554328 1.628180 3.044602
    endloop
  endfacet
  facet normal -0.382683 0.923880 0.000000
    outer loop
      vertex -0.656828 1.585723 3.441758
      vertex -0.554328 1.628180 3.044602
      vertex -0.588471 1.614037 2.970859
    endloop
  endfacet
  facet normal -0.382683 0.923880 0.000000
    outer loop
      vertex -0.656828 1.585723 3.441758
      vertex -0.588471 1.614037 2.970859
      vertex -0.588685 1.613949 2.969545
    endloop
  endfacet
  facet normal -0.382683 0.923880 0.000000
    outer loop
      vertex -0.656828 1.585723 3.441758
      vertex -0.588685 1.613949 2.969545
      vertex -0.600000 1.609262 2.889482
    endloop
  endfacet
  facet normal -0.382683 0.923880 0.000000
    outer loop
      vertex -0.972248 1.455072 0.000000
      vertex -0.656828 1.585723 3.441758
      vertex -0.600000 1.609262 2.889482
    endloop
  endfacet
  facet normal -0.382683 0.923880 0.000000
    outer loop
      vertex -0.972248 1.455072 0.000000
      vertex -0.600000 1.609262 2.889482
      vertex -0.588471 1.614037 2.816250
    endloop
  endfacet
  facet normal -0.382683 0.923880 0.000000
    outer loop
      vertex -0.972248 1.455072 0.000000
      vertex -0.588471 1.614037 2.816250
      vertex -0.554328 1.628180 2.754175
    endloop
  endfacet
  facet normal -0.382683 0.923880 0.000000
    outer loop
      vertex -0.972248 1.455072 0.000000
      vertex -0.554328 1.628180 2.754175
      vertex -0.498882 1.651146 2.705645
    endloop
  endfacet
  facet normal -0.382683 0.923880 0.000000
    outer loop
      vertex -0.341408 1.716374 2.657543
      vertex -0.341408 1.716374 0.837264
      vertex -0.424264 1.682054 2.672524
    endloop
  endfacet
  facet normal -0.382683 0.923880 0.000000
    outer loop
      vertex -0.393296 1.694881 3.212117
      vertex -0.341408 1.716374 3.500000
      vertex -0.341408 1.716374 3.249661
    endloop
  endfacet
  facet normal -0.382683 0.923880 0.000000
    outer loop
      vertex -0.341408 1.716374 0.000000
      vertex -0.500648 1.650415 0.000000
      vertex -0.656828 1.585723 0.058242
    endloop
  endfacet
  facet normal -0.382683 0.923880 0.000000
    outer loop
      vertex -0.341408 1.716374 0.252389
      vertex -0.341408 1.716374 0.000000
      vertex -0.656828 1.585723 0.058242
    endloop
  endfacet
  facet normal -0.382683 0.923880 0.000000
    outer loop
      vertex -0.424264 1.682054 0.306501
      vertex -0.341408 1.716374 0.252389
      vertex -0.656828 1.585723 0.058242
    endloop
  endfacet
  facet normal -0.382683 0.923880 0.000000
    outer loop
      vertex -0.471822 1.662355 0.348018
      vertex -0.424264 1.682054 0.306501
      vertex -0.656828 1.585723 0.058242
    endloop
  endfacet
  facet normal -0.382683 0.923880 0.000000
    outer loop
      vertex -0.498882 1.651146 0.376457
      vertex -0.471822 1.662355 0.348018
      vertex -0.656828 1.585723 0.058242
    endloop
  endfacet
  facet normal -0.382683 0.923880 0.000000
    outer loop
      vertex -0.554328 1.628180 0.456995
      vertex -0.498882 1.651146 0.376457
      vertex -0.656828 1.585723 0.058242
    endloop
  endfacet
  facet normal -0.382683 0.923880 0.000000
    outer loop
      vertex -0.588471 1.614037 0.536554
      vertex -0.554328 1.628180 0.456995
      vertex -0.656828 1.585723 0.058242
    endloop
  endfacet
  facet normal -0.382683 0.923880 0.000000
    outer loop
      vertex -0.600000 1.609262 0.612076
      vertex -0.588471 1.614037 0.536554
      vertex -0.656828 1.585723 0.058242
    endloop
  endfacet
  facet normal -0.382683 0.923880 0.000000
    outer loop
      vertex -0.600000 1.609262 0.612076
      vertex -0.656828 1.585723 0.058242
      vertex -0.813008 1.521031 0.000000
    endloop
  endfacet
  facet normal -0.382683 0.923880 0.000000
    outer loop
      vertex -0.588471 1.614037 0.680658
      vertex -0.600000 1.609262 0.612076
      vertex -0.813008 1.521031 0.000000
    endloop
  endfacet
  facet normal -0.382683 0.923880 0.000000
    outer loop
      vertex -0.588471 1.614037 0.680658
      vertex -0.813008 1.521031 0.000000
      vertex -0.972248 1.455072 0.000000
    endloop
  endfacet
  facet normal -0.382683 0.923880 0.000000
    outer loop
      vertex -0.588471 1.614037 0.680658
      vertex -0.972248 1.455072 0.000000
      vertex -0.485642 1.656631 2.699768
    endloop
  endfacet
  facet normal -0.382683 0.923880 0.000000
    outer loop
      vertex -0.554328 1.628180 0.739667
      vertex -0.588471 1.614037 0.680658
      vertex -0.485642 1.656631 2.699768
    endloop
  endfacet
  facet normal -0.382683 0.923880 0.000000
    outer loop
      vertex -0.521251 1.641881 0.767804
      vertex -0.554328 1.628180 0.739667
      vertex -0.485642 1.656631 2.699768
    endloop
  endfacet
  facet normal -0.382683 0.923880 0.000000
    outer loop
      vertex -0.498882 1.651146 0.788270
      vertex -0.521251 1.641881 0.767804
      vertex -0.485642 1.656631 2.699768
    endloop
  endfacet
  facet normal -0.382683 0.923880 0.000000
    outer loop
      vertex -0.424264 1.682054 0.821462
      vertex -0.498882 1.651146 0.788270
      vertex -0.485642 1.656631 2.699768
    endloop
  endfacet
  facet normal -0.382683 0.923880 0.000000
    outer loop
      vertex -0.399967 1.692119 0.825305
      vertex -0.424264 1.682054 0.821462
      vertex -0.485642 1.656631 2.699768
    endloop
  endfacet
  facet normal -0.382683 0.923880 0.000000
    outer loop
      vertex -0.341408 1.716374 0.837264
      vertex -0.399967 1.692119 0.825305
      vertex -0.485642 1.656631 2.699768
    endloop
  endfacet
  facet normal -0.382683 0.923880 0.000000
    outer loop
      vertex -0.341408 1.716374 0.837264
      vertex -0.485642 1.656631 2.699768
      vertex -0.424264 1.682054 2.672524
    endloop
  endfacet
  facet normal 0.000000 1.000000 0.000000
    outer loop
      vertex -0.295088 1.716374 0.237429
      vertex -0.341408 1.716374 0.000000
      vertex -0.333342 1.716374 0.248731
    endloop
  endfacet
  facet normal 0.000000 1.000000 0.000000
    outer loop
      vertex 0.341408 1.716374 3.500000
      vertex 0.000000 1.716374 3.441758
      vertex 0.169048 1.716374 3.500000
    endloop
  endfacet
  facet normal 0.000000 1.000000 0.000000
    outer loop
      vertex 0.167451 1.716374 2.608324
      vertex -0.168148 1.716374 0.888102
      vertex 0.000000 1.716374 2.586299
    endloop
  endfacet
  facet normal 0.000000 1.000000 0.000000
    outer loop
      vertex -0.341408 1.716374 0.000000
      vertex -0.341408 1.716374 0.252389
      vertex -0.333342 1.716374 0.248731
    endloop
  endfacet
  facet normal 0.000000 1.000000 0.000000
    outer loop
      vertex -0.341408 1.716374 3.249661
      vertex -0.341408 1.716374 3.500000
      vertex -0.169048 1.716374 3.500000
    endloop
  endfacet
  facet normal 0.000000 1.000000 0.000000
    outer loop
      vertex -0.333342 1.716374 3.253501
      vertex -0.341408 1.716374 3.249661
      vertex -0.169048 1.716374 3.500000
    endloop
  endfacet
  facet normal 0.000000 1.000000 0.000000
    outer loop
      vertex -0.229610 1.716374 3.285665
      vertex -0.333342 1.716374 3.253501
      vertex -0.169048 1.716374 3.500000
    endloop
  endfacet
  facet normal 0.000000 1.000000 0.000000
    outer loop
      vertex 0.000000 1.716374 3.312159
      vertex -0.229610 1.716374 3.285665
      vertex -0.169048 1.716374 3.500000
    endloop
  endfacet
  facet normal 0.000000 1.000000 0.000000
    outer loop
      vertex 0.229610 1.716374 3.285665
      vertex 0.000000 1.716374 3.312159
      vertex -0.169048 1.716374 3.500000
    endloop
  endfacet
  facet normal 0.000000 1.000000 0.000000
    outer loop
      vertex 0.295601 1.716374 3.265203
      vertex 0.229610 1.716374 3.285665
      vertex -0.169048 1.716374 3.500000
    endloop
  endfacet
  facet normal 0.000000 1.000000 0.000000
    outer loop
      vertex 0.295601 1.716374 3.265203
      vertex -0.169048 1.716374 3.500000
      vertex 0.000000 1.716374 3.441758
    endloop
  endfacet
  facet normal 0.000000 1.000000 0.000000
    outer loop
      vertex 0.341408 1.716374 3.500000
      vertex 0.295601 1.716374 3.265203
      vertex 0.000000 1.716374 3.441758
    endloop
  endfacet
  facet normal 0.000000 1.000000 0.000000
    outer loop
      vertex -0.341408 1.716374 0.837264
      vertex -0.341408 1.716374 2.657543
      vertex -0.333342 1.716374 2.653166
    endloop
  endfacet
  facet normal 0.000000 1.000000 0.000000
    outer loop
      vertex -0.333342 1.716374 0.841339
      vertex -0.341408 1.716374 0.837264
      vertex -0.333342 1.716374 2.653166
    endloop
  endfacet
  facet normal 0.000000 1.000000 0.000000
    outer loop
      vertex -0.297692 1.716374 0.853068
      vertex -0.333342 1.716374 0.841339
      vertex -0.333342 1.716374 2.653166
    endloop
  endfacet
  facet normal 0.000000 1.000000 0.000000
    outer loop
      vertex -0.229610 1.716374 0.879292
      vertex -0.297692 1.716374 0.853068
      vertex -0.333342 1.716374 2.653166
    endloop
  endfacet
  facet normal 0.000000 1.000000 0.000000
    outer loop
      vertex -0.168148 1.716374 0.888102
      vertex -0.229610 1.716374 0.879292
      vertex -0.333342 1.716374 2.653166
    endloop
  endfacet
  facet normal 0.000000 1.000000 0.000000
    outer loop
      vertex -0.168148 1.716374 0.888102
      vertex -0.333342 1.716374 2.653166
      vertex -0.229610 1.716374 2.616501
    endloop
  endfacet
  facet normal 0.000000 1.000000 0.000000
    outer loop
      vertex -0.168148 1.716374 0.888102
      vertex -0.229610 1.716374 2.616501
      vertex 0.000000 1.716374 2.586299
    endloop
  endfacet
  facet normal 0.000000 1.000000 0.000000
    outer loop
      vertex 0.333342 1.716374 3.253501
      vertex 0.341408 1.716374 3.500000
      vertex 0.341408 1.716374 3.249661
    endloop
  endfacet
  facet normal 0.000000 1.000000 0.000000
    outer loop
      vertex 0.341408 1.716374 0.252389
      vertex 0.341408 1.716374 0.000000
      vertex 0.333342 1.716374 0.248731
    endloop
  endfacet
  facet normal 0.000000 1.000000 0.000000
    outer loop
      vertex 0.341408 1.716374 0.837264
      vertex 0.333342 1.716374 2.653166
      vertex 0.341408 1.716374 2.657543
    endloop
  endfacet
  facet normal 0.000000 1.000000 0.000000
    outer loop
      vertex 0.333342 1.716374 3.253501
      vertex 0.295601 1.716374 3.265203
      vertex 0.341408 1.716374 3.500000
    endloop
  endfacet
  facet normal 0.000000 1.000000 0.000000
    outer loop
      vertex -0.341408 1.716374 0.000000
      vertex -0.295088 1.716374 0.237429
      vertex -0.229610 1.716374 0.218084
    endloop
  endfacet
  facet normal 0.000000 1.000000 0.000000
    outer loop
      vertex -0.169048 1.716374 0.000000
      vertex -0.341408 1.716374 0.000000
      vertex -0.229610 1.716374 0.218084
    endloop
  endfacet
  facet normal 0.000000 1.000000 0.000000
    outer loop
      vertex 0.000000 1.716374 0.058242
      vertex -0.169048 1.716374 0.000000
      vertex -0.229610 1.716374 0.218084
    endloop
  endfacet
  facet normal 0.000000 1.000000 0.000000
    outer loop
      vertex 0.169048 1.716374 0.000000
      vertex 0.000000 1.716374 0.058242
      vertex -0.229610 1.716374 0.218084
    endloop
  endfacet
  facet normal 0.000000 1.000000 0.000000
    outer loop
      vertex 0.341408 1.716374 0.000000
      vertex 0.169048 1.716374 0.000000
      vertex -0.229610 1.716374 0.218084
    endloop
  endfacet
  facet normal 0.000000 1.000000 0.000000
    outer loop
      vertex 0.341408 1.716374 0.000000
      vertex -0.229610 1.716374 0.218084
      vertex 0.000000 1.716374 0.192840
    endloop
  endfacet
  facet normal 0.000000 1.000000 0.000000
    outer loop
      vertex 0.341408 1.716374 0.000000
      vertex 0.000000 1.716374 0.192840
      vertex 0.229610 1.716374 0.218084
    endloop
  endfacet
  facet normal 0.000000 1.000000 0.000000
    outer loop
      vertex 0.341408 1.716374 0.000000
      vertex 0.229610 1.716374 0.218084
      vertex 0.333342 1.716374 0.248731
    endloop
  endfacet
  facet normal 0.000000 1.000000 0.000000
    outer loop
      vertex 0.333342 1.716374 0.841339
      vertex 0.297692 1.716374 0.853068
      vertex 0.229610 1.716374 0.879292
    endloop
  endfacet
  facet normal 0.000000 1.000000 0.000000
    outer loop
      vertex 0.000000 1.716374 0.912204
      vertex -0.168148 1.716374 0.888102
      vertex 0.167451 1.716374 2.608324
    endloop
  endfacet
  facet normal 0.000000 1.000000 0.000000
    outer loop
      vertex 0.229610 1.716374 0.879292
      vertex 0.000000 1.716374 0.912204
      vertex 0.167451 1.716374 2.608324
    endloop
  endfacet
  facet normal 0.000000 1.000000 0.000000
    outer loop
      vertex 0.333342 1.716374 0.841339
      vertex 0.229610 1.716374 0.879292
      vertex 0.167451 1.716374 2.608324
    endloop
  endfacet
  facet normal 0.000000 1.000000 0.000000
    outer loop
      vertex 0.341408 1.716374 0.837264
      vertex 0.333342 1.716374 0.841339
      vertex 0.167451 1.716374 2.608324
    endloop
  endfacet
  facet normal 0.000000 1.000000 0.000000
    outer loop
      vertex 0.341408 1.716374 0.837264
      vertex 0.167451 1.716374 2.608324
      vertex 0.229610 1.716374 2.616501
    endloop
  endfacet
  facet normal 0.000000 1.000000 0.000000
    outer loop
      vertex 0.341408 1.716374 0.837264
      vertex 0.229610 1.716374 2.616501
      vertex 0.333342 1.716374 2.653166
    endloop
  endfacet
  facet normal 0.382683 0.923880 0.000000
    outer loop
      vertex 0.392968 1.695017 0.286062
      vertex 0.341408 1.716374 0.000000
      vertex 0.341408 1.716374 0.252389
    endloop
  endfacet
  facet normal 0.382683 0.923880 0.000000
    outer loop
      vertex 0.588685 1.613949 2.969545
      vertex 0.656828 1.585723 3.441758
      vertex 0.600000 1.609262 2.889482
    endloop
  endfacet
  facet normal 0.382683 0.923880 0.000000
    outer loop
      vertex 0.341408 1.716374 0.837264
      vertex 0.341408 1.716374 2.657543
      vertex 0.424264 1.682054 2.672524
    endloop
  endfacet
  facet normal 0.382683 0.923880 0.000000
    outer loop
      vertex 0.399967 1.692119 0.825305
      vertex 0.341408 1.716374 0.837264
      vertex 0.424264 1.682054 2.672524
    endloop
  endfacet
  facet normal 0.382683 0.923880 0.000000
    outer loop
      vertex 0.424264 1.682054 0.821462
      vertex 0.399967 1.692119 0.825305
      vertex 0.424264 1.682054 2.672524
    endloop
  endfacet
  facet normal 0.382683 0.923880 0.000000
    outer loop
      vertex 0.484629 1.657050 0.794610
      vertex 0.424264 1.682054 0.821462
      vertex 0.424264 1.682054 2.672524
    endloop
  endfacet
  facet normal 0.382683 0.923880 0.000000
    outer loop
      vertex 0.484629 1.657050 0.794610
      vertex 0.424264 1.682054 2.672524
      vertex 0.498882 1.651146 2.705645
    endloop
  endfacet
  facet normal 0.382683 0.923880 0.000000
    outer loop
      vertex 0.484629 1.657050 0.794610
      vertex 0.498882 1.651146 2.705645
      vertex 0.554328 1.628180 2.754175
    endloop
  endfacet
  facet normal 0.382683 0.923880 0.000000
    outer loop
      vertex 0.972248 1.455072 3.500000
      vertex 0.484629 1.657050 0.794610
      vertex 0.554328 1.628180 2.754175
    endloop
  endfacet
  facet normal 0.382683 0.923880 0.000000
    outer loop
      vertex 0.972248 1.455072 3.500000
      vertex 0.554328 1.628180 2.754175
      vertex 0.588471 1.614037 2.816250
    endloop
  endfacet
  facet normal 0.382683 0.923880 0.000000
    outer loop
      vertex 0.813008 1.521031 3.500000
      vertex 0.972248 1.455072 3.500000
      vertex 0.588471 1.614037 2.816250
    endloop
  endfacet
  facet normal 0.382683 0.923880 0.000000
    outer loop
      vertex 0.813008 1.521031 3.500000
      vertex 0.588471 1.614037 2.816250
      vertex 0.600000 1.609262 2.889482
    endloop
  endfacet
  facet normal 0.382683 0.923880 0.000000
    outer loop
      vertex 0.656828 1.585723 3.441758
      vertex 0.813008 1.521031 3.500000
      vertex 0.600000 1.609262 2.889482
    endloop
  endfacet
  facet normal 0.382683 0.923880 0.000000
    outer loop
      vertex 0.424264 1.682054 3.189710
      vertex 0.341408 1.716374 3.249661
      vertex 0.341408 1.716374 3.500000
    endloop
  endfacet
  facet normal 0.382683 0.923880 0.000000
    outer loop
      vertex 0.498882 1.651146 3.118499
      vertex 0.424264 1.682054 3.189710
      vertex 0.341408 1.716374 3.500000
    endloop
  endfacet
  facet normal 0.382683 0.923880 0.000000
    outer loop
      vertex 0.554328 1.628180 3.044602
      vertex 0.498882 1.651146 3.118499
      vertex 0.341408 1.716374 3.500000
    endloop
  endfacet
  facet normal 0.382683 0.923880 0.000000
    outer loop
      vertex 0.554328 1.628180 3.044602
      vertex 0.341408 1.716374 3.500000
      vertex 0.500648 1.650415 3.500000
    endloop
  endfacet
  facet normal 0.382683 0.923880 0.000000
    outer loop
      vertex 0.588471 1.614037 2.970859
      vertex 0.554328 1.628180 3.044602
      vertex 0.500648 1.650415 3.500000
    endloop
  endfacet
  facet normal 0.382683 0.923880 0.000000
    outer loop
      vertex 0.588471 1.614037 2.970859
      vertex 0.500648 1.650415 3.500000
      vertex 0.656828 1.585723 3.441758
    endloop
  endfacet
  facet normal 0.382683 0.923880 0.000000
    outer loop
      vertex 0.588685 1.613949 2.969545
      vertex 0.588471 1.614037 2.970859
      vertex 0.656828 1.585723 3.441758
    endloop
  endfacet
  facet normal 0.382683 0.923880 0.000000
    outer loop
      vertex 0.484629 1.657050 0.794610
      vertex 0.972248 1.455072 3.500000
      vertex 0.498882 1.651146 0.788270
    endloop
  endfacet
  facet normal 0.382683 0.923880 0.000000
    outer loop
      vertex 0.341408 1.716374 0.000000
      vertex 0.392968 1.695017 0.286062
      vertex 0.424264 1.682054 0.306501
    endloop
  endfacet
  facet normal 0.382683 0.923880 0.000000
    outer loop
      vertex 0.500648 1.650415 0.000000
      vertex 0.341408 1.716374 0.000000
      vertex 0.424264 1.682054 0.306501
    endloop
  endfacet
  facet normal 0.382683 0.923880 0.000000
    outer loop
      vertex 0.656828 1.585723 0.058242
      vertex 0.500648 1.650415 0.000000
      vertex 0.424264 1.682054 0.306501
    endloop
  endfacet
  facet normal 0.382683 0.923880 0.000000
    outer loop
      vertex 0.813008 1.521031 0.000000
      vertex 0.656828 1.585723 0.058242
      vertex 0.424264 1.682054 0.306501
    endloop
  endfacet
  facet normal 0.382683 0.923880 0.000000
    outer loop
      vertex 0.972248 1.455072 0.000000
      vertex 0.813008 1.521031 0.000000
      vertex 0.424264 1.682054 0.306501
    endloop
  endfacet
  facet normal 0.382683 0.923880 0.000000
    outer loop
      vertex 0.972248 1.455072 0.000000
      vertex 0.424264 1.682054 0.306501
      vertex 0.471822 1.662355 0.348018
    endloop
  endfacet
  facet normal 0.382683 0.923880 0.000000
    outer loop
      vertex 0.972248 1.455072 0.000000
      vertex 0.471822 1.662355 0.348018
      vertex 0.498882 1.651146 0.376457
    endloop
  endfacet
  facet normal 0.382683 0.923880 0.000000
    outer loop
      vertex 0.972248 1.455072 0.000000
      vertex 0.498882 1.651146 0.376457
      vertex 0.554328 1.628180 0.456995
    endloop
  endfacet
  facet normal 0.382683 0.923880 0.000000
    outer loop
      vertex 0.972248 1.455072 0.000000
      vertex 0.554328 1.628180 0.456995
      vertex 0.588471 1.614037 0.536554
    endloop
  endfacet
  facet normal 0.382683 0.923880 0.000000
    outer loop
      vertex 0.972248 1.455072 0.000000
      vertex 0.588471 1.614037 0.536554
      vertex 0.600000 1.609262 0.612076
    endloop
  endfacet
  facet normal 0.382683 0.923880 0.000000
    outer loop
      vertex 0.972248 1.455072 3.500000
      vertex 0.972248 1.455072 0.000000
      vertex 0.600000 1.609262 0.612076
    endloop
  endfacet
  facet normal 0.382683 0.923880 0.000000
    outer loop
      vertex 0.972248 1.455072 3.500000
      vertex 0.600000 1.609262 0.612076
      vertex 0.588471 1.614037 0.680658
    endloop
  endfacet
  facet normal 0.382683 0.923880 0.000000
    outer loop
      vertex 0.972248 1.455072 3.500000
      vertex 0.588471 1.614037 0.680658
      vertex 0.554328 1.628180 0.739667
    endloop
  endfacet
  facet normal 0.382683 0.923880 0.000000
    outer loop
      vertex 0.972248 1.455072 3.500000
      vertex 0.554328 1.628180 0.739667
      vertex 0.521251 1.641881 0.767804
    endloop
  endfacet
  facet normal 0.382683 0.923880 0.000000
    outer loop
      vertex 0.972248 1.455072 3.500000
      vertex 0.521251 1.641881 0.767804
      vertex 0.498882 1.651146 0.788270
    endloop
  endfacet
  facet normal 0.707107 0.707107 0.000000
    outer loop
      vertex 1.455072 0.972248 3.500000
      vertex 1.213660 1.213660 3.441758
      vertex 1.333195 1.094125 3.500000
    endloop
  endfacet
  facet normal 0.707107 0.707107 0.000000
    outer loop
      vertex 0.972248 1.455072 0.000000
      vertex 0.972248 1.455072 3.500000
      vertex 1.094125 1.333195 3.500000
    endloop
  endfacet
  facet normal 0.707107 0.707107 0.000000
    outer loop
      vertex 0.972248 1.455072 0.000000
      vertex 1.094125 1.333195 3.500000
      vertex 1.213660 1.213660 3.441758
    endloop
  endfacet
  facet normal 0.707107 0.707107 0.000000
    outer loop
      vertex 1.455072 0.972248 3.500000
      vertex 0.972248 1.455072 0.000000
      vertex 1.213660 1.213660 3.441758
    endloop
  endfacet
  facet normal 0.707107 0.707107 0.000000
    outer loop
      vertex 0.972248 1.455072 0.000000
      vertex 1.213660 1.213660 0.058242
      vertex 1.094125 1.333195 0.000000
    endloop
  endfacet
  facet normal 0.707107 0.707107 0.000000
    outer loop
      vertex 1.455072 0.972248 3.500000
      vertex 1.455072 0.972248 0.000000
      vertex 1.333195 1.094125 0.000000
    endloop
  endfacet
  facet normal 0.707107 0.707107 0.000000
    outer loop
      vertex 1.455072 0.972248 3.500000
      vertex 1.333195 1.094125 0.000000
      vertex 1.213660 1.213660 0.058242
    endloop
  endfacet
  facet normal 0.707107 0.707107 0.000000
    outer loop
      vertex 0.972248 1.455072 0.000000
      vertex 1.455072 0.972248 3.500000
      vertex 1.213660 1.213660 0.058242
    endloop
  endfacet
  facet normal 0.923880 0.382683 0.000000
    outer loop
      vertex 1.716374 0.341408 3.500000
      vertex 1.585723 0.656828 3.441758
      vertex 1.650415 0.500648 3.500000
    endloop
  endfacet
  facet normal 0.923880 0.382683 0.000000
    outer loop
      vertex 1.455072 0.972248 0.000000
      vertex 1.455072 0.972248 3.500000
      vertex 1.521031 0.813008 3.500000
    endloop
  endfacet
  facet normal 0.923880 0.382683 0.000000
    outer loop
      vertex 1.455072 0.972248 0.000000
      vertex 1.521031 0.813008 3.500000
      vertex 1.585723 0.656828 3.441758
    endloop
  endfacet
  facet normal 0.923880 0.382683 0.000000
    outer loop
      vertex 1.716374 0.341408 3.500000
      vertex 1.455072 0.972248 0.000000
      vertex 1.585723 0.656828 3.441758
    endloop
  endfacet
  facet normal 0.923880 0.382683 0.000000
    outer loop
      vertex 1.455072 0.972248 0.000000
      vertex 1.585723 0.656828 0.058242
      vertex 1.521031 0.813008 0.000000
    endloop
  endfacet
  facet normal 0.923880 0.382683 0.000000
    outer loop
      vertex 1.716374 0.341408 3.500000
      vertex 1.716374 0.341408 0.000000
      vertex 1.650415 0.500648 0.000000
    endloop
  endfacet
  facet normal 0.923880 0.382683 0.000000
    outer loop
      vertex 1.716374 0.341408 3.500000
      vertex 1.650415 0.500648 0.000000
      vertex 1.585723 0.656828 0.058242
    endloop
  endfacet
  facet normal 0.923880 0.382683 0.000000
    outer loop
      vertex 1.455072 0.972248 0.000000
      vertex 1.716374 0.341408 3.500000
      vertex 1.585723 0.656828 0.058242
    endloop
  endfacet
  facet normal 1.000000 0.000000 0.000000
    outer loop
      vertex 1.716374 -0.341408 3.500000
      vertex 1.716374 -0.000000 3.441758
      vertex 1.716374 -0.169048 3.500000
    endloop
  endfacet
  facet normal 1.000000 0.000000 0.000000
    outer loop
      vertex 1.716374 0.341408 3.500000
      vertex 1.716374 0.169048 3.500000
      vertex 1.716374 -0.000000 3.441758
    endloop
  endfacet
  facet normal 1.000000 0.000000 0.000000
    outer loop
      vertex 1.716374 0.341408 0.000000
      vertex 1.716374 0.341408 3.500000
      vertex 1.716374 -0.000000 3.441758
    endloop
  endfacet
  facet normal 1.000000 0.000000 0.000000
    outer loop
      vertex 1.716374 -0.341408 3.500000
      vertex 1.716374 0.341408 0.000000
      vertex 1.716374 -0.000000 3.441758
    endloop
  endfacet
  facet normal 1.000000 0.000000 0.000000
    outer loop
      vertex 1.716374 0.341408 0.000000
      vertex 1.716374 -0.000000 0.058242
      vertex 1.716374 0.169048 0.000000
    endloop
  endfacet
  facet normal 1.000000 0.000000 0.000000
    outer loop
      vertex 1.716374 -0.341408 3.500000
      vertex 1.716374 -0.341408 0.000000
      vertex 1.716374 -0.169048 0.000000
    endloop
  endfacet
  facet normal 1.000000 0.000000 0.000000
    outer loop
      vertex 1.716374 -0.341408 3.500000
      vertex 1.716374 -0.169048 0.000000
      vertex 1.716374 -0.000000 0.058242
    endloop
  endfacet
  facet normal 1.000000 0.000000 0.000000
    outer loop
      vertex 1.716374 0.341408 0.000000
      vertex 1.716374 -0.341408 3.500000
      vertex 1.716374 -0.000000 0.058242
    endloop
  endfacet
  facet normal 0.923880 -0.382683 0.000000
    outer loop
      vertex 1.455072 -0.972248 3.500000
      vertex 1.585723 -0.656828 3.441758
      vertex 1.521031 -0.813008 3.500000
    endloop
  endfacet
  facet normal 0.923880 -0.382683 0.000000
    outer loop
      vertex 1.716374 -0.341408 3.500000
      vertex 1.650415 -0.500648 3.500000
      vertex 1.585723 -0.656828 3.441758
    endloop
  endfacet
  facet normal 0.923880 -0.382683 0.000000
    outer loop
      vertex 1.716374 -0.341408 0.000000
      vertex 1.716374 -0.341408 3.500000
      vertex 1.585723 -0.656828 3.441758
    endloop
  endfacet
  facet normal 0.923880 -0.382683 0.000000
    outer loop
      vertex 1.455072 -0.972248 3.500000
      vertex 1.716374 -0.341408 0.000000
      vertex 1.585723 -0.656828 3.441758
    endloop
  endfacet
  facet normal 0.923880 -0.382683 0.000000
    outer loop
      vertex 1.716374 -0.341408 0.000000
      vertex 1.585723 -0.656828 0.058242
      vertex 1.650415 -0.500648 0.000000
    endloop
  endfacet
  facet normal 0.923880 -0.382683 0.000000
    outer loop
      vertex 1.455072 -0.972248 3.500000
      vertex 1.455072 -0.972248 0.000000
      vertex 1.521031 -0.813008 0.000000
    endloop
  endfacet
  facet normal 0.923880 -0.382683 0.000000
    outer loop
      vertex 1.455072 -0.972248 3.500000
      vertex 1.521031 -0.813008 0.000000
      vertex 1.585723 -0.656828 0.058242
    endloop
  endfacet
  facet normal 0.923880 -0.382683 0.000000
    outer loop
      vertex 1.716374 -0.341408 0.000000
      vertex 1.455072 -0.972248 3.500000
      vertex 1.585723 -0.656828 0.058242
    endloop
  endfacet
  facet normal 0.707107 -0.707107 0.000000
    outer loop
      vertex 0.972248 -1.455072 3.500000
      vertex 1.213660 -1.213660 3.441758
      vertex 1.094125 -1.333195 3.500000
    endloop
  endfacet
  facet normal 0.707107 -0.707107 0.000000
    outer loop
      vertex 1.455072 -0.972248 3.500000
      vertex 1.333195 -1.094125 3.500000
      vertex 1.213660 -1.213660 3.441758
    endloop
  endfacet
  facet normal 0.707107 -0.707107 0.000000
    outer loop
      vertex 1.455072 -0.972248 0.000000
      vertex 1.455072 -0.972248 3.500000
      vertex 1.213660 -1.213660 3.441758
    endloop
  endfacet
  facet normal 0.707107 -0.707107 0.000000
    outer loop
      vertex 0.972248 -1.455072 3.500000
      vertex 1.455072 -0.972248 0.000000
      vertex 1.213660 -1.213660 3.441758
    endloop
  endfacet
  facet normal 0.707107 -0.707107 0.000000
    outer loop
      vertex 1.455072 -0.972248 0.000000
      vertex 1.213660 -1.213660 0.058242
      vertex 1.333195 -1.094125 0.000000
    endloop
  endfacet
  facet normal 0.707107 -0.707107 0.000000
    outer loop
      vertex 0.972248 -1.455072 3.500000
      vertex 0.972248 -1.455072 0.000000
      vertex 1.094125 -1.333195 0.000000
    endloop
  endfacet
  facet normal 0.707107 -0.707107 0.000000
    outer loop
      vertex 0.972248 -1.455072 3.500000
      vertex 1.094125 -1.333195 0.000000
      vertex 1.213660 -1.213660 0.058242
    endloop
  endfacet
  facet normal 0.707107 -0.707107 0.000000
    outer loop
      vertex 1.455072 -0.972248 0.000000
      vertex 0.972248 -1.455072 3.500000
      vertex 1.213660 -1.213660 0.058242
    endloop
  endfacet
  facet normal 0.382683 -0.923880 0.000000
    outer loop
      vertex 0.341408 -1.716374 3.500000
      vertex 0.656828 -1.585723 3.441758
      vertex 0.500648 -1.650415 3.500000
    endloop
  endfacet
  facet normal 0.382683 -0.923880 0.000000
    outer loop
      vertex 0.972248 -1.455072 3.500000
      vertex 0.813008 -1.521031 3.500000
      vertex 0.656828 -1.585723 3.441758
    endloop
  endfacet
  facet normal 0.382683 -0.923880 0.000000
    outer loop
      vertex 0.972248 -1.455072 0.000000
      vertex 0.972248 -1.455072 3.500000
      vertex 0.656828 -1.585723 3.441758
    endloop
  endfacet
  facet normal 0.382683 -0.923880 0.000000
    outer loop
      vertex 0.341408 -1.716374 3.500000
      vertex 0.972248 -1.455072 0.000000
      vertex 0.656828 -1.585723 3.441758
    endloop
  endfacet
  facet normal 0.382683 -0.923880 0.000000
    outer loop
      vertex 0.972248 -1.455072 0.000000
      vertex 0.656828 -1.585723 0.058242
      vertex 0.813008 -1.521031 0.000000
    endloop
  endfacet
  facet normal 0.382683 -0.923880 0.000000
    outer loop
      vertex 0.341408 -1.716374 3.500000
      vertex 0.341408 -1.716374 0.000000
      vertex 0.500648 -1.650415 0.000000
    endloop
  endfacet
  facet normal 0.382683 -0.923880 0.000000
    outer loop
      vertex 0.341408 -1.716374 3.500000
      vertex 0.500648 -1.650415 0.000000
      vertex 0.656828 -1.585723 0.058242
    endloop
  endfacet
  facet normal 0.382683 -0.923880 0.000000
    outer loop
      vertex 0.972248 -1.455072 0.000000
      vertex 0.341408 -1.716374 3.500000
      vertex 0.656828 -1.585723 0.058242
    endloop
  endfacet
  facet normal -0.000000 0.000000 1.000000
    outer loop
      vertex -0.169048 -1.716374 3.500000
      vertex -0.500648 -1.650415 3.500000
      vertex -0.341408 -1.716374 3.500000
    endloop
  endfacet
  facet normal -0.000000 0.000000 1.000000
    outer loop
      vertex -1.142739 -0.937821 3.500000
      vertex -1.060660 -1.060660 3.500000
      vertex -0.937821 -1.142739 3.500000
    endloop
  endfacet
  facet normal -0.000000 0.000000 1.000000
    outer loop
      vertex -0.813008 -1.521031 3.500000
      vertex -1.094125 -1.333195 3.500000
      vertex -0.972248 -1.455072 3.500000
    endloop
  endfacet
  facet normal -0.000000 0.000000 1.000000
    outer loop
      vertex 1.333195 1.094125 3.500000
      vertex 1.521031 0.813008 3.500000
      vertex 1.455072 0.972248 3.500000
    endloop
  endfacet
  facet normal -0.000000 0.000000 1.000000
    outer loop
      vertex -1.521031 -0.813008 3.500000
      vertex -1.455072 -0.972248 3.500000
      vertex -1.333195 -1.094125 3.500000
    endloop
  endfacet
  facet normal -0.000000 0.000000 1.000000
    outer loop
      vertex -1.716374 -0.169048 3.500000
      vertex -1.716374 -0.341408 3.500000
      vertex -1.650415 -0.500648 3.500000
    endloop
  endfacet
  facet normal -0.000000 0.000000 1.000000
    outer loop
      vertex -1.650415 0.500648 3.500000
      vertex -1.716374 0.341408 3.500000
      vertex -1.716374 0.169048 3.500000
    endloop
  endfacet
  facet normal -0.000000 0.000000 1.000000
    outer loop
      vertex -1.333195 1.094125 3.500000
      vertex -1.455072 0.972248 3.500000
      vertex -1.521031 0.813008 3.500000
    endloop
  endfacet
  facet normal -0.000000 0.000000 1.000000
    outer loop
      vertex -0.813008 1.521031 3.500000
      vertex -0.972248 1.455072 3.500000
      vertex -1.094125 1.333195 3.500000
    endloop
  endfacet
  facet normal -0.000000 0.000000 1.000000
    outer loop
      vertex -0.169048 1.716374 3.500000
      vertex -0.341408 1.716374 3.500000
      vertex -0.500648 1.650415 3.500000
    endloop
  endfacet
  facet normal -0.000000 0.000000 1.000000
    outer loop
      vertex 0.500648 1.650415 3.500000
      vertex 0.341408 1.716374 3.500000
      vertex 0.169048 1.716374 3.500000
    endloop
  endfacet
  facet normal -0.000000 0.000000 1.000000
    outer loop
      vertex 1.094125 1.333195 3.500000
      vertex 0.972248 1.455072 3.500000
      vertex 0.813008 1.521031 3.500000
    endloop
  endfacet
  facet normal -0.000000 0.000000 1.000000
    outer loop
      vertex 1.650415 0.500648 3.500000
      vertex 1.716374 0.169048 3.500000
      vertex 1.716374 0.341408 3.500000
    endloop
  endfacet
  facet normal -0.000000 0.000000 1.000000
    outer loop
      vertex 1.716374 -0.169048 3.500000
      vertex 1.650415 -0.500648 3.500000
      vertex 1.716374 -0.341408 3.500000
    endloop
  endfacet
  facet normal -0.000000 0.000000 1.000000
    outer loop
      vertex 1.521031 -0.813008 3.500000
      vertex 1.333195 -1.094125 3.500000
      vertex 1.455072 -0.972248 3.500000
    endloop
  endfacet
  facet normal -0.000000 0.000000 1.000000
    outer loop
      vertex 1.094125 -1.333195 3.500000
      vertex 0.813008 -1.521031 3.500000
      vertex 0.972248 -1.455072 3.500000
    endloop
  endfacet
  facet normal -0.000000 0.000000 1.000000
    outer loop
      vertex 0.500648 -1.650415 3.500000
      vertex 0.169048 -1.716374 3.500000
      vertex 0.341408 -1.716374 3.500000
    endloop
  endfacet
  facet normal -0.000000 0.000000 1.000000
    outer loop
      vertex -0.574025 -1.385819 3.500000
      vertex -0.429127 -1.414641 3.500000
      vertex -0.696864 -1.303741 3.500000
    endloop
  endfacet
  facet normal -0.000000 0.000000 1.000000
    outer loop
      vertex -1.414641 -0.429127 3.500000
      vertex -1.385819 -0.574025 3.500000
      vertex -1.303741 -0.696864 3.500000
    endloop
  endfacet
  facet normal -0.000000 0.000000 1.000000
    outer loop
      vertex -1.471178 0.144898 3.500000
      vertex -1.500000 0.000000 3.500000
      vertex -1.471178 -0.144898 3.500000
    endloop
  endfacet
  facet normal -0.000000 0.000000 1.000000
    outer loop
      vertex -1.303741 0.696864 3.500000
      vertex -1.385819 0.574025 3.500000
      vertex -1.414641 0.429127 3.500000
    endloop
  endfacet
  facet normal -0.000000 0.000000 1.000000
    outer loop
      vertex -0.937821 1.142739 3.500000
      vertex -1.060660 1.060660 3.500000
      vertex -1.142739 0.937821 3.500000
    endloop
  endfacet
  facet normal -0.000000 0.000000 1.000000
    outer loop
      vertex -0.429127 1.414641 3.500000
      vertex -0.574025 1.385819 3.500000
      vertex -0.696864 1.303741 3.500000
    endloop
  endfacet
  facet normal -0.000000 0.000000 1.000000
    outer loop
      vertex 0.144898 1.471178 3.500000
      vertex 0.000000 1.500000 3.500000
      vertex -0.144898 1.471178 3.500000
    endloop
  endfacet
  facet normal -0.000000 0.000000 1.000000
    outer loop
      vertex 0.696864 1.303741 3.500000
      vertex 0.574025 1.385819 3.500000
      vertex 0.429127 1.414641 3.500000
    endloop
  endfacet
  facet normal -0.000000 0.000000 1.000000
    outer loop
      vertex 1.060660 1.060660 3.500000
      vertex 0.937821 1.142739 3.500000
      vertex 1.142739 0.937821 3.500000
    endloop
  endfacet
  facet normal -0.000000 0.000000 1.000000
    outer loop
      vertex 1.385819 0.574025 3.500000
      vertex 1.303741 0.696864 3.500000
      vertex 1.414641 0.429127 3.500000
    endloop
  endfacet
  facet normal -0.000000 0.000000 1.000000
    outer loop
      vertex 1.500000 -0.000000 3.500000
      vertex 1.471178 0.144898 3.500000
      vertex 1.471178 -0.144898 3.500000
    endloop
  endfacet
  facet normal -0.000000 0.000000 1.000000
    outer loop
      vertex 1.385819 -0.574025 3.500000
      vertex 1.414641 -0.429127 3.500000
      vertex 1.303741 -0.696864 3.500000
    endloop
  endfacet
  facet normal -0.000000 0.000000 1.000000
    outer loop
      vertex 1.060660 -1.060660 3.500000
      vertex 1.142739 -0.937821 3.500000
      vertex 0.937821 -1.142739 3.500000
    endloop
  endfacet
  facet normal -0.000000 0.000000 1.000000
    outer loop
      vertex 0.144898 -1.471178 3.500000
      vertex -0.144898 -1.471178 3.500000
      vertex 0.000000 -1.500000 3.500000
    endloop
  endfacet
  facet normal -0.000000 0.000000 1.000000
    outer loop
      vertex 0.574025 -1.385819 3.500000
      vertex 0.696864 -1.303741 3.500000
      vertex 0.429127 -1.414641 3.500000
    endloop
  endfacet
  facet normal 0.000000 0.000000 -1.000000
    outer loop
      vertex -1.521031 -0.813008 0.000000
      vertex -1.333195 -1.094125 0.000000
      vertex -1.455072 -0.972248 0.000000
    endloop
  endfacet
  facet normal 0.000000 0.000000 -1.000000
    outer loop
      vertex -0.169048 -1.716374 0.000000
      vertex -0.341408 -1.716374 0.000000
      vertex -0.500648 -1.650415 0.000000
    endloop
  endfacet
  facet normal 0.000000 0.000000 -1.000000
    outer loop
      vertex -0.813008 -1.521031 0.000000
      vertex -0.972248 -1.455072 0.000000
      vertex -1.094125 -1.333195 0.000000
    endloop
  endfacet
  facet normal 0.000000 0.000000 -1.000000
    outer loop
      vertex -1.716374 -0.169048 0.000000
      vertex -1.650415 -0.500648 0.000000
      vertex -1.716374 -0.341408 0.000000
    endloop
  endfacet
  facet normal 0.000000 0.000000 -1.000000
    outer loop
      vertex -1.650415 0.500648 0.000000
      vertex -1.716374 0.169048 0.000000
      vertex -1.716374 0.341408 0.000000
    endloop
  endfacet
  facet normal 0.000000 0.000000 -1.000000
    outer loop
      vertex -1.333195 1.094125 0.000000
      vertex -1.521031 0.813008 0.000000
      vertex -1.455072 0.972248 0.000000
    endloop
  endfacet
  facet normal 0.000000 0.000000 -1.000000
    outer loop
      vertex -0.813008 1.521031 0.000000
      vertex -1.094125 1.333195 0.000000
      vertex -0.972248 1.455072 0.000000
    endloop
  endfacet
  facet normal 0.000000 0.000000 -1.000000
    outer loop
      vertex -0.169048 1.716374 0.000000
      vertex -0.500648 1.650415 0.000000
      vertex -0.341408 1.716374 0.000000
    endloop
  endfacet
  facet normal 0.000000 0.000000 -1.000000
    outer loop
      vertex 0.500648 1.650415 0.000000
      vertex 0.169048 1.716374 0.000000
      vertex 0.341408 1.716374 0.000000
    endloop
  endfacet
  facet normal 0.000000 0.000000 -1.000000
    outer loop
      vertex 1.094125 1.333195 0.000000
      vertex 0.813008 1.521031 0.000000
      vertex 0.972248 1.455072 0.000000
    endloop
  endfacet
  facet normal 0.000000 0.000000 -1.000000
    outer loop
      vertex 1.333195 1.094125 0.000000
      vertex 1.455072 0.972248 0.000000
      vertex 1.521031 0.813008 0.000000
    endloop
  endfacet
  facet normal 0.000000 0.000000 -1.000000
    outer loop
      vertex 1.650415 0.500648 0.000000
      vertex 1.716374 0.341408 0.000000
      vertex 1.716374 0.169048 0.000000
    endloop
  endfacet
  facet normal 0.000000 0.000000 -1.000000
    outer loop
      vertex 1.716374 -0.169048 0.000000
      vertex 1.716374 -0.341408 0.000000
      vertex 1.650415 -0.500648 0.000000
    endloop
  endfacet
  facet normal 0.000000 0.000000 -1.000000
    outer loop
      vertex 1.521031 -0.813008 0.000000
      vertex 1.455072 -0.972248 0.000000
      vertex 1.333195 -1.094125 0.000000
    endloop
  endfacet
  facet normal 0.000000 0.000000 -1.000000
    outer loop
      vertex 1.094125 -1.333195 0.000000
      vertex 0.972248 -1.455072 0.000000
      vertex 0.813008 -1.521031 0.000000
    endloop
  endfacet
  facet normal 0.000000 0.000000 -1.000000
    outer loop
      vertex 0.500648 -1.650415 0.000000
      vertex 0.341408 -1.716374 0.000000
      vertex 0.169048 -1.716374 0.000000
    endloop
  endfacet
  facet normal 0.000000 0.000000 -1.000000
    outer loop
      vertex 1.500000 -0.000000 0.000000
      vertex 1.060660 1.060660 0.000000
      vertex 1.385819 0.574025 0.000000
    endloop
  endfacet
  facet normal 0.000000 0.000000 -1.000000
    outer loop
      vertex 0.000000 1.500000 0.000000
      vertex 0.574025 1.385819 0.000000
      vertex 1.060660 1.060660 0.000000
    endloop
  endfacet
  facet normal 0.000000 0.000000 -1.000000
    outer loop
      vertex -0.574025 1.385819 0.000000
      vertex 0.000000 1.500000 0.000000
      vertex 1.060660 1.060660 0.000000
    endloop
  endfacet
  facet normal 0.000000 0.000000 -1.000000
    outer loop
      vertex -1.060660 1.060660 0.000000
      vertex -0.574025 1.385819 0.000000
      vertex 1.060660 1.060660 0.000000
    endloop
  endfacet
  facet normal 0.000000 0.000000 -1.000000
    outer loop
      vertex -1.385819 0.574025 0.000000
      vertex -1.060660 1.060660 0.000000
      vertex 1.060660 1.060660 0.000000
    endloop
  endfacet
  facet normal 0.000000 0.000000 -1.000000
    outer loop
      vertex -1.500000 0.000000 0.000000
      vertex -1.385819 0.574025 0.000000
      vertex 1.060660 1.060660 0.000000
    endloop
  endfacet
  facet normal 0.000000 0.000000 -1.000000
    outer loop
      vertex -1.385819 -0.574025 0.000000
      vertex -1.500000 0.000000 0.000000
      vertex 1.060660 1.060660 0.000000
    endloop
  endfacet
  facet normal 0.000000 0.000000 -1.000000
    outer loop
      vertex -1.060660 -1.060660 0.000000
      vertex -1.385819 -0.574025 0.000000
      vertex 1.060660 1.060660 0.000000
    endloop
  endfacet
  facet normal 0.000000 0.000000 -1.000000
    outer loop
      vertex -0.574025 -1.385819 0.000000
      vertex -1.060660 -1.060660 0.000000
      vertex 1.060660 1.060660 0.000000
    endloop
  endfacet
  facet normal 0.000000 0.000000 -1.000000
    outer loop
      vertex 0.000000 -1.500000 0.000000
      vertex -0.574025 -1.385819 0.000000
      vertex 1.060660 1.060660 0.000000
    endloop
  endfacet
  facet normal 0.000000 0.000000 -1.000000
    outer loop
      vertex 0.574025 -1.385819 0.000000
      vertex 0.000000 -1.500000 0.000000
      vertex 1.060660 1.060660 0.000000
    endloop
  endfacet
  facet normal 0.000000 0.000000 -1.000000
    outer loop
      vertex 1.060660 -1.060660 0.000000
      vertex 0.574025 -1.385819 0.000000
      vertex 1.060660 1.060660 0.000000
    endloop
  endfacet
  facet normal 0.000000 0.000000 -1.000000
    outer loop
      vertex 1.385819 -0.574025 0.000000
      vertex 1.060660 -1.060660 0.000000
      vertex 1.060660 1.060660 0.000000
    endloop
  endfacet
  facet normal 0.000000 0.000000 -1.000000
    outer loop
      vertex 1.500000 -0.000000 0.000000
      vertex 1.385819 -0.574025 0.000000
      vertex 1.060660 1.060660 0.000000
    endloop
  endfacet
endsolid mug.r
